[2026-08-24T22:04:16.031+0000] {processor.py:161} INFO - Started process (PID=298) to work on /opt/airflow/dags/dag_previsao_demanda.py
[2026-08-24T22:04:16.032+0000] {processor.py:830} INFO - Processing file /opt/airflow/dags/dag_previsao_demanda.py for tasks to queue
[2026-08-24T22:04:16.035+0000] {logging_mixin.py:188} INFO - [2026-08-24T22:04:16.034+0000] {dagbag.py:545} INFO - Filling up the DagBag from /opt/airflow/dags/dag_previsao_demanda.py
[2026-08-24T22:04:19.355+0000] {logging_mixin.py:188} INFO - [2026-08-24T22:04:19.349+0000] {dagbag.py:355} ERROR - Failed to import: /opt/airflow/dags/dag_previsao_demanda.py
Traceback (most recent call last):
  File "/home/airflow/.local/lib/python3.10/site-packages/airflow/models/dagbag.py", line 351, in parse
    loader.exec_module(new_module)
  File "<frozen importlib._bootstrap_external>", line 883, in exec_module
  File "<frozen importlib._bootstrap>", line 241, in _call_with_frames_removed
  File "/opt/airflow/dags/dag_previsao_demanda.py", line 14, in <module>
    import flaml
  File "/home/airflow/.local/lib/python3.10/site-packages/flaml/__init__.py", line 5, in <module>
    from flaml.automl import AutoML, logger_formatter
  File "/home/airflow/.local/lib/python3.10/site-packages/flaml/automl/__init__.py", line 4, in <module>
    from flaml.automl.automl import AutoML, size
  File "/home/airflow/.local/lib/python3.10/site-packages/flaml/automl/automl.py", line 22, in <module>
    from flaml.automl.ml import huggingface_metric_to_mode, sklearn_metric_name_set, spark_metric_name_dict, train_estimator
  File "/home/airflow/.local/lib/python3.10/site-packages/flaml/automl/ml.py", line 12, in <module>
    from flaml.automl.model import BaseEstimator, TransformersEstimator
  File "/home/airflow/.local/lib/python3.10/site-packages/flaml/automl/model.py", line 70, in <module>
    from lightgbm import LGBMClassifier, LGBMRanker, LGBMRegressor
  File "/home/airflow/.local/lib/python3.10/site-packages/lightgbm/__init__.py", line 11, in <module>
    from .basic import Booster, Dataset, EvalResult, Sequence, register_logger
  File "/home/airflow/.local/lib/python3.10/site-packages/lightgbm/basic.py", line 9, in <module>
    from .libpath import _LIB  # isort: skip
  File "/home/airflow/.local/lib/python3.10/site-packages/lightgbm/libpath.py", line 49, in <module>
    _LIB = ctypes.cdll.LoadLibrary(_find_lib_path()[0])
  File "/usr/local/lib/python3.10/ctypes/__init__.py", line 452, in LoadLibrary
    return self._dlltype(name)
  File "/usr/local/lib/python3.10/ctypes/__init__.py", line 374, in __init__
    self._handle = _dlopen(self._name, mode)
OSError: libgomp.so.1: cannot open shared object file: No such file or directory
[2026-08-24T22:04:19.357+0000] {processor.py:842} WARNING - No viable dags retrieved from /opt/airflow/dags/dag_previsao_demanda.py
[2026-08-24T22:04:19.392+0000] {processor.py:183} INFO - Processing /opt/airflow/dags/dag_previsao_demanda.py took 3.373 seconds
[2026-08-24T22:04:49.665+0000] {processor.py:161} INFO - Started process (PID=313) to work on /opt/airflow/dags/dag_previsao_demanda.py
[2026-08-24T22:04:49.666+0000] {processor.py:830} INFO - Processing file /opt/airflow/dags/dag_previsao_demanda.py for tasks to queue
[2026-08-24T22:04:49.668+0000] {logging_mixin.py:188} INFO - [2026-08-24T22:04:49.668+0000] {dagbag.py:545} INFO - Filling up the DagBag from /opt/airflow/dags/dag_previsao_demanda.py
[2026-08-24T22:04:52.472+0000] {logging_mixin.py:188} INFO - [2026-08-24T22:04:52.465+0000] {dagbag.py:355} ERROR - Failed to import: /opt/airflow/dags/dag_previsao_demanda.py
Traceback (most recent call last):
  File "/home/airflow/.local/lib/python3.10/site-packages/airflow/models/dagbag.py", line 351, in parse
    loader.exec_module(new_module)
  File "<frozen importlib._bootstrap_external>", line 883, in exec_module
  File "<frozen importlib._bootstrap>", line 241, in _call_with_frames_removed
  File "/opt/airflow/dags/dag_previsao_demanda.py", line 14, in <module>
    import flaml
  File "/home/airflow/.local/lib/python3.10/site-packages/flaml/__init__.py", line 5, in <module>
    from flaml.automl import AutoML, logger_formatter
  File "/home/airflow/.local/lib/python3.10/site-packages/flaml/automl/__init__.py", line 4, in <module>
    from flaml.automl.automl import AutoML, size
  File "/home/airflow/.local/lib/python3.10/site-packages/flaml/automl/automl.py", line 22, in <module>
    from flaml.automl.ml import huggingface_metric_to_mode, sklearn_metric_name_set, spark_metric_name_dict, train_estimator
  File "/home/airflow/.local/lib/python3.10/site-packages/flaml/automl/ml.py", line 12, in <module>
    from flaml.automl.model import BaseEstimator, TransformersEstimator
  File "/home/airflow/.local/lib/python3.10/site-packages/flaml/automl/model.py", line 70, in <module>
    from lightgbm import LGBMClassifier, LGBMRanker, LGBMRegressor
  File "/home/airflow/.local/lib/python3.10/site-packages/lightgbm/__init__.py", line 11, in <module>
    from .basic import Booster, Dataset, EvalResult, Sequence, register_logger
  File "/home/airflow/.local/lib/python3.10/site-packages/lightgbm/basic.py", line 9, in <module>
    from .libpath import _LIB  # isort: skip
  File "/home/airflow/.local/lib/python3.10/site-packages/lightgbm/libpath.py", line 49, in <module>
    _LIB = ctypes.cdll.LoadLibrary(_find_lib_path()[0])
  File "/usr/local/lib/python3.10/ctypes/__init__.py", line 452, in LoadLibrary
    return self._dlltype(name)
  File "/usr/local/lib/python3.10/ctypes/__init__.py", line 374, in __init__
    self._handle = _dlopen(self._name, mode)
OSError: libgomp.so.1: cannot open shared object file: No such file or directory
[2026-08-24T22:04:52.475+0000] {processor.py:842} WARNING - No viable dags retrieved from /opt/airflow/dags/dag_previsao_demanda.py
[2026-08-24T22:04:52.515+0000] {processor.py:183} INFO - Processing /opt/airflow/dags/dag_previsao_demanda.py took 2.858 seconds
[2026-08-24T22:05:22.884+0000] {processor.py:161} INFO - Started process (PID=328) to work on /opt/airflow/dags/dag_previsao_demanda.py
[2026-08-24T22:05:22.887+0000] {processor.py:830} INFO - Processing file /opt/airflow/dags/dag_previsao_demanda.py for tasks to queue
[2026-08-24T22:05:22.892+0000] {logging_mixin.py:188} INFO - [2026-08-24T22:05:22.891+0000] {dagbag.py:545} INFO - Filling up the DagBag from /opt/airflow/dags/dag_previsao_demanda.py
[2026-08-24T22:05:25.699+0000] {logging_mixin.py:188} INFO - [2026-08-24T22:05:25.693+0000] {dagbag.py:355} ERROR - Failed to import: /opt/airflow/dags/dag_previsao_demanda.py
Traceback (most recent call last):
  File "/home/airflow/.local/lib/python3.10/site-packages/airflow/models/dagbag.py", line 351, in parse
    loader.exec_module(new_module)
  File "<frozen importlib._bootstrap_external>", line 883, in exec_module
  File "<frozen importlib._bootstrap>", line 241, in _call_with_frames_removed
  File "/opt/airflow/dags/dag_previsao_demanda.py", line 14, in <module>
    import flaml
  File "/home/airflow/.local/lib/python3.10/site-packages/flaml/__init__.py", line 5, in <module>
    from flaml.automl import AutoML, logger_formatter
  File "/home/airflow/.local/lib/python3.10/site-packages/flaml/automl/__init__.py", line 4, in <module>
    from flaml.automl.automl import AutoML, size
  File "/home/airflow/.local/lib/python3.10/site-packages/flaml/automl/automl.py", line 22, in <module>
    from flaml.automl.ml import huggingface_metric_to_mode, sklearn_metric_name_set, spark_metric_name_dict, train_estimator
  File "/home/airflow/.local/lib/python3.10/site-packages/flaml/automl/ml.py", line 12, in <module>
    from flaml.automl.model import BaseEstimator, TransformersEstimator
  File "/home/airflow/.local/lib/python3.10/site-packages/flaml/automl/model.py", line 70, in <module>
    from lightgbm import LGBMClassifier, LGBMRanker, LGBMRegressor
  File "/home/airflow/.local/lib/python3.10/site-packages/lightgbm/__init__.py", line 11, in <module>
    from .basic import Booster, Dataset, EvalResult, Sequence, register_logger
  File "/home/airflow/.local/lib/python3.10/site-packages/lightgbm/basic.py", line 9, in <module>
    from .libpath import _LIB  # isort: skip
  File "/home/airflow/.local/lib/python3.10/site-packages/lightgbm/libpath.py", line 49, in <module>
    _LIB = ctypes.cdll.LoadLibrary(_find_lib_path()[0])
  File "/usr/local/lib/python3.10/ctypes/__init__.py", line 452, in LoadLibrary
    return self._dlltype(name)
  File "/usr/local/lib/python3.10/ctypes/__init__.py", line 374, in __init__
    self._handle = _dlopen(self._name, mode)
OSError: libgomp.so.1: cannot open shared object file: No such file or directory
[2026-08-24T22:05:25.702+0000] {processor.py:842} WARNING - No viable dags retrieved from /opt/airflow/dags/dag_previsao_demanda.py
[2026-08-24T22:05:25.729+0000] {processor.py:183} INFO - Processing /opt/airflow/dags/dag_previsao_demanda.py took 2.860 seconds
[2026-08-24T22:05:56.133+0000] {processor.py:161} INFO - Started process (PID=343) to work on /opt/airflow/dags/dag_previsao_demanda.py
[2026-08-24T22:05:56.135+0000] {processor.py:830} INFO - Processing file /opt/airflow/dags/dag_previsao_demanda.py for tasks to queue
[2026-08-24T22:05:56.137+0000] {logging_mixin.py:188} INFO - [2026-08-24T22:05:56.137+0000] {dagbag.py:545} INFO - Filling up the DagBag from /opt/airflow/dags/dag_previsao_demanda.py
[2026-08-24T22:05:58.870+0000] {logging_mixin.py:188} INFO - [2026-08-24T22:05:58.864+0000] {dagbag.py:355} ERROR - Failed to import: /opt/airflow/dags/dag_previsao_demanda.py
Traceback (most recent call last):
  File "/home/airflow/.local/lib/python3.10/site-packages/airflow/models/dagbag.py", line 351, in parse
    loader.exec_module(new_module)
  File "<frozen importlib._bootstrap_external>", line 883, in exec_module
  File "<frozen importlib._bootstrap>", line 241, in _call_with_frames_removed
  File "/opt/airflow/dags/dag_previsao_demanda.py", line 14, in <module>
    import flaml
  File "/home/airflow/.local/lib/python3.10/site-packages/flaml/__init__.py", line 5, in <module>
    from flaml.automl import AutoML, logger_formatter
  File "/home/airflow/.local/lib/python3.10/site-packages/flaml/automl/__init__.py", line 4, in <module>
    from flaml.automl.automl import AutoML, size
  File "/home/airflow/.local/lib/python3.10/site-packages/flaml/automl/automl.py", line 22, in <module>
    from flaml.automl.ml import huggingface_metric_to_mode, sklearn_metric_name_set, spark_metric_name_dict, train_estimator
  File "/home/airflow/.local/lib/python3.10/site-packages/flaml/automl/ml.py", line 12, in <module>
    from flaml.automl.model import BaseEstimator, TransformersEstimator
  File "/home/airflow/.local/lib/python3.10/site-packages/flaml/automl/model.py", line 70, in <module>
    from lightgbm import LGBMClassifier, LGBMRanker, LGBMRegressor
  File "/home/airflow/.local/lib/python3.10/site-packages/lightgbm/__init__.py", line 11, in <module>
    from .basic import Booster, Dataset, EvalResult, Sequence, register_logger
  File "/home/airflow/.local/lib/python3.10/site-packages/lightgbm/basic.py", line 9, in <module>
    from .libpath import _LIB  # isort: skip
  File "/home/airflow/.local/lib/python3.10/site-packages/lightgbm/libpath.py", line 49, in <module>
    _LIB = ctypes.cdll.LoadLibrary(_find_lib_path()[0])
  File "/usr/local/lib/python3.10/ctypes/__init__.py", line 452, in LoadLibrary
    return self._dlltype(name)
  File "/usr/local/lib/python3.10/ctypes/__init__.py", line 374, in __init__
    self._handle = _dlopen(self._name, mode)
OSError: libgomp.so.1: cannot open shared object file: No such file or directory
[2026-08-24T22:05:58.872+0000] {processor.py:842} WARNING - No viable dags retrieved from /opt/airflow/dags/dag_previsao_demanda.py
[2026-08-24T22:05:58.902+0000] {processor.py:183} INFO - Processing /opt/airflow/dags/dag_previsao_demanda.py took 2.779 seconds
[2026-08-24T22:06:29.190+0000] {processor.py:161} INFO - Started process (PID=358) to work on /opt/airflow/dags/dag_previsao_demanda.py
[2026-08-24T22:06:29.193+0000] {processor.py:830} INFO - Processing file /opt/airflow/dags/dag_previsao_demanda.py for tasks to queue
[2026-08-24T22:06:29.195+0000] {logging_mixin.py:188} INFO - [2026-08-24T22:06:29.194+0000] {dagbag.py:545} INFO - Filling up the DagBag from /opt/airflow/dags/dag_previsao_demanda.py
[2026-08-24T22:06:31.743+0000] {logging_mixin.py:188} INFO - [2026-08-24T22:06:31.738+0000] {dagbag.py:355} ERROR - Failed to import: /opt/airflow/dags/dag_previsao_demanda.py
Traceback (most recent call last):
  File "/home/airflow/.local/lib/python3.10/site-packages/airflow/models/dagbag.py", line 351, in parse
    loader.exec_module(new_module)
  File "<frozen importlib._bootstrap_external>", line 883, in exec_module
  File "<frozen importlib._bootstrap>", line 241, in _call_with_frames_removed
  File "/opt/airflow/dags/dag_previsao_demanda.py", line 14, in <module>
    import flaml
  File "/home/airflow/.local/lib/python3.10/site-packages/flaml/__init__.py", line 5, in <module>
    from flaml.automl import AutoML, logger_formatter
  File "/home/airflow/.local/lib/python3.10/site-packages/flaml/automl/__init__.py", line 4, in <module>
    from flaml.automl.automl import AutoML, size
  File "/home/airflow/.local/lib/python3.10/site-packages/flaml/automl/automl.py", line 22, in <module>
    from flaml.automl.ml import huggingface_metric_to_mode, sklearn_metric_name_set, spark_metric_name_dict, train_estimator
  File "/home/airflow/.local/lib/python3.10/site-packages/flaml/automl/ml.py", line 12, in <module>
    from flaml.automl.model import BaseEstimator, TransformersEstimator
  File "/home/airflow/.local/lib/python3.10/site-packages/flaml/automl/model.py", line 70, in <module>
    from lightgbm import LGBMClassifier, LGBMRanker, LGBMRegressor
  File "/home/airflow/.local/lib/python3.10/site-packages/lightgbm/__init__.py", line 11, in <module>
    from .basic import Booster, Dataset, EvalResult, Sequence, register_logger
  File "/home/airflow/.local/lib/python3.10/site-packages/lightgbm/basic.py", line 9, in <module>
    from .libpath import _LIB  # isort: skip
  File "/home/airflow/.local/lib/python3.10/site-packages/lightgbm/libpath.py", line 49, in <module>
    _LIB = ctypes.cdll.LoadLibrary(_find_lib_path()[0])
  File "/usr/local/lib/python3.10/ctypes/__init__.py", line 452, in LoadLibrary
    return self._dlltype(name)
  File "/usr/local/lib/python3.10/ctypes/__init__.py", line 374, in __init__
    self._handle = _dlopen(self._name, mode)
OSError: libgomp.so.1: cannot open shared object file: No such file or directory
[2026-08-24T22:06:31.745+0000] {processor.py:842} WARNING - No viable dags retrieved from /opt/airflow/dags/dag_previsao_demanda.py
[2026-08-24T22:06:31.766+0000] {processor.py:183} INFO - Processing /opt/airflow/dags/dag_previsao_demanda.py took 2.589 seconds
[2026-08-24T22:07:02.031+0000] {processor.py:161} INFO - Started process (PID=373) to work on /opt/airflow/dags/dag_previsao_demanda.py
[2026-08-24T22:07:02.033+0000] {processor.py:830} INFO - Processing file /opt/airflow/dags/dag_previsao_demanda.py for tasks to queue
[2026-08-24T22:07:02.036+0000] {logging_mixin.py:188} INFO - [2026-08-24T22:07:02.035+0000] {dagbag.py:545} INFO - Filling up the DagBag from /opt/airflow/dags/dag_previsao_demanda.py
[2026-08-24T22:07:05.245+0000] {logging_mixin.py:188} INFO - [2026-08-24T22:07:05.235+0000] {dagbag.py:355} ERROR - Failed to import: /opt/airflow/dags/dag_previsao_demanda.py
Traceback (most recent call last):
  File "/home/airflow/.local/lib/python3.10/site-packages/airflow/models/dagbag.py", line 351, in parse
    loader.exec_module(new_module)
  File "<frozen importlib._bootstrap_external>", line 883, in exec_module
  File "<frozen importlib._bootstrap>", line 241, in _call_with_frames_removed
  File "/opt/airflow/dags/dag_previsao_demanda.py", line 14, in <module>
    import flaml
  File "/home/airflow/.local/lib/python3.10/site-packages/flaml/__init__.py", line 5, in <module>
    from flaml.automl import AutoML, logger_formatter
  File "/home/airflow/.local/lib/python3.10/site-packages/flaml/automl/__init__.py", line 4, in <module>
    from flaml.automl.automl import AutoML, size
  File "/home/airflow/.local/lib/python3.10/site-packages/flaml/automl/automl.py", line 22, in <module>
    from flaml.automl.ml import huggingface_metric_to_mode, sklearn_metric_name_set, spark_metric_name_dict, train_estimator
  File "/home/airflow/.local/lib/python3.10/site-packages/flaml/automl/ml.py", line 12, in <module>
    from flaml.automl.model import BaseEstimator, TransformersEstimator
  File "/home/airflow/.local/lib/python3.10/site-packages/flaml/automl/model.py", line 70, in <module>
    from lightgbm import LGBMClassifier, LGBMRanker, LGBMRegressor
  File "/home/airflow/.local/lib/python3.10/site-packages/lightgbm/__init__.py", line 11, in <module>
    from .basic import Booster, Dataset, EvalResult, Sequence, register_logger
  File "/home/airflow/.local/lib/python3.10/site-packages/lightgbm/basic.py", line 9, in <module>
    from .libpath import _LIB  # isort: skip
  File "/home/airflow/.local/lib/python3.10/site-packages/lightgbm/libpath.py", line 49, in <module>
    _LIB = ctypes.cdll.LoadLibrary(_find_lib_path()[0])
  File "/usr/local/lib/python3.10/ctypes/__init__.py", line 452, in LoadLibrary
    return self._dlltype(name)
  File "/usr/local/lib/python3.10/ctypes/__init__.py", line 374, in __init__
    self._handle = _dlopen(self._name, mode)
OSError: libgomp.so.1: cannot open shared object file: No such file or directory
[2026-08-24T22:07:05.249+0000] {processor.py:842} WARNING - No viable dags retrieved from /opt/airflow/dags/dag_previsao_demanda.py
[2026-08-24T22:07:05.291+0000] {processor.py:183} INFO - Processing /opt/airflow/dags/dag_previsao_demanda.py took 3.274 seconds
[2026-08-24T22:07:35.577+0000] {processor.py:161} INFO - Started process (PID=388) to work on /opt/airflow/dags/dag_previsao_demanda.py
[2026-08-24T22:07:35.578+0000] {processor.py:830} INFO - Processing file /opt/airflow/dags/dag_previsao_demanda.py for tasks to queue
[2026-08-24T22:07:35.581+0000] {logging_mixin.py:188} INFO - [2026-08-24T22:07:35.580+0000] {dagbag.py:545} INFO - Filling up the DagBag from /opt/airflow/dags/dag_previsao_demanda.py
[2026-08-24T22:07:38.282+0000] {logging_mixin.py:188} INFO - [2026-08-24T22:07:38.273+0000] {dagbag.py:355} ERROR - Failed to import: /opt/airflow/dags/dag_previsao_demanda.py
Traceback (most recent call last):
  File "/home/airflow/.local/lib/python3.10/site-packages/airflow/models/dagbag.py", line 351, in parse
    loader.exec_module(new_module)
  File "<frozen importlib._bootstrap_external>", line 883, in exec_module
  File "<frozen importlib._bootstrap>", line 241, in _call_with_frames_removed
  File "/opt/airflow/dags/dag_previsao_demanda.py", line 14, in <module>
    import flaml
  File "/home/airflow/.local/lib/python3.10/site-packages/flaml/__init__.py", line 5, in <module>
    from flaml.automl import AutoML, logger_formatter
  File "/home/airflow/.local/lib/python3.10/site-packages/flaml/automl/__init__.py", line 4, in <module>
    from flaml.automl.automl import AutoML, size
  File "/home/airflow/.local/lib/python3.10/site-packages/flaml/automl/automl.py", line 22, in <module>
    from flaml.automl.ml import huggingface_metric_to_mode, sklearn_metric_name_set, spark_metric_name_dict, train_estimator
  File "/home/airflow/.local/lib/python3.10/site-packages/flaml/automl/ml.py", line 12, in <module>
    from flaml.automl.model import BaseEstimator, TransformersEstimator
  File "/home/airflow/.local/lib/python3.10/site-packages/flaml/automl/model.py", line 70, in <module>
    from lightgbm import LGBMClassifier, LGBMRanker, LGBMRegressor
  File "/home/airflow/.local/lib/python3.10/site-packages/lightgbm/__init__.py", line 11, in <module>
    from .basic import Booster, Dataset, EvalResult, Sequence, register_logger
  File "/home/airflow/.local/lib/python3.10/site-packages/lightgbm/basic.py", line 9, in <module>
    from .libpath import _LIB  # isort: skip
  File "/home/airflow/.local/lib/python3.10/site-packages/lightgbm/libpath.py", line 49, in <module>
    _LIB = ctypes.cdll.LoadLibrary(_find_lib_path()[0])
  File "/usr/local/lib/python3.10/ctypes/__init__.py", line 452, in LoadLibrary
    return self._dlltype(name)
  File "/usr/local/lib/python3.10/ctypes/__init__.py", line 374, in __init__
    self._handle = _dlopen(self._name, mode)
OSError: libgomp.so.1: cannot open shared object file: No such file or directory
[2026-08-24T22:07:38.284+0000] {processor.py:842} WARNING - No viable dags retrieved from /opt/airflow/dags/dag_previsao_demanda.py
[2026-08-24T22:07:38.311+0000] {processor.py:183} INFO - Processing /opt/airflow/dags/dag_previsao_demanda.py took 2.745 seconds
[2026-08-24T22:08:08.588+0000] {processor.py:161} INFO - Started process (PID=403) to work on /opt/airflow/dags/dag_previsao_demanda.py
[2026-08-24T22:08:08.592+0000] {processor.py:830} INFO - Processing file /opt/airflow/dags/dag_previsao_demanda.py for tasks to queue
[2026-08-24T22:08:08.595+0000] {logging_mixin.py:188} INFO - [2026-08-24T22:08:08.595+0000] {dagbag.py:545} INFO - Filling up the DagBag from /opt/airflow/dags/dag_previsao_demanda.py
[2026-08-24T22:08:12.578+0000] {logging_mixin.py:188} INFO - [2026-08-24T22:08:12.573+0000] {dagbag.py:355} ERROR - Failed to import: /opt/airflow/dags/dag_previsao_demanda.py
Traceback (most recent call last):
  File "/home/airflow/.local/lib/python3.10/site-packages/airflow/models/dagbag.py", line 351, in parse
    loader.exec_module(new_module)
  File "<frozen importlib._bootstrap_external>", line 883, in exec_module
  File "<frozen importlib._bootstrap>", line 241, in _call_with_frames_removed
  File "/opt/airflow/dags/dag_previsao_demanda.py", line 14, in <module>
    import flaml
  File "/home/airflow/.local/lib/python3.10/site-packages/flaml/__init__.py", line 5, in <module>
    from flaml.automl import AutoML, logger_formatter
  File "/home/airflow/.local/lib/python3.10/site-packages/flaml/automl/__init__.py", line 4, in <module>
    from flaml.automl.automl import AutoML, size
  File "/home/airflow/.local/lib/python3.10/site-packages/flaml/automl/automl.py", line 22, in <module>
    from flaml.automl.ml import huggingface_metric_to_mode, sklearn_metric_name_set, spark_metric_name_dict, train_estimator
  File "/home/airflow/.local/lib/python3.10/site-packages/flaml/automl/ml.py", line 12, in <module>
    from flaml.automl.model import BaseEstimator, TransformersEstimator
  File "/home/airflow/.local/lib/python3.10/site-packages/flaml/automl/model.py", line 70, in <module>
    from lightgbm import LGBMClassifier, LGBMRanker, LGBMRegressor
  File "/home/airflow/.local/lib/python3.10/site-packages/lightgbm/__init__.py", line 11, in <module>
    from .basic import Booster, Dataset, EvalResult, Sequence, register_logger
  File "/home/airflow/.local/lib/python3.10/site-packages/lightgbm/basic.py", line 9, in <module>
    from .libpath import _LIB  # isort: skip
  File "/home/airflow/.local/lib/python3.10/site-packages/lightgbm/libpath.py", line 49, in <module>
    _LIB = ctypes.cdll.LoadLibrary(_find_lib_path()[0])
  File "/usr/local/lib/python3.10/ctypes/__init__.py", line 452, in LoadLibrary
    return self._dlltype(name)
  File "/usr/local/lib/python3.10/ctypes/__init__.py", line 374, in __init__
    self._handle = _dlopen(self._name, mode)
OSError: libgomp.so.1: cannot open shared object file: No such file or directory
[2026-08-24T22:08:12.580+0000] {processor.py:842} WARNING - No viable dags retrieved from /opt/airflow/dags/dag_previsao_demanda.py
[2026-08-24T22:08:12.613+0000] {processor.py:183} INFO - Processing /opt/airflow/dags/dag_previsao_demanda.py took 4.037 seconds
[2026-08-24T22:08:42.886+0000] {processor.py:161} INFO - Started process (PID=422) to work on /opt/airflow/dags/dag_previsao_demanda.py
[2026-08-24T22:08:42.887+0000] {processor.py:830} INFO - Processing file /opt/airflow/dags/dag_previsao_demanda.py for tasks to queue
[2026-08-24T22:08:42.890+0000] {logging_mixin.py:188} INFO - [2026-08-24T22:08:42.889+0000] {dagbag.py:545} INFO - Filling up the DagBag from /opt/airflow/dags/dag_previsao_demanda.py
[2026-08-24T22:08:45.647+0000] {logging_mixin.py:188} INFO - [2026-08-24T22:08:45.642+0000] {dagbag.py:355} ERROR - Failed to import: /opt/airflow/dags/dag_previsao_demanda.py
Traceback (most recent call last):
  File "/home/airflow/.local/lib/python3.10/site-packages/airflow/models/dagbag.py", line 351, in parse
    loader.exec_module(new_module)
  File "<frozen importlib._bootstrap_external>", line 883, in exec_module
  File "<frozen importlib._bootstrap>", line 241, in _call_with_frames_removed
  File "/opt/airflow/dags/dag_previsao_demanda.py", line 14, in <module>
    import flaml
  File "/home/airflow/.local/lib/python3.10/site-packages/flaml/__init__.py", line 5, in <module>
    from flaml.automl import AutoML, logger_formatter
  File "/home/airflow/.local/lib/python3.10/site-packages/flaml/automl/__init__.py", line 4, in <module>
    from flaml.automl.automl import AutoML, size
  File "/home/airflow/.local/lib/python3.10/site-packages/flaml/automl/automl.py", line 22, in <module>
    from flaml.automl.ml import huggingface_metric_to_mode, sklearn_metric_name_set, spark_metric_name_dict, train_estimator
  File "/home/airflow/.local/lib/python3.10/site-packages/flaml/automl/ml.py", line 12, in <module>
    from flaml.automl.model import BaseEstimator, TransformersEstimator
  File "/home/airflow/.local/lib/python3.10/site-packages/flaml/automl/model.py", line 70, in <module>
    from lightgbm import LGBMClassifier, LGBMRanker, LGBMRegressor
  File "/home/airflow/.local/lib/python3.10/site-packages/lightgbm/__init__.py", line 11, in <module>
    from .basic import Booster, Dataset, EvalResult, Sequence, register_logger
  File "/home/airflow/.local/lib/python3.10/site-packages/lightgbm/basic.py", line 9, in <module>
    from .libpath import _LIB  # isort: skip
  File "/home/airflow/.local/lib/python3.10/site-packages/lightgbm/libpath.py", line 49, in <module>
    _LIB = ctypes.cdll.LoadLibrary(_find_lib_path()[0])
  File "/usr/local/lib/python3.10/ctypes/__init__.py", line 452, in LoadLibrary
    return self._dlltype(name)
  File "/usr/local/lib/python3.10/ctypes/__init__.py", line 374, in __init__
    self._handle = _dlopen(self._name, mode)
OSError: libgomp.so.1: cannot open shared object file: No such file or directory
[2026-08-24T22:08:45.649+0000] {processor.py:842} WARNING - No viable dags retrieved from /opt/airflow/dags/dag_previsao_demanda.py
[2026-08-24T22:08:45.670+0000] {processor.py:183} INFO - Processing /opt/airflow/dags/dag_previsao_demanda.py took 2.811 seconds
[2026-08-24T22:09:15.933+0000] {processor.py:161} INFO - Started process (PID=440) to work on /opt/airflow/dags/dag_previsao_demanda.py
[2026-08-24T22:09:15.935+0000] {processor.py:830} INFO - Processing file /opt/airflow/dags/dag_previsao_demanda.py for tasks to queue
[2026-08-24T22:09:15.937+0000] {logging_mixin.py:188} INFO - [2026-08-24T22:09:15.936+0000] {dagbag.py:545} INFO - Filling up the DagBag from /opt/airflow/dags/dag_previsao_demanda.py
[2026-08-24T22:09:18.980+0000] {logging_mixin.py:188} INFO - [2026-08-24T22:09:18.976+0000] {dagbag.py:355} ERROR - Failed to import: /opt/airflow/dags/dag_previsao_demanda.py
Traceback (most recent call last):
  File "/home/airflow/.local/lib/python3.10/site-packages/airflow/models/dagbag.py", line 351, in parse
    loader.exec_module(new_module)
  File "<frozen importlib._bootstrap_external>", line 883, in exec_module
  File "<frozen importlib._bootstrap>", line 241, in _call_with_frames_removed
  File "/opt/airflow/dags/dag_previsao_demanda.py", line 14, in <module>
    import flaml
  File "/home/airflow/.local/lib/python3.10/site-packages/flaml/__init__.py", line 5, in <module>
    from flaml.automl import AutoML, logger_formatter
  File "/home/airflow/.local/lib/python3.10/site-packages/flaml/automl/__init__.py", line 4, in <module>
    from flaml.automl.automl import AutoML, size
  File "/home/airflow/.local/lib/python3.10/site-packages/flaml/automl/automl.py", line 22, in <module>
    from flaml.automl.ml import huggingface_metric_to_mode, sklearn_metric_name_set, spark_metric_name_dict, train_estimator
  File "/home/airflow/.local/lib/python3.10/site-packages/flaml/automl/ml.py", line 12, in <module>
    from flaml.automl.model import BaseEstimator, TransformersEstimator
  File "/home/airflow/.local/lib/python3.10/site-packages/flaml/automl/model.py", line 70, in <module>
    from lightgbm import LGBMClassifier, LGBMRanker, LGBMRegressor
  File "/home/airflow/.local/lib/python3.10/site-packages/lightgbm/__init__.py", line 11, in <module>
    from .basic import Booster, Dataset, EvalResult, Sequence, register_logger
  File "/home/airflow/.local/lib/python3.10/site-packages/lightgbm/basic.py", line 9, in <module>
    from .libpath import _LIB  # isort: skip
  File "/home/airflow/.local/lib/python3.10/site-packages/lightgbm/libpath.py", line 49, in <module>
    _LIB = ctypes.cdll.LoadLibrary(_find_lib_path()[0])
  File "/usr/local/lib/python3.10/ctypes/__init__.py", line 452, in LoadLibrary
    return self._dlltype(name)
  File "/usr/local/lib/python3.10/ctypes/__init__.py", line 374, in __init__
    self._handle = _dlopen(self._name, mode)
OSError: libgomp.so.1: cannot open shared object file: No such file or directory
[2026-08-24T22:09:18.982+0000] {processor.py:842} WARNING - No viable dags retrieved from /opt/airflow/dags/dag_previsao_demanda.py
[2026-08-24T22:09:19.003+0000] {processor.py:183} INFO - Processing /opt/airflow/dags/dag_previsao_demanda.py took 3.078 seconds
[2026-08-24T22:09:49.256+0000] {processor.py:161} INFO - Started process (PID=455) to work on /opt/airflow/dags/dag_previsao_demanda.py
[2026-08-24T22:09:49.257+0000] {processor.py:830} INFO - Processing file /opt/airflow/dags/dag_previsao_demanda.py for tasks to queue
[2026-08-24T22:09:49.259+0000] {logging_mixin.py:188} INFO - [2026-08-24T22:09:49.259+0000] {dagbag.py:545} INFO - Filling up the DagBag from /opt/airflow/dags/dag_previsao_demanda.py
[2026-08-24T22:09:52.457+0000] {logging_mixin.py:188} INFO - [2026-08-24T22:09:52.450+0000] {dagbag.py:355} ERROR - Failed to import: /opt/airflow/dags/dag_previsao_demanda.py
Traceback (most recent call last):
  File "/home/airflow/.local/lib/python3.10/site-packages/airflow/models/dagbag.py", line 351, in parse
    loader.exec_module(new_module)
  File "<frozen importlib._bootstrap_external>", line 883, in exec_module
  File "<frozen importlib._bootstrap>", line 241, in _call_with_frames_removed
  File "/opt/airflow/dags/dag_previsao_demanda.py", line 14, in <module>
    import flaml
  File "/home/airflow/.local/lib/python3.10/site-packages/flaml/__init__.py", line 5, in <module>
    from flaml.automl import AutoML, logger_formatter
  File "/home/airflow/.local/lib/python3.10/site-packages/flaml/automl/__init__.py", line 4, in <module>
    from flaml.automl.automl import AutoML, size
  File "/home/airflow/.local/lib/python3.10/site-packages/flaml/automl/automl.py", line 22, in <module>
    from flaml.automl.ml import huggingface_metric_to_mode, sklearn_metric_name_set, spark_metric_name_dict, train_estimator
  File "/home/airflow/.local/lib/python3.10/site-packages/flaml/automl/ml.py", line 12, in <module>
    from flaml.automl.model import BaseEstimator, TransformersEstimator
  File "/home/airflow/.local/lib/python3.10/site-packages/flaml/automl/model.py", line 70, in <module>
    from lightgbm import LGBMClassifier, LGBMRanker, LGBMRegressor
  File "/home/airflow/.local/lib/python3.10/site-packages/lightgbm/__init__.py", line 11, in <module>
    from .basic import Booster, Dataset, EvalResult, Sequence, register_logger
  File "/home/airflow/.local/lib/python3.10/site-packages/lightgbm/basic.py", line 9, in <module>
    from .libpath import _LIB  # isort: skip
  File "/home/airflow/.local/lib/python3.10/site-packages/lightgbm/libpath.py", line 49, in <module>
    _LIB = ctypes.cdll.LoadLibrary(_find_lib_path()[0])
  File "/usr/local/lib/python3.10/ctypes/__init__.py", line 452, in LoadLibrary
    return self._dlltype(name)
  File "/usr/local/lib/python3.10/ctypes/__init__.py", line 374, in __init__
    self._handle = _dlopen(self._name, mode)
OSError: libgomp.so.1: cannot open shared object file: No such file or directory
[2026-08-24T22:09:52.458+0000] {processor.py:842} WARNING - No viable dags retrieved from /opt/airflow/dags/dag_previsao_demanda.py
[2026-08-24T22:09:52.491+0000] {processor.py:183} INFO - Processing /opt/airflow/dags/dag_previsao_demanda.py took 3.245 seconds
[2026-08-24T22:10:22.926+0000] {processor.py:161} INFO - Started process (PID=470) to work on /opt/airflow/dags/dag_previsao_demanda.py
[2026-08-24T22:10:22.928+0000] {processor.py:830} INFO - Processing file /opt/airflow/dags/dag_previsao_demanda.py for tasks to queue
[2026-08-24T22:10:22.933+0000] {logging_mixin.py:188} INFO - [2026-08-24T22:10:22.932+0000] {dagbag.py:545} INFO - Filling up the DagBag from /opt/airflow/dags/dag_previsao_demanda.py
[2026-08-24T22:10:25.860+0000] {logging_mixin.py:188} INFO - [2026-08-24T22:10:25.853+0000] {dagbag.py:355} ERROR - Failed to import: /opt/airflow/dags/dag_previsao_demanda.py
Traceback (most recent call last):
  File "/home/airflow/.local/lib/python3.10/site-packages/airflow/models/dagbag.py", line 351, in parse
    loader.exec_module(new_module)
  File "<frozen importlib._bootstrap_external>", line 883, in exec_module
  File "<frozen importlib._bootstrap>", line 241, in _call_with_frames_removed
  File "/opt/airflow/dags/dag_previsao_demanda.py", line 14, in <module>
    import flaml
  File "/home/airflow/.local/lib/python3.10/site-packages/flaml/__init__.py", line 5, in <module>
    from flaml.automl import AutoML, logger_formatter
  File "/home/airflow/.local/lib/python3.10/site-packages/flaml/automl/__init__.py", line 4, in <module>
    from flaml.automl.automl import AutoML, size
  File "/home/airflow/.local/lib/python3.10/site-packages/flaml/automl/automl.py", line 22, in <module>
    from flaml.automl.ml import huggingface_metric_to_mode, sklearn_metric_name_set, spark_metric_name_dict, train_estimator
  File "/home/airflow/.local/lib/python3.10/site-packages/flaml/automl/ml.py", line 12, in <module>
    from flaml.automl.model import BaseEstimator, TransformersEstimator
  File "/home/airflow/.local/lib/python3.10/site-packages/flaml/automl/model.py", line 70, in <module>
    from lightgbm import LGBMClassifier, LGBMRanker, LGBMRegressor
  File "/home/airflow/.local/lib/python3.10/site-packages/lightgbm/__init__.py", line 11, in <module>
    from .basic import Booster, Dataset, EvalResult, Sequence, register_logger
  File "/home/airflow/.local/lib/python3.10/site-packages/lightgbm/basic.py", line 9, in <module>
    from .libpath import _LIB  # isort: skip
  File "/home/airflow/.local/lib/python3.10/site-packages/lightgbm/libpath.py", line 49, in <module>
    _LIB = ctypes.cdll.LoadLibrary(_find_lib_path()[0])
  File "/usr/local/lib/python3.10/ctypes/__init__.py", line 452, in LoadLibrary
    return self._dlltype(name)
  File "/usr/local/lib/python3.10/ctypes/__init__.py", line 374, in __init__
    self._handle = _dlopen(self._name, mode)
OSError: libgomp.so.1: cannot open shared object file: No such file or directory
[2026-08-24T22:10:25.862+0000] {processor.py:842} WARNING - No viable dags retrieved from /opt/airflow/dags/dag_previsao_demanda.py
[2026-08-24T22:10:25.885+0000] {processor.py:183} INFO - Processing /opt/airflow/dags/dag_previsao_demanda.py took 2.971 seconds
[2026-08-24T22:10:56.206+0000] {processor.py:161} INFO - Started process (PID=485) to work on /opt/airflow/dags/dag_previsao_demanda.py
[2026-08-24T22:10:56.209+0000] {processor.py:830} INFO - Processing file /opt/airflow/dags/dag_previsao_demanda.py for tasks to queue
[2026-08-24T22:10:56.213+0000] {logging_mixin.py:188} INFO - [2026-08-24T22:10:56.212+0000] {dagbag.py:545} INFO - Filling up the DagBag from /opt/airflow/dags/dag_previsao_demanda.py
[2026-08-24T22:10:59.403+0000] {logging_mixin.py:188} INFO - [2026-08-24T22:10:59.396+0000] {dagbag.py:355} ERROR - Failed to import: /opt/airflow/dags/dag_previsao_demanda.py
Traceback (most recent call last):
  File "/home/airflow/.local/lib/python3.10/site-packages/airflow/models/dagbag.py", line 351, in parse
    loader.exec_module(new_module)
  File "<frozen importlib._bootstrap_external>", line 883, in exec_module
  File "<frozen importlib._bootstrap>", line 241, in _call_with_frames_removed
  File "/opt/airflow/dags/dag_previsao_demanda.py", line 14, in <module>
    import flaml
  File "/home/airflow/.local/lib/python3.10/site-packages/flaml/__init__.py", line 5, in <module>
    from flaml.automl import AutoML, logger_formatter
  File "/home/airflow/.local/lib/python3.10/site-packages/flaml/automl/__init__.py", line 4, in <module>
    from flaml.automl.automl import AutoML, size
  File "/home/airflow/.local/lib/python3.10/site-packages/flaml/automl/automl.py", line 22, in <module>
    from flaml.automl.ml import huggingface_metric_to_mode, sklearn_metric_name_set, spark_metric_name_dict, train_estimator
  File "/home/airflow/.local/lib/python3.10/site-packages/flaml/automl/ml.py", line 12, in <module>
    from flaml.automl.model import BaseEstimator, TransformersEstimator
  File "/home/airflow/.local/lib/python3.10/site-packages/flaml/automl/model.py", line 70, in <module>
    from lightgbm import LGBMClassifier, LGBMRanker, LGBMRegressor
  File "/home/airflow/.local/lib/python3.10/site-packages/lightgbm/__init__.py", line 11, in <module>
    from .basic import Booster, Dataset, EvalResult, Sequence, register_logger
  File "/home/airflow/.local/lib/python3.10/site-packages/lightgbm/basic.py", line 9, in <module>
    from .libpath import _LIB  # isort: skip
  File "/home/airflow/.local/lib/python3.10/site-packages/lightgbm/libpath.py", line 49, in <module>
    _LIB = ctypes.cdll.LoadLibrary(_find_lib_path()[0])
  File "/usr/local/lib/python3.10/ctypes/__init__.py", line 452, in LoadLibrary
    return self._dlltype(name)
  File "/usr/local/lib/python3.10/ctypes/__init__.py", line 374, in __init__
    self._handle = _dlopen(self._name, mode)
OSError: libgomp.so.1: cannot open shared object file: No such file or directory
[2026-08-24T22:10:59.404+0000] {processor.py:842} WARNING - No viable dags retrieved from /opt/airflow/dags/dag_previsao_demanda.py
[2026-08-24T22:10:59.433+0000] {processor.py:183} INFO - Processing /opt/airflow/dags/dag_previsao_demanda.py took 3.241 seconds
[2026-08-24T22:11:29.710+0000] {processor.py:161} INFO - Started process (PID=500) to work on /opt/airflow/dags/dag_previsao_demanda.py
[2026-08-24T22:11:29.711+0000] {processor.py:830} INFO - Processing file /opt/airflow/dags/dag_previsao_demanda.py for tasks to queue
[2026-08-24T22:11:29.713+0000] {logging_mixin.py:188} INFO - [2026-08-24T22:11:29.713+0000] {dagbag.py:545} INFO - Filling up the DagBag from /opt/airflow/dags/dag_previsao_demanda.py
[2026-08-24T22:11:32.156+0000] {logging_mixin.py:188} INFO - [2026-08-24T22:11:32.151+0000] {dagbag.py:355} ERROR - Failed to import: /opt/airflow/dags/dag_previsao_demanda.py
Traceback (most recent call last):
  File "/home/airflow/.local/lib/python3.10/site-packages/airflow/models/dagbag.py", line 351, in parse
    loader.exec_module(new_module)
  File "<frozen importlib._bootstrap_external>", line 883, in exec_module
  File "<frozen importlib._bootstrap>", line 241, in _call_with_frames_removed
  File "/opt/airflow/dags/dag_previsao_demanda.py", line 14, in <module>
    import flaml
  File "/home/airflow/.local/lib/python3.10/site-packages/flaml/__init__.py", line 5, in <module>
    from flaml.automl import AutoML, logger_formatter
  File "/home/airflow/.local/lib/python3.10/site-packages/flaml/automl/__init__.py", line 4, in <module>
    from flaml.automl.automl import AutoML, size
  File "/home/airflow/.local/lib/python3.10/site-packages/flaml/automl/automl.py", line 22, in <module>
    from flaml.automl.ml import huggingface_metric_to_mode, sklearn_metric_name_set, spark_metric_name_dict, train_estimator
  File "/home/airflow/.local/lib/python3.10/site-packages/flaml/automl/ml.py", line 12, in <module>
    from flaml.automl.model import BaseEstimator, TransformersEstimator
  File "/home/airflow/.local/lib/python3.10/site-packages/flaml/automl/model.py", line 70, in <module>
    from lightgbm import LGBMClassifier, LGBMRanker, LGBMRegressor
  File "/home/airflow/.local/lib/python3.10/site-packages/lightgbm/__init__.py", line 11, in <module>
    from .basic import Booster, Dataset, EvalResult, Sequence, register_logger
  File "/home/airflow/.local/lib/python3.10/site-packages/lightgbm/basic.py", line 9, in <module>
    from .libpath import _LIB  # isort: skip
  File "/home/airflow/.local/lib/python3.10/site-packages/lightgbm/libpath.py", line 49, in <module>
    _LIB = ctypes.cdll.LoadLibrary(_find_lib_path()[0])
  File "/usr/local/lib/python3.10/ctypes/__init__.py", line 452, in LoadLibrary
    return self._dlltype(name)
  File "/usr/local/lib/python3.10/ctypes/__init__.py", line 374, in __init__
    self._handle = _dlopen(self._name, mode)
OSError: libgomp.so.1: cannot open shared object file: No such file or directory
[2026-08-24T22:11:32.158+0000] {processor.py:842} WARNING - No viable dags retrieved from /opt/airflow/dags/dag_previsao_demanda.py
[2026-08-24T22:11:32.181+0000] {processor.py:183} INFO - Processing /opt/airflow/dags/dag_previsao_demanda.py took 2.479 seconds
[2026-08-24T22:12:02.447+0000] {processor.py:161} INFO - Started process (PID=515) to work on /opt/airflow/dags/dag_previsao_demanda.py
[2026-08-24T22:12:02.450+0000] {processor.py:830} INFO - Processing file /opt/airflow/dags/dag_previsao_demanda.py for tasks to queue
[2026-08-24T22:12:02.455+0000] {logging_mixin.py:188} INFO - [2026-08-24T22:12:02.454+0000] {dagbag.py:545} INFO - Filling up the DagBag from /opt/airflow/dags/dag_previsao_demanda.py
[2026-08-24T22:12:05.925+0000] {logging_mixin.py:188} INFO - [2026-08-24T22:12:05.916+0000] {dagbag.py:355} ERROR - Failed to import: /opt/airflow/dags/dag_previsao_demanda.py
Traceback (most recent call last):
  File "/home/airflow/.local/lib/python3.10/site-packages/airflow/models/dagbag.py", line 351, in parse
    loader.exec_module(new_module)
  File "<frozen importlib._bootstrap_external>", line 883, in exec_module
  File "<frozen importlib._bootstrap>", line 241, in _call_with_frames_removed
  File "/opt/airflow/dags/dag_previsao_demanda.py", line 14, in <module>
    import flaml
  File "/home/airflow/.local/lib/python3.10/site-packages/flaml/__init__.py", line 5, in <module>
    from flaml.automl import AutoML, logger_formatter
  File "/home/airflow/.local/lib/python3.10/site-packages/flaml/automl/__init__.py", line 4, in <module>
    from flaml.automl.automl import AutoML, size
  File "/home/airflow/.local/lib/python3.10/site-packages/flaml/automl/automl.py", line 22, in <module>
    from flaml.automl.ml import huggingface_metric_to_mode, sklearn_metric_name_set, spark_metric_name_dict, train_estimator
  File "/home/airflow/.local/lib/python3.10/site-packages/flaml/automl/ml.py", line 12, in <module>
    from flaml.automl.model import BaseEstimator, TransformersEstimator
  File "/home/airflow/.local/lib/python3.10/site-packages/flaml/automl/model.py", line 70, in <module>
    from lightgbm import LGBMClassifier, LGBMRanker, LGBMRegressor
  File "/home/airflow/.local/lib/python3.10/site-packages/lightgbm/__init__.py", line 11, in <module>
    from .basic import Booster, Dataset, EvalResult, Sequence, register_logger
  File "/home/airflow/.local/lib/python3.10/site-packages/lightgbm/basic.py", line 9, in <module>
    from .libpath import _LIB  # isort: skip
  File "/home/airflow/.local/lib/python3.10/site-packages/lightgbm/libpath.py", line 49, in <module>
    _LIB = ctypes.cdll.LoadLibrary(_find_lib_path()[0])
  File "/usr/local/lib/python3.10/ctypes/__init__.py", line 452, in LoadLibrary
    return self._dlltype(name)
  File "/usr/local/lib/python3.10/ctypes/__init__.py", line 374, in __init__
    self._handle = _dlopen(self._name, mode)
OSError: libgomp.so.1: cannot open shared object file: No such file or directory
[2026-08-24T22:12:05.929+0000] {processor.py:842} WARNING - No viable dags retrieved from /opt/airflow/dags/dag_previsao_demanda.py
[2026-08-24T22:12:05.988+0000] {processor.py:183} INFO - Processing /opt/airflow/dags/dag_previsao_demanda.py took 3.564 seconds
[2026-08-24T22:12:36.272+0000] {processor.py:161} INFO - Started process (PID=530) to work on /opt/airflow/dags/dag_previsao_demanda.py
[2026-08-24T22:12:36.277+0000] {processor.py:830} INFO - Processing file /opt/airflow/dags/dag_previsao_demanda.py for tasks to queue
[2026-08-24T22:12:36.280+0000] {logging_mixin.py:188} INFO - [2026-08-24T22:12:36.280+0000] {dagbag.py:545} INFO - Filling up the DagBag from /opt/airflow/dags/dag_previsao_demanda.py
[2026-08-24T22:12:38.978+0000] {logging_mixin.py:188} INFO - [2026-08-24T22:12:38.974+0000] {dagbag.py:355} ERROR - Failed to import: /opt/airflow/dags/dag_previsao_demanda.py
Traceback (most recent call last):
  File "/home/airflow/.local/lib/python3.10/site-packages/airflow/models/dagbag.py", line 351, in parse
    loader.exec_module(new_module)
  File "<frozen importlib._bootstrap_external>", line 883, in exec_module
  File "<frozen importlib._bootstrap>", line 241, in _call_with_frames_removed
  File "/opt/airflow/dags/dag_previsao_demanda.py", line 14, in <module>
    import flaml
  File "/home/airflow/.local/lib/python3.10/site-packages/flaml/__init__.py", line 5, in <module>
    from flaml.automl import AutoML, logger_formatter
  File "/home/airflow/.local/lib/python3.10/site-packages/flaml/automl/__init__.py", line 4, in <module>
    from flaml.automl.automl import AutoML, size
  File "/home/airflow/.local/lib/python3.10/site-packages/flaml/automl/automl.py", line 22, in <module>
    from flaml.automl.ml import huggingface_metric_to_mode, sklearn_metric_name_set, spark_metric_name_dict, train_estimator
  File "/home/airflow/.local/lib/python3.10/site-packages/flaml/automl/ml.py", line 12, in <module>
    from flaml.automl.model import BaseEstimator, TransformersEstimator
  File "/home/airflow/.local/lib/python3.10/site-packages/flaml/automl/model.py", line 70, in <module>
    from lightgbm import LGBMClassifier, LGBMRanker, LGBMRegressor
  File "/home/airflow/.local/lib/python3.10/site-packages/lightgbm/__init__.py", line 11, in <module>
    from .basic import Booster, Dataset, EvalResult, Sequence, register_logger
  File "/home/airflow/.local/lib/python3.10/site-packages/lightgbm/basic.py", line 9, in <module>
    from .libpath import _LIB  # isort: skip
  File "/home/airflow/.local/lib/python3.10/site-packages/lightgbm/libpath.py", line 49, in <module>
    _LIB = ctypes.cdll.LoadLibrary(_find_lib_path()[0])
  File "/usr/local/lib/python3.10/ctypes/__init__.py", line 452, in LoadLibrary
    return self._dlltype(name)
  File "/usr/local/lib/python3.10/ctypes/__init__.py", line 374, in __init__
    self._handle = _dlopen(self._name, mode)
OSError: libgomp.so.1: cannot open shared object file: No such file or directory
[2026-08-24T22:12:38.980+0000] {processor.py:842} WARNING - No viable dags retrieved from /opt/airflow/dags/dag_previsao_demanda.py
[2026-08-24T22:12:38.997+0000] {processor.py:183} INFO - Processing /opt/airflow/dags/dag_previsao_demanda.py took 2.743 seconds
[2026-08-24T22:13:09.317+0000] {processor.py:161} INFO - Started process (PID=545) to work on /opt/airflow/dags/dag_previsao_demanda.py
[2026-08-24T22:13:09.320+0000] {processor.py:830} INFO - Processing file /opt/airflow/dags/dag_previsao_demanda.py for tasks to queue
[2026-08-24T22:13:09.325+0000] {logging_mixin.py:188} INFO - [2026-08-24T22:13:09.324+0000] {dagbag.py:545} INFO - Filling up the DagBag from /opt/airflow/dags/dag_previsao_demanda.py
[2026-08-24T22:13:12.492+0000] {logging_mixin.py:188} INFO - [2026-08-24T22:13:12.487+0000] {dagbag.py:355} ERROR - Failed to import: /opt/airflow/dags/dag_previsao_demanda.py
Traceback (most recent call last):
  File "/home/airflow/.local/lib/python3.10/site-packages/airflow/models/dagbag.py", line 351, in parse
    loader.exec_module(new_module)
  File "<frozen importlib._bootstrap_external>", line 883, in exec_module
  File "<frozen importlib._bootstrap>", line 241, in _call_with_frames_removed
  File "/opt/airflow/dags/dag_previsao_demanda.py", line 14, in <module>
    import flaml
  File "/home/airflow/.local/lib/python3.10/site-packages/flaml/__init__.py", line 5, in <module>
    from flaml.automl import AutoML, logger_formatter
  File "/home/airflow/.local/lib/python3.10/site-packages/flaml/automl/__init__.py", line 4, in <module>
    from flaml.automl.automl import AutoML, size
  File "/home/airflow/.local/lib/python3.10/site-packages/flaml/automl/automl.py", line 22, in <module>
    from flaml.automl.ml import huggingface_metric_to_mode, sklearn_metric_name_set, spark_metric_name_dict, train_estimator
  File "/home/airflow/.local/lib/python3.10/site-packages/flaml/automl/ml.py", line 12, in <module>
    from flaml.automl.model import BaseEstimator, TransformersEstimator
  File "/home/airflow/.local/lib/python3.10/site-packages/flaml/automl/model.py", line 70, in <module>
    from lightgbm import LGBMClassifier, LGBMRanker, LGBMRegressor
  File "/home/airflow/.local/lib/python3.10/site-packages/lightgbm/__init__.py", line 11, in <module>
    from .basic import Booster, Dataset, EvalResult, Sequence, register_logger
  File "/home/airflow/.local/lib/python3.10/site-packages/lightgbm/basic.py", line 9, in <module>
    from .libpath import _LIB  # isort: skip
  File "/home/airflow/.local/lib/python3.10/site-packages/lightgbm/libpath.py", line 49, in <module>
    _LIB = ctypes.cdll.LoadLibrary(_find_lib_path()[0])
  File "/usr/local/lib/python3.10/ctypes/__init__.py", line 452, in LoadLibrary
    return self._dlltype(name)
  File "/usr/local/lib/python3.10/ctypes/__init__.py", line 374, in __init__
    self._handle = _dlopen(self._name, mode)
OSError: libgomp.so.1: cannot open shared object file: No such file or directory
[2026-08-24T22:13:12.494+0000] {processor.py:842} WARNING - No viable dags retrieved from /opt/airflow/dags/dag_previsao_demanda.py
[2026-08-24T22:13:12.534+0000] {processor.py:183} INFO - Processing /opt/airflow/dags/dag_previsao_demanda.py took 3.233 seconds
[2026-08-24T22:13:42.790+0000] {processor.py:161} INFO - Started process (PID=560) to work on /opt/airflow/dags/dag_previsao_demanda.py
[2026-08-24T22:13:42.792+0000] {processor.py:830} INFO - Processing file /opt/airflow/dags/dag_previsao_demanda.py for tasks to queue
[2026-08-24T22:13:42.794+0000] {logging_mixin.py:188} INFO - [2026-08-24T22:13:42.793+0000] {dagbag.py:545} INFO - Filling up the DagBag from /opt/airflow/dags/dag_previsao_demanda.py
[2026-08-24T22:13:45.344+0000] {logging_mixin.py:188} INFO - [2026-08-24T22:13:45.339+0000] {dagbag.py:355} ERROR - Failed to import: /opt/airflow/dags/dag_previsao_demanda.py
Traceback (most recent call last):
  File "/home/airflow/.local/lib/python3.10/site-packages/airflow/models/dagbag.py", line 351, in parse
    loader.exec_module(new_module)
  File "<frozen importlib._bootstrap_external>", line 883, in exec_module
  File "<frozen importlib._bootstrap>", line 241, in _call_with_frames_removed
  File "/opt/airflow/dags/dag_previsao_demanda.py", line 14, in <module>
    import flaml
  File "/home/airflow/.local/lib/python3.10/site-packages/flaml/__init__.py", line 5, in <module>
    from flaml.automl import AutoML, logger_formatter
  File "/home/airflow/.local/lib/python3.10/site-packages/flaml/automl/__init__.py", line 4, in <module>
    from flaml.automl.automl import AutoML, size
  File "/home/airflow/.local/lib/python3.10/site-packages/flaml/automl/automl.py", line 22, in <module>
    from flaml.automl.ml import huggingface_metric_to_mode, sklearn_metric_name_set, spark_metric_name_dict, train_estimator
  File "/home/airflow/.local/lib/python3.10/site-packages/flaml/automl/ml.py", line 12, in <module>
    from flaml.automl.model import BaseEstimator, TransformersEstimator
  File "/home/airflow/.local/lib/python3.10/site-packages/flaml/automl/model.py", line 70, in <module>
    from lightgbm import LGBMClassifier, LGBMRanker, LGBMRegressor
  File "/home/airflow/.local/lib/python3.10/site-packages/lightgbm/__init__.py", line 11, in <module>
    from .basic import Booster, Dataset, EvalResult, Sequence, register_logger
  File "/home/airflow/.local/lib/python3.10/site-packages/lightgbm/basic.py", line 9, in <module>
    from .libpath import _LIB  # isort: skip
  File "/home/airflow/.local/lib/python3.10/site-packages/lightgbm/libpath.py", line 49, in <module>
    _LIB = ctypes.cdll.LoadLibrary(_find_lib_path()[0])
  File "/usr/local/lib/python3.10/ctypes/__init__.py", line 452, in LoadLibrary
    return self._dlltype(name)
  File "/usr/local/lib/python3.10/ctypes/__init__.py", line 374, in __init__
    self._handle = _dlopen(self._name, mode)
OSError: libgomp.so.1: cannot open shared object file: No such file or directory
[2026-08-24T22:13:45.346+0000] {processor.py:842} WARNING - No viable dags retrieved from /opt/airflow/dags/dag_previsao_demanda.py
[2026-08-24T22:13:45.371+0000] {processor.py:183} INFO - Processing /opt/airflow/dags/dag_previsao_demanda.py took 2.591 seconds
[2026-08-24T22:14:15.675+0000] {processor.py:161} INFO - Started process (PID=575) to work on /opt/airflow/dags/dag_previsao_demanda.py
[2026-08-24T22:14:15.678+0000] {processor.py:830} INFO - Processing file /opt/airflow/dags/dag_previsao_demanda.py for tasks to queue
[2026-08-24T22:14:15.681+0000] {logging_mixin.py:188} INFO - [2026-08-24T22:14:15.680+0000] {dagbag.py:545} INFO - Filling up the DagBag from /opt/airflow/dags/dag_previsao_demanda.py
[2026-08-24T22:14:18.157+0000] {logging_mixin.py:188} INFO - [2026-08-24T22:14:18.151+0000] {dagbag.py:355} ERROR - Failed to import: /opt/airflow/dags/dag_previsao_demanda.py
Traceback (most recent call last):
  File "/home/airflow/.local/lib/python3.10/site-packages/airflow/models/dagbag.py", line 351, in parse
    loader.exec_module(new_module)
  File "<frozen importlib._bootstrap_external>", line 883, in exec_module
  File "<frozen importlib._bootstrap>", line 241, in _call_with_frames_removed
  File "/opt/airflow/dags/dag_previsao_demanda.py", line 14, in <module>
    import flaml
  File "/home/airflow/.local/lib/python3.10/site-packages/flaml/__init__.py", line 5, in <module>
    from flaml.automl import AutoML, logger_formatter
  File "/home/airflow/.local/lib/python3.10/site-packages/flaml/automl/__init__.py", line 4, in <module>
    from flaml.automl.automl import AutoML, size
  File "/home/airflow/.local/lib/python3.10/site-packages/flaml/automl/automl.py", line 22, in <module>
    from flaml.automl.ml import huggingface_metric_to_mode, sklearn_metric_name_set, spark_metric_name_dict, train_estimator
  File "/home/airflow/.local/lib/python3.10/site-packages/flaml/automl/ml.py", line 12, in <module>
    from flaml.automl.model import BaseEstimator, TransformersEstimator
  File "/home/airflow/.local/lib/python3.10/site-packages/flaml/automl/model.py", line 70, in <module>
    from lightgbm import LGBMClassifier, LGBMRanker, LGBMRegressor
  File "/home/airflow/.local/lib/python3.10/site-packages/lightgbm/__init__.py", line 11, in <module>
    from .basic import Booster, Dataset, EvalResult, Sequence, register_logger
  File "/home/airflow/.local/lib/python3.10/site-packages/lightgbm/basic.py", line 9, in <module>
    from .libpath import _LIB  # isort: skip
  File "/home/airflow/.local/lib/python3.10/site-packages/lightgbm/libpath.py", line 49, in <module>
    _LIB = ctypes.cdll.LoadLibrary(_find_lib_path()[0])
  File "/usr/local/lib/python3.10/ctypes/__init__.py", line 452, in LoadLibrary
    return self._dlltype(name)
  File "/usr/local/lib/python3.10/ctypes/__init__.py", line 374, in __init__
    self._handle = _dlopen(self._name, mode)
OSError: libgomp.so.1: cannot open shared object file: No such file or directory
[2026-08-24T22:14:18.159+0000] {processor.py:842} WARNING - No viable dags retrieved from /opt/airflow/dags/dag_previsao_demanda.py
[2026-08-24T22:14:18.181+0000] {processor.py:183} INFO - Processing /opt/airflow/dags/dag_previsao_demanda.py took 2.516 seconds
[2026-08-24T22:14:48.420+0000] {processor.py:161} INFO - Started process (PID=590) to work on /opt/airflow/dags/dag_previsao_demanda.py
[2026-08-24T22:14:48.421+0000] {processor.py:830} INFO - Processing file /opt/airflow/dags/dag_previsao_demanda.py for tasks to queue
[2026-08-24T22:14:48.423+0000] {logging_mixin.py:188} INFO - [2026-08-24T22:14:48.423+0000] {dagbag.py:545} INFO - Filling up the DagBag from /opt/airflow/dags/dag_previsao_demanda.py
[2026-08-24T22:14:51.065+0000] {logging_mixin.py:188} INFO - [2026-08-24T22:14:51.060+0000] {dagbag.py:355} ERROR - Failed to import: /opt/airflow/dags/dag_previsao_demanda.py
Traceback (most recent call last):
  File "/home/airflow/.local/lib/python3.10/site-packages/airflow/models/dagbag.py", line 351, in parse
    loader.exec_module(new_module)
  File "<frozen importlib._bootstrap_external>", line 883, in exec_module
  File "<frozen importlib._bootstrap>", line 241, in _call_with_frames_removed
  File "/opt/airflow/dags/dag_previsao_demanda.py", line 14, in <module>
    import flaml
  File "/home/airflow/.local/lib/python3.10/site-packages/flaml/__init__.py", line 5, in <module>
    from flaml.automl import AutoML, logger_formatter
  File "/home/airflow/.local/lib/python3.10/site-packages/flaml/automl/__init__.py", line 4, in <module>
    from flaml.automl.automl import AutoML, size
  File "/home/airflow/.local/lib/python3.10/site-packages/flaml/automl/automl.py", line 22, in <module>
    from flaml.automl.ml import huggingface_metric_to_mode, sklearn_metric_name_set, spark_metric_name_dict, train_estimator
  File "/home/airflow/.local/lib/python3.10/site-packages/flaml/automl/ml.py", line 12, in <module>
    from flaml.automl.model import BaseEstimator, TransformersEstimator
  File "/home/airflow/.local/lib/python3.10/site-packages/flaml/automl/model.py", line 70, in <module>
    from lightgbm import LGBMClassifier, LGBMRanker, LGBMRegressor
  File "/home/airflow/.local/lib/python3.10/site-packages/lightgbm/__init__.py", line 11, in <module>
    from .basic import Booster, Dataset, EvalResult, Sequence, register_logger
  File "/home/airflow/.local/lib/python3.10/site-packages/lightgbm/basic.py", line 9, in <module>
    from .libpath import _LIB  # isort: skip
  File "/home/airflow/.local/lib/python3.10/site-packages/lightgbm/libpath.py", line 49, in <module>
    _LIB = ctypes.cdll.LoadLibrary(_find_lib_path()[0])
  File "/usr/local/lib/python3.10/ctypes/__init__.py", line 452, in LoadLibrary
    return self._dlltype(name)
  File "/usr/local/lib/python3.10/ctypes/__init__.py", line 374, in __init__
    self._handle = _dlopen(self._name, mode)
OSError: libgomp.so.1: cannot open shared object file: No such file or directory
[2026-08-24T22:14:51.067+0000] {processor.py:842} WARNING - No viable dags retrieved from /opt/airflow/dags/dag_previsao_demanda.py
[2026-08-24T22:14:51.088+0000] {processor.py:183} INFO - Processing /opt/airflow/dags/dag_previsao_demanda.py took 2.676 seconds
[2026-08-24T22:15:21.407+0000] {processor.py:161} INFO - Started process (PID=605) to work on /opt/airflow/dags/dag_previsao_demanda.py
[2026-08-24T22:15:21.409+0000] {processor.py:830} INFO - Processing file /opt/airflow/dags/dag_previsao_demanda.py for tasks to queue
[2026-08-24T22:15:21.413+0000] {logging_mixin.py:188} INFO - [2026-08-24T22:15:21.412+0000] {dagbag.py:545} INFO - Filling up the DagBag from /opt/airflow/dags/dag_previsao_demanda.py
[2026-08-24T22:15:24.417+0000] {logging_mixin.py:188} INFO - [2026-08-24T22:15:24.411+0000] {dagbag.py:355} ERROR - Failed to import: /opt/airflow/dags/dag_previsao_demanda.py
Traceback (most recent call last):
  File "/home/airflow/.local/lib/python3.10/site-packages/airflow/models/dagbag.py", line 351, in parse
    loader.exec_module(new_module)
  File "<frozen importlib._bootstrap_external>", line 883, in exec_module
  File "<frozen importlib._bootstrap>", line 241, in _call_with_frames_removed
  File "/opt/airflow/dags/dag_previsao_demanda.py", line 14, in <module>
    import flaml
  File "/home/airflow/.local/lib/python3.10/site-packages/flaml/__init__.py", line 5, in <module>
    from flaml.automl import AutoML, logger_formatter
  File "/home/airflow/.local/lib/python3.10/site-packages/flaml/automl/__init__.py", line 4, in <module>
    from flaml.automl.automl import AutoML, size
  File "/home/airflow/.local/lib/python3.10/site-packages/flaml/automl/automl.py", line 22, in <module>
    from flaml.automl.ml import huggingface_metric_to_mode, sklearn_metric_name_set, spark_metric_name_dict, train_estimator
  File "/home/airflow/.local/lib/python3.10/site-packages/flaml/automl/ml.py", line 12, in <module>
    from flaml.automl.model import BaseEstimator, TransformersEstimator
  File "/home/airflow/.local/lib/python3.10/site-packages/flaml/automl/model.py", line 70, in <module>
    from lightgbm import LGBMClassifier, LGBMRanker, LGBMRegressor
  File "/home/airflow/.local/lib/python3.10/site-packages/lightgbm/__init__.py", line 11, in <module>
    from .basic import Booster, Dataset, EvalResult, Sequence, register_logger
  File "/home/airflow/.local/lib/python3.10/site-packages/lightgbm/basic.py", line 9, in <module>
    from .libpath import _LIB  # isort: skip
  File "/home/airflow/.local/lib/python3.10/site-packages/lightgbm/libpath.py", line 49, in <module>
    _LIB = ctypes.cdll.LoadLibrary(_find_lib_path()[0])
  File "/usr/local/lib/python3.10/ctypes/__init__.py", line 452, in LoadLibrary
    return self._dlltype(name)
  File "/usr/local/lib/python3.10/ctypes/__init__.py", line 374, in __init__
    self._handle = _dlopen(self._name, mode)
OSError: libgomp.so.1: cannot open shared object file: No such file or directory
[2026-08-24T22:15:24.418+0000] {processor.py:842} WARNING - No viable dags retrieved from /opt/airflow/dags/dag_previsao_demanda.py
[2026-08-24T22:15:24.442+0000] {processor.py:183} INFO - Processing /opt/airflow/dags/dag_previsao_demanda.py took 3.045 seconds
[2026-08-24T22:15:54.714+0000] {processor.py:161} INFO - Started process (PID=624) to work on /opt/airflow/dags/dag_previsao_demanda.py
[2026-08-24T22:15:54.716+0000] {processor.py:830} INFO - Processing file /opt/airflow/dags/dag_previsao_demanda.py for tasks to queue
[2026-08-24T22:15:54.719+0000] {logging_mixin.py:188} INFO - [2026-08-24T22:15:54.718+0000] {dagbag.py:545} INFO - Filling up the DagBag from /opt/airflow/dags/dag_previsao_demanda.py
[2026-08-24T22:15:57.461+0000] {logging_mixin.py:188} INFO - [2026-08-24T22:15:57.457+0000] {dagbag.py:355} ERROR - Failed to import: /opt/airflow/dags/dag_previsao_demanda.py
Traceback (most recent call last):
  File "/home/airflow/.local/lib/python3.10/site-packages/airflow/models/dagbag.py", line 351, in parse
    loader.exec_module(new_module)
  File "<frozen importlib._bootstrap_external>", line 883, in exec_module
  File "<frozen importlib._bootstrap>", line 241, in _call_with_frames_removed
  File "/opt/airflow/dags/dag_previsao_demanda.py", line 14, in <module>
    import flaml
  File "/home/airflow/.local/lib/python3.10/site-packages/flaml/__init__.py", line 5, in <module>
    from flaml.automl import AutoML, logger_formatter
  File "/home/airflow/.local/lib/python3.10/site-packages/flaml/automl/__init__.py", line 4, in <module>
    from flaml.automl.automl import AutoML, size
  File "/home/airflow/.local/lib/python3.10/site-packages/flaml/automl/automl.py", line 22, in <module>
    from flaml.automl.ml import huggingface_metric_to_mode, sklearn_metric_name_set, spark_metric_name_dict, train_estimator
  File "/home/airflow/.local/lib/python3.10/site-packages/flaml/automl/ml.py", line 12, in <module>
    from flaml.automl.model import BaseEstimator, TransformersEstimator
  File "/home/airflow/.local/lib/python3.10/site-packages/flaml/automl/model.py", line 70, in <module>
    from lightgbm import LGBMClassifier, LGBMRanker, LGBMRegressor
  File "/home/airflow/.local/lib/python3.10/site-packages/lightgbm/__init__.py", line 11, in <module>
    from .basic import Booster, Dataset, EvalResult, Sequence, register_logger
  File "/home/airflow/.local/lib/python3.10/site-packages/lightgbm/basic.py", line 9, in <module>
    from .libpath import _LIB  # isort: skip
  File "/home/airflow/.local/lib/python3.10/site-packages/lightgbm/libpath.py", line 49, in <module>
    _LIB = ctypes.cdll.LoadLibrary(_find_lib_path()[0])
  File "/usr/local/lib/python3.10/ctypes/__init__.py", line 452, in LoadLibrary
    return self._dlltype(name)
  File "/usr/local/lib/python3.10/ctypes/__init__.py", line 374, in __init__
    self._handle = _dlopen(self._name, mode)
OSError: libgomp.so.1: cannot open shared object file: No such file or directory
[2026-08-24T22:15:57.463+0000] {processor.py:842} WARNING - No viable dags retrieved from /opt/airflow/dags/dag_previsao_demanda.py
[2026-08-24T22:15:57.491+0000] {processor.py:183} INFO - Processing /opt/airflow/dags/dag_previsao_demanda.py took 2.785 seconds
[2026-08-24T22:16:27.830+0000] {processor.py:161} INFO - Started process (PID=642) to work on /opt/airflow/dags/dag_previsao_demanda.py
[2026-08-24T22:16:27.832+0000] {processor.py:830} INFO - Processing file /opt/airflow/dags/dag_previsao_demanda.py for tasks to queue
[2026-08-24T22:16:27.834+0000] {logging_mixin.py:188} INFO - [2026-08-24T22:16:27.834+0000] {dagbag.py:545} INFO - Filling up the DagBag from /opt/airflow/dags/dag_previsao_demanda.py
[2026-08-24T22:16:30.671+0000] {logging_mixin.py:188} INFO - [2026-08-24T22:16:30.666+0000] {dagbag.py:355} ERROR - Failed to import: /opt/airflow/dags/dag_previsao_demanda.py
Traceback (most recent call last):
  File "/home/airflow/.local/lib/python3.10/site-packages/airflow/models/dagbag.py", line 351, in parse
    loader.exec_module(new_module)
  File "<frozen importlib._bootstrap_external>", line 883, in exec_module
  File "<frozen importlib._bootstrap>", line 241, in _call_with_frames_removed
  File "/opt/airflow/dags/dag_previsao_demanda.py", line 14, in <module>
    import flaml
  File "/home/airflow/.local/lib/python3.10/site-packages/flaml/__init__.py", line 5, in <module>
    from flaml.automl import AutoML, logger_formatter
  File "/home/airflow/.local/lib/python3.10/site-packages/flaml/automl/__init__.py", line 4, in <module>
    from flaml.automl.automl import AutoML, size
  File "/home/airflow/.local/lib/python3.10/site-packages/flaml/automl/automl.py", line 22, in <module>
    from flaml.automl.ml import huggingface_metric_to_mode, sklearn_metric_name_set, spark_metric_name_dict, train_estimator
  File "/home/airflow/.local/lib/python3.10/site-packages/flaml/automl/ml.py", line 12, in <module>
    from flaml.automl.model import BaseEstimator, TransformersEstimator
  File "/home/airflow/.local/lib/python3.10/site-packages/flaml/automl/model.py", line 70, in <module>
    from lightgbm import LGBMClassifier, LGBMRanker, LGBMRegressor
  File "/home/airflow/.local/lib/python3.10/site-packages/lightgbm/__init__.py", line 11, in <module>
    from .basic import Booster, Dataset, EvalResult, Sequence, register_logger
  File "/home/airflow/.local/lib/python3.10/site-packages/lightgbm/basic.py", line 9, in <module>
    from .libpath import _LIB  # isort: skip
  File "/home/airflow/.local/lib/python3.10/site-packages/lightgbm/libpath.py", line 49, in <module>
    _LIB = ctypes.cdll.LoadLibrary(_find_lib_path()[0])
  File "/usr/local/lib/python3.10/ctypes/__init__.py", line 452, in LoadLibrary
    return self._dlltype(name)
  File "/usr/local/lib/python3.10/ctypes/__init__.py", line 374, in __init__
    self._handle = _dlopen(self._name, mode)
OSError: libgomp.so.1: cannot open shared object file: No such file or directory
[2026-08-24T22:16:30.673+0000] {processor.py:842} WARNING - No viable dags retrieved from /opt/airflow/dags/dag_previsao_demanda.py
[2026-08-24T22:16:30.697+0000] {processor.py:183} INFO - Processing /opt/airflow/dags/dag_previsao_demanda.py took 2.879 seconds
[2026-08-24T22:17:01.504+0000] {processor.py:161} INFO - Started process (PID=657) to work on /opt/airflow/dags/dag_previsao_demanda.py
[2026-08-24T22:17:01.512+0000] {processor.py:830} INFO - Processing file /opt/airflow/dags/dag_previsao_demanda.py for tasks to queue
[2026-08-24T22:17:01.521+0000] {logging_mixin.py:188} INFO - [2026-08-24T22:17:01.520+0000] {dagbag.py:545} INFO - Filling up the DagBag from /opt/airflow/dags/dag_previsao_demanda.py
[2026-08-24T22:17:05.221+0000] {logging_mixin.py:188} INFO - [2026-08-24T22:17:05.212+0000] {dagbag.py:355} ERROR - Failed to import: /opt/airflow/dags/dag_previsao_demanda.py
Traceback (most recent call last):
  File "/home/airflow/.local/lib/python3.10/site-packages/airflow/models/dagbag.py", line 351, in parse
    loader.exec_module(new_module)
  File "<frozen importlib._bootstrap_external>", line 883, in exec_module
  File "<frozen importlib._bootstrap>", line 241, in _call_with_frames_removed
  File "/opt/airflow/dags/dag_previsao_demanda.py", line 14, in <module>
    import flaml
  File "/home/airflow/.local/lib/python3.10/site-packages/flaml/__init__.py", line 5, in <module>
    from flaml.automl import AutoML, logger_formatter
  File "/home/airflow/.local/lib/python3.10/site-packages/flaml/automl/__init__.py", line 4, in <module>
    from flaml.automl.automl import AutoML, size
  File "/home/airflow/.local/lib/python3.10/site-packages/flaml/automl/automl.py", line 22, in <module>
    from flaml.automl.ml import huggingface_metric_to_mode, sklearn_metric_name_set, spark_metric_name_dict, train_estimator
  File "/home/airflow/.local/lib/python3.10/site-packages/flaml/automl/ml.py", line 12, in <module>
    from flaml.automl.model import BaseEstimator, TransformersEstimator
  File "/home/airflow/.local/lib/python3.10/site-packages/flaml/automl/model.py", line 70, in <module>
    from lightgbm import LGBMClassifier, LGBMRanker, LGBMRegressor
  File "/home/airflow/.local/lib/python3.10/site-packages/lightgbm/__init__.py", line 11, in <module>
    from .basic import Booster, Dataset, EvalResult, Sequence, register_logger
  File "/home/airflow/.local/lib/python3.10/site-packages/lightgbm/basic.py", line 9, in <module>
    from .libpath import _LIB  # isort: skip
  File "/home/airflow/.local/lib/python3.10/site-packages/lightgbm/libpath.py", line 49, in <module>
    _LIB = ctypes.cdll.LoadLibrary(_find_lib_path()[0])
  File "/usr/local/lib/python3.10/ctypes/__init__.py", line 452, in LoadLibrary
    return self._dlltype(name)
  File "/usr/local/lib/python3.10/ctypes/__init__.py", line 374, in __init__
    self._handle = _dlopen(self._name, mode)
OSError: libgomp.so.1: cannot open shared object file: No such file or directory
[2026-08-24T22:17:05.223+0000] {processor.py:842} WARNING - No viable dags retrieved from /opt/airflow/dags/dag_previsao_demanda.py
[2026-08-24T22:17:05.309+0000] {processor.py:183} INFO - Processing /opt/airflow/dags/dag_previsao_demanda.py took 3.834 seconds
[2026-08-24T22:17:35.586+0000] {processor.py:161} INFO - Started process (PID=672) to work on /opt/airflow/dags/dag_previsao_demanda.py
[2026-08-24T22:17:35.588+0000] {processor.py:830} INFO - Processing file /opt/airflow/dags/dag_previsao_demanda.py for tasks to queue
[2026-08-24T22:17:35.591+0000] {logging_mixin.py:188} INFO - [2026-08-24T22:17:35.590+0000] {dagbag.py:545} INFO - Filling up the DagBag from /opt/airflow/dags/dag_previsao_demanda.py
[2026-08-24T22:17:38.207+0000] {logging_mixin.py:188} INFO - [2026-08-24T22:17:38.202+0000] {dagbag.py:355} ERROR - Failed to import: /opt/airflow/dags/dag_previsao_demanda.py
Traceback (most recent call last):
  File "/home/airflow/.local/lib/python3.10/site-packages/airflow/models/dagbag.py", line 351, in parse
    loader.exec_module(new_module)
  File "<frozen importlib._bootstrap_external>", line 883, in exec_module
  File "<frozen importlib._bootstrap>", line 241, in _call_with_frames_removed
  File "/opt/airflow/dags/dag_previsao_demanda.py", line 14, in <module>
    import flaml
  File "/home/airflow/.local/lib/python3.10/site-packages/flaml/__init__.py", line 5, in <module>
    from flaml.automl import AutoML, logger_formatter
  File "/home/airflow/.local/lib/python3.10/site-packages/flaml/automl/__init__.py", line 4, in <module>
    from flaml.automl.automl import AutoML, size
  File "/home/airflow/.local/lib/python3.10/site-packages/flaml/automl/automl.py", line 22, in <module>
    from flaml.automl.ml import huggingface_metric_to_mode, sklearn_metric_name_set, spark_metric_name_dict, train_estimator
  File "/home/airflow/.local/lib/python3.10/site-packages/flaml/automl/ml.py", line 12, in <module>
    from flaml.automl.model import BaseEstimator, TransformersEstimator
  File "/home/airflow/.local/lib/python3.10/site-packages/flaml/automl/model.py", line 70, in <module>
    from lightgbm import LGBMClassifier, LGBMRanker, LGBMRegressor
  File "/home/airflow/.local/lib/python3.10/site-packages/lightgbm/__init__.py", line 11, in <module>
    from .basic import Booster, Dataset, EvalResult, Sequence, register_logger
  File "/home/airflow/.local/lib/python3.10/site-packages/lightgbm/basic.py", line 9, in <module>
    from .libpath import _LIB  # isort: skip
  File "/home/airflow/.local/lib/python3.10/site-packages/lightgbm/libpath.py", line 49, in <module>
    _LIB = ctypes.cdll.LoadLibrary(_find_lib_path()[0])
  File "/usr/local/lib/python3.10/ctypes/__init__.py", line 452, in LoadLibrary
    return self._dlltype(name)
  File "/usr/local/lib/python3.10/ctypes/__init__.py", line 374, in __init__
    self._handle = _dlopen(self._name, mode)
OSError: libgomp.so.1: cannot open shared object file: No such file or directory
[2026-08-24T22:17:38.209+0000] {processor.py:842} WARNING - No viable dags retrieved from /opt/airflow/dags/dag_previsao_demanda.py
[2026-08-24T22:17:38.247+0000] {processor.py:183} INFO - Processing /opt/airflow/dags/dag_previsao_demanda.py took 2.677 seconds
[2026-08-24T22:18:08.594+0000] {processor.py:161} INFO - Started process (PID=687) to work on /opt/airflow/dags/dag_previsao_demanda.py
[2026-08-24T22:18:08.597+0000] {processor.py:830} INFO - Processing file /opt/airflow/dags/dag_previsao_demanda.py for tasks to queue
[2026-08-24T22:18:08.602+0000] {logging_mixin.py:188} INFO - [2026-08-24T22:18:08.600+0000] {dagbag.py:545} INFO - Filling up the DagBag from /opt/airflow/dags/dag_previsao_demanda.py
[2026-08-24T22:18:11.917+0000] {logging_mixin.py:188} INFO - [2026-08-24T22:18:11.911+0000] {dagbag.py:355} ERROR - Failed to import: /opt/airflow/dags/dag_previsao_demanda.py
Traceback (most recent call last):
  File "/home/airflow/.local/lib/python3.10/site-packages/airflow/models/dagbag.py", line 351, in parse
    loader.exec_module(new_module)
  File "<frozen importlib._bootstrap_external>", line 883, in exec_module
  File "<frozen importlib._bootstrap>", line 241, in _call_with_frames_removed
  File "/opt/airflow/dags/dag_previsao_demanda.py", line 14, in <module>
    import flaml
  File "/home/airflow/.local/lib/python3.10/site-packages/flaml/__init__.py", line 5, in <module>
    from flaml.automl import AutoML, logger_formatter
  File "/home/airflow/.local/lib/python3.10/site-packages/flaml/automl/__init__.py", line 4, in <module>
    from flaml.automl.automl import AutoML, size
  File "/home/airflow/.local/lib/python3.10/site-packages/flaml/automl/automl.py", line 22, in <module>
    from flaml.automl.ml import huggingface_metric_to_mode, sklearn_metric_name_set, spark_metric_name_dict, train_estimator
  File "/home/airflow/.local/lib/python3.10/site-packages/flaml/automl/ml.py", line 12, in <module>
    from flaml.automl.model import BaseEstimator, TransformersEstimator
  File "/home/airflow/.local/lib/python3.10/site-packages/flaml/automl/model.py", line 70, in <module>
    from lightgbm import LGBMClassifier, LGBMRanker, LGBMRegressor
  File "/home/airflow/.local/lib/python3.10/site-packages/lightgbm/__init__.py", line 11, in <module>
    from .basic import Booster, Dataset, EvalResult, Sequence, register_logger
  File "/home/airflow/.local/lib/python3.10/site-packages/lightgbm/basic.py", line 9, in <module>
    from .libpath import _LIB  # isort: skip
  File "/home/airflow/.local/lib/python3.10/site-packages/lightgbm/libpath.py", line 49, in <module>
    _LIB = ctypes.cdll.LoadLibrary(_find_lib_path()[0])
  File "/usr/local/lib/python3.10/ctypes/__init__.py", line 452, in LoadLibrary
    return self._dlltype(name)
  File "/usr/local/lib/python3.10/ctypes/__init__.py", line 374, in __init__
    self._handle = _dlopen(self._name, mode)
OSError: libgomp.so.1: cannot open shared object file: No such file or directory
[2026-08-24T22:18:11.918+0000] {processor.py:842} WARNING - No viable dags retrieved from /opt/airflow/dags/dag_previsao_demanda.py
[2026-08-24T22:18:11.953+0000] {processor.py:183} INFO - Processing /opt/airflow/dags/dag_previsao_demanda.py took 3.371 seconds
[2026-08-24T22:18:42.282+0000] {processor.py:161} INFO - Started process (PID=702) to work on /opt/airflow/dags/dag_previsao_demanda.py
[2026-08-24T22:18:42.285+0000] {processor.py:830} INFO - Processing file /opt/airflow/dags/dag_previsao_demanda.py for tasks to queue
[2026-08-24T22:18:42.289+0000] {logging_mixin.py:188} INFO - [2026-08-24T22:18:42.289+0000] {dagbag.py:545} INFO - Filling up the DagBag from /opt/airflow/dags/dag_previsao_demanda.py
[2026-08-24T22:18:45.158+0000] {logging_mixin.py:188} INFO - [2026-08-24T22:18:45.153+0000] {dagbag.py:355} ERROR - Failed to import: /opt/airflow/dags/dag_previsao_demanda.py
Traceback (most recent call last):
  File "/home/airflow/.local/lib/python3.10/site-packages/airflow/models/dagbag.py", line 351, in parse
    loader.exec_module(new_module)
  File "<frozen importlib._bootstrap_external>", line 883, in exec_module
  File "<frozen importlib._bootstrap>", line 241, in _call_with_frames_removed
  File "/opt/airflow/dags/dag_previsao_demanda.py", line 14, in <module>
    import flaml
  File "/home/airflow/.local/lib/python3.10/site-packages/flaml/__init__.py", line 5, in <module>
    from flaml.automl import AutoML, logger_formatter
  File "/home/airflow/.local/lib/python3.10/site-packages/flaml/automl/__init__.py", line 4, in <module>
    from flaml.automl.automl import AutoML, size
  File "/home/airflow/.local/lib/python3.10/site-packages/flaml/automl/automl.py", line 22, in <module>
    from flaml.automl.ml import huggingface_metric_to_mode, sklearn_metric_name_set, spark_metric_name_dict, train_estimator
  File "/home/airflow/.local/lib/python3.10/site-packages/flaml/automl/ml.py", line 12, in <module>
    from flaml.automl.model import BaseEstimator, TransformersEstimator
  File "/home/airflow/.local/lib/python3.10/site-packages/flaml/automl/model.py", line 70, in <module>
    from lightgbm import LGBMClassifier, LGBMRanker, LGBMRegressor
  File "/home/airflow/.local/lib/python3.10/site-packages/lightgbm/__init__.py", line 11, in <module>
    from .basic import Booster, Dataset, EvalResult, Sequence, register_logger
  File "/home/airflow/.local/lib/python3.10/site-packages/lightgbm/basic.py", line 9, in <module>
    from .libpath import _LIB  # isort: skip
  File "/home/airflow/.local/lib/python3.10/site-packages/lightgbm/libpath.py", line 49, in <module>
    _LIB = ctypes.cdll.LoadLibrary(_find_lib_path()[0])
  File "/usr/local/lib/python3.10/ctypes/__init__.py", line 452, in LoadLibrary
    return self._dlltype(name)
  File "/usr/local/lib/python3.10/ctypes/__init__.py", line 374, in __init__
    self._handle = _dlopen(self._name, mode)
OSError: libgomp.so.1: cannot open shared object file: No such file or directory
[2026-08-24T22:18:45.160+0000] {processor.py:842} WARNING - No viable dags retrieved from /opt/airflow/dags/dag_previsao_demanda.py
[2026-08-24T22:18:45.183+0000] {processor.py:183} INFO - Processing /opt/airflow/dags/dag_previsao_demanda.py took 2.922 seconds
[2026-08-24T22:19:15.320+0000] {processor.py:161} INFO - Started process (PID=717) to work on /opt/airflow/dags/dag_previsao_demanda.py
[2026-08-24T22:19:15.322+0000] {processor.py:830} INFO - Processing file /opt/airflow/dags/dag_previsao_demanda.py for tasks to queue
[2026-08-24T22:19:15.325+0000] {logging_mixin.py:188} INFO - [2026-08-24T22:19:15.325+0000] {dagbag.py:545} INFO - Filling up the DagBag from /opt/airflow/dags/dag_previsao_demanda.py
[2026-08-24T22:19:18.341+0000] {logging_mixin.py:188} INFO - [2026-08-24T22:19:18.335+0000] {dagbag.py:355} ERROR - Failed to import: /opt/airflow/dags/dag_previsao_demanda.py
Traceback (most recent call last):
  File "/home/airflow/.local/lib/python3.10/site-packages/airflow/models/dagbag.py", line 351, in parse
    loader.exec_module(new_module)
  File "<frozen importlib._bootstrap_external>", line 883, in exec_module
  File "<frozen importlib._bootstrap>", line 241, in _call_with_frames_removed
  File "/opt/airflow/dags/dag_previsao_demanda.py", line 14, in <module>
    import flaml
  File "/home/airflow/.local/lib/python3.10/site-packages/flaml/__init__.py", line 5, in <module>
    from flaml.automl import AutoML, logger_formatter
  File "/home/airflow/.local/lib/python3.10/site-packages/flaml/automl/__init__.py", line 4, in <module>
    from flaml.automl.automl import AutoML, size
  File "/home/airflow/.local/lib/python3.10/site-packages/flaml/automl/automl.py", line 22, in <module>
    from flaml.automl.ml import huggingface_metric_to_mode, sklearn_metric_name_set, spark_metric_name_dict, train_estimator
  File "/home/airflow/.local/lib/python3.10/site-packages/flaml/automl/ml.py", line 12, in <module>
    from flaml.automl.model import BaseEstimator, TransformersEstimator
  File "/home/airflow/.local/lib/python3.10/site-packages/flaml/automl/model.py", line 70, in <module>
    from lightgbm import LGBMClassifier, LGBMRanker, LGBMRegressor
  File "/home/airflow/.local/lib/python3.10/site-packages/lightgbm/__init__.py", line 11, in <module>
    from .basic import Booster, Dataset, EvalResult, Sequence, register_logger
  File "/home/airflow/.local/lib/python3.10/site-packages/lightgbm/basic.py", line 9, in <module>
    from .libpath import _LIB  # isort: skip
  File "/home/airflow/.local/lib/python3.10/site-packages/lightgbm/libpath.py", line 49, in <module>
    _LIB = ctypes.cdll.LoadLibrary(_find_lib_path()[0])
  File "/usr/local/lib/python3.10/ctypes/__init__.py", line 452, in LoadLibrary
    return self._dlltype(name)
  File "/usr/local/lib/python3.10/ctypes/__init__.py", line 374, in __init__
    self._handle = _dlopen(self._name, mode)
OSError: libgomp.so.1: cannot open shared object file: No such file or directory
[2026-08-24T22:19:18.344+0000] {processor.py:842} WARNING - No viable dags retrieved from /opt/airflow/dags/dag_previsao_demanda.py
[2026-08-24T22:19:18.404+0000] {processor.py:183} INFO - Processing /opt/airflow/dags/dag_previsao_demanda.py took 3.096 seconds
[2026-08-24T22:19:48.700+0000] {processor.py:161} INFO - Started process (PID=732) to work on /opt/airflow/dags/dag_previsao_demanda.py
[2026-08-24T22:19:48.703+0000] {processor.py:830} INFO - Processing file /opt/airflow/dags/dag_previsao_demanda.py for tasks to queue
[2026-08-24T22:19:48.706+0000] {logging_mixin.py:188} INFO - [2026-08-24T22:19:48.705+0000] {dagbag.py:545} INFO - Filling up the DagBag from /opt/airflow/dags/dag_previsao_demanda.py
[2026-08-24T22:19:51.555+0000] {logging_mixin.py:188} INFO - [2026-08-24T22:19:51.549+0000] {dagbag.py:355} ERROR - Failed to import: /opt/airflow/dags/dag_previsao_demanda.py
Traceback (most recent call last):
  File "/home/airflow/.local/lib/python3.10/site-packages/airflow/models/dagbag.py", line 351, in parse
    loader.exec_module(new_module)
  File "<frozen importlib._bootstrap_external>", line 883, in exec_module
  File "<frozen importlib._bootstrap>", line 241, in _call_with_frames_removed
  File "/opt/airflow/dags/dag_previsao_demanda.py", line 14, in <module>
    import flaml
  File "/home/airflow/.local/lib/python3.10/site-packages/flaml/__init__.py", line 5, in <module>
    from flaml.automl import AutoML, logger_formatter
  File "/home/airflow/.local/lib/python3.10/site-packages/flaml/automl/__init__.py", line 4, in <module>
    from flaml.automl.automl import AutoML, size
  File "/home/airflow/.local/lib/python3.10/site-packages/flaml/automl/automl.py", line 22, in <module>
    from flaml.automl.ml import huggingface_metric_to_mode, sklearn_metric_name_set, spark_metric_name_dict, train_estimator
  File "/home/airflow/.local/lib/python3.10/site-packages/flaml/automl/ml.py", line 12, in <module>
    from flaml.automl.model import BaseEstimator, TransformersEstimator
  File "/home/airflow/.local/lib/python3.10/site-packages/flaml/automl/model.py", line 70, in <module>
    from lightgbm import LGBMClassifier, LGBMRanker, LGBMRegressor
  File "/home/airflow/.local/lib/python3.10/site-packages/lightgbm/__init__.py", line 11, in <module>
    from .basic import Booster, Dataset, EvalResult, Sequence, register_logger
  File "/home/airflow/.local/lib/python3.10/site-packages/lightgbm/basic.py", line 9, in <module>
    from .libpath import _LIB  # isort: skip
  File "/home/airflow/.local/lib/python3.10/site-packages/lightgbm/libpath.py", line 49, in <module>
    _LIB = ctypes.cdll.LoadLibrary(_find_lib_path()[0])
  File "/usr/local/lib/python3.10/ctypes/__init__.py", line 452, in LoadLibrary
    return self._dlltype(name)
  File "/usr/local/lib/python3.10/ctypes/__init__.py", line 374, in __init__
    self._handle = _dlopen(self._name, mode)
OSError: libgomp.so.1: cannot open shared object file: No such file or directory
[2026-08-24T22:19:51.559+0000] {processor.py:842} WARNING - No viable dags retrieved from /opt/airflow/dags/dag_previsao_demanda.py
[2026-08-24T22:19:51.592+0000] {processor.py:183} INFO - Processing /opt/airflow/dags/dag_previsao_demanda.py took 2.901 seconds
[2026-08-24T22:20:22.576+0000] {processor.py:161} INFO - Started process (PID=747) to work on /opt/airflow/dags/dag_previsao_demanda.py
[2026-08-24T22:20:22.579+0000] {processor.py:830} INFO - Processing file /opt/airflow/dags/dag_previsao_demanda.py for tasks to queue
[2026-08-24T22:20:22.583+0000] {logging_mixin.py:188} INFO - [2026-08-24T22:20:22.582+0000] {dagbag.py:545} INFO - Filling up the DagBag from /opt/airflow/dags/dag_previsao_demanda.py
[2026-08-24T22:20:25.402+0000] {logging_mixin.py:188} INFO - [2026-08-24T22:20:25.397+0000] {dagbag.py:355} ERROR - Failed to import: /opt/airflow/dags/dag_previsao_demanda.py
Traceback (most recent call last):
  File "/home/airflow/.local/lib/python3.10/site-packages/airflow/models/dagbag.py", line 351, in parse
    loader.exec_module(new_module)
  File "<frozen importlib._bootstrap_external>", line 883, in exec_module
  File "<frozen importlib._bootstrap>", line 241, in _call_with_frames_removed
  File "/opt/airflow/dags/dag_previsao_demanda.py", line 14, in <module>
    import flaml
  File "/home/airflow/.local/lib/python3.10/site-packages/flaml/__init__.py", line 5, in <module>
    from flaml.automl import AutoML, logger_formatter
  File "/home/airflow/.local/lib/python3.10/site-packages/flaml/automl/__init__.py", line 4, in <module>
    from flaml.automl.automl import AutoML, size
  File "/home/airflow/.local/lib/python3.10/site-packages/flaml/automl/automl.py", line 22, in <module>
    from flaml.automl.ml import huggingface_metric_to_mode, sklearn_metric_name_set, spark_metric_name_dict, train_estimator
  File "/home/airflow/.local/lib/python3.10/site-packages/flaml/automl/ml.py", line 12, in <module>
    from flaml.automl.model import BaseEstimator, TransformersEstimator
  File "/home/airflow/.local/lib/python3.10/site-packages/flaml/automl/model.py", line 70, in <module>
    from lightgbm import LGBMClassifier, LGBMRanker, LGBMRegressor
  File "/home/airflow/.local/lib/python3.10/site-packages/lightgbm/__init__.py", line 11, in <module>
    from .basic import Booster, Dataset, EvalResult, Sequence, register_logger
  File "/home/airflow/.local/lib/python3.10/site-packages/lightgbm/basic.py", line 9, in <module>
    from .libpath import _LIB  # isort: skip
  File "/home/airflow/.local/lib/python3.10/site-packages/lightgbm/libpath.py", line 49, in <module>
    _LIB = ctypes.cdll.LoadLibrary(_find_lib_path()[0])
  File "/usr/local/lib/python3.10/ctypes/__init__.py", line 452, in LoadLibrary
    return self._dlltype(name)
  File "/usr/local/lib/python3.10/ctypes/__init__.py", line 374, in __init__
    self._handle = _dlopen(self._name, mode)
OSError: libgomp.so.1: cannot open shared object file: No such file or directory
[2026-08-24T22:20:25.404+0000] {processor.py:842} WARNING - No viable dags retrieved from /opt/airflow/dags/dag_previsao_demanda.py
[2026-08-24T22:20:25.434+0000] {processor.py:183} INFO - Processing /opt/airflow/dags/dag_previsao_demanda.py took 2.869 seconds
[2026-08-24T22:20:55.811+0000] {processor.py:161} INFO - Started process (PID=762) to work on /opt/airflow/dags/dag_previsao_demanda.py
[2026-08-24T22:20:55.812+0000] {processor.py:830} INFO - Processing file /opt/airflow/dags/dag_previsao_demanda.py for tasks to queue
[2026-08-24T22:20:55.814+0000] {logging_mixin.py:188} INFO - [2026-08-24T22:20:55.814+0000] {dagbag.py:545} INFO - Filling up the DagBag from /opt/airflow/dags/dag_previsao_demanda.py
[2026-08-24T22:20:58.269+0000] {logging_mixin.py:188} INFO - [2026-08-24T22:20:58.264+0000] {dagbag.py:355} ERROR - Failed to import: /opt/airflow/dags/dag_previsao_demanda.py
Traceback (most recent call last):
  File "/home/airflow/.local/lib/python3.10/site-packages/airflow/models/dagbag.py", line 351, in parse
    loader.exec_module(new_module)
  File "<frozen importlib._bootstrap_external>", line 883, in exec_module
  File "<frozen importlib._bootstrap>", line 241, in _call_with_frames_removed
  File "/opt/airflow/dags/dag_previsao_demanda.py", line 14, in <module>
    import flaml
  File "/home/airflow/.local/lib/python3.10/site-packages/flaml/__init__.py", line 5, in <module>
    from flaml.automl import AutoML, logger_formatter
  File "/home/airflow/.local/lib/python3.10/site-packages/flaml/automl/__init__.py", line 4, in <module>
    from flaml.automl.automl import AutoML, size
  File "/home/airflow/.local/lib/python3.10/site-packages/flaml/automl/automl.py", line 22, in <module>
    from flaml.automl.ml import huggingface_metric_to_mode, sklearn_metric_name_set, spark_metric_name_dict, train_estimator
  File "/home/airflow/.local/lib/python3.10/site-packages/flaml/automl/ml.py", line 12, in <module>
    from flaml.automl.model import BaseEstimator, TransformersEstimator
  File "/home/airflow/.local/lib/python3.10/site-packages/flaml/automl/model.py", line 70, in <module>
    from lightgbm import LGBMClassifier, LGBMRanker, LGBMRegressor
  File "/home/airflow/.local/lib/python3.10/site-packages/lightgbm/__init__.py", line 11, in <module>
    from .basic import Booster, Dataset, EvalResult, Sequence, register_logger
  File "/home/airflow/.local/lib/python3.10/site-packages/lightgbm/basic.py", line 9, in <module>
    from .libpath import _LIB  # isort: skip
  File "/home/airflow/.local/lib/python3.10/site-packages/lightgbm/libpath.py", line 49, in <module>
    _LIB = ctypes.cdll.LoadLibrary(_find_lib_path()[0])
  File "/usr/local/lib/python3.10/ctypes/__init__.py", line 452, in LoadLibrary
    return self._dlltype(name)
  File "/usr/local/lib/python3.10/ctypes/__init__.py", line 374, in __init__
    self._handle = _dlopen(self._name, mode)
OSError: libgomp.so.1: cannot open shared object file: No such file or directory
[2026-08-24T22:20:58.271+0000] {processor.py:842} WARNING - No viable dags retrieved from /opt/airflow/dags/dag_previsao_demanda.py
[2026-08-24T22:20:58.308+0000] {processor.py:183} INFO - Processing /opt/airflow/dags/dag_previsao_demanda.py took 2.506 seconds
[2026-08-24T22:21:28.598+0000] {processor.py:161} INFO - Started process (PID=777) to work on /opt/airflow/dags/dag_previsao_demanda.py
[2026-08-24T22:21:28.599+0000] {processor.py:830} INFO - Processing file /opt/airflow/dags/dag_previsao_demanda.py for tasks to queue
[2026-08-24T22:21:28.601+0000] {logging_mixin.py:188} INFO - [2026-08-24T22:21:28.601+0000] {dagbag.py:545} INFO - Filling up the DagBag from /opt/airflow/dags/dag_previsao_demanda.py
[2026-08-24T22:21:31.158+0000] {logging_mixin.py:188} INFO - [2026-08-24T22:21:31.152+0000] {dagbag.py:355} ERROR - Failed to import: /opt/airflow/dags/dag_previsao_demanda.py
Traceback (most recent call last):
  File "/home/airflow/.local/lib/python3.10/site-packages/airflow/models/dagbag.py", line 351, in parse
    loader.exec_module(new_module)
  File "<frozen importlib._bootstrap_external>", line 883, in exec_module
  File "<frozen importlib._bootstrap>", line 241, in _call_with_frames_removed
  File "/opt/airflow/dags/dag_previsao_demanda.py", line 14, in <module>
    import flaml
  File "/home/airflow/.local/lib/python3.10/site-packages/flaml/__init__.py", line 5, in <module>
    from flaml.automl import AutoML, logger_formatter
  File "/home/airflow/.local/lib/python3.10/site-packages/flaml/automl/__init__.py", line 4, in <module>
    from flaml.automl.automl import AutoML, size
  File "/home/airflow/.local/lib/python3.10/site-packages/flaml/automl/automl.py", line 22, in <module>
    from flaml.automl.ml import huggingface_metric_to_mode, sklearn_metric_name_set, spark_metric_name_dict, train_estimator
  File "/home/airflow/.local/lib/python3.10/site-packages/flaml/automl/ml.py", line 12, in <module>
    from flaml.automl.model import BaseEstimator, TransformersEstimator
  File "/home/airflow/.local/lib/python3.10/site-packages/flaml/automl/model.py", line 70, in <module>
    from lightgbm import LGBMClassifier, LGBMRanker, LGBMRegressor
  File "/home/airflow/.local/lib/python3.10/site-packages/lightgbm/__init__.py", line 11, in <module>
    from .basic import Booster, Dataset, EvalResult, Sequence, register_logger
  File "/home/airflow/.local/lib/python3.10/site-packages/lightgbm/basic.py", line 9, in <module>
    from .libpath import _LIB  # isort: skip
  File "/home/airflow/.local/lib/python3.10/site-packages/lightgbm/libpath.py", line 49, in <module>
    _LIB = ctypes.cdll.LoadLibrary(_find_lib_path()[0])
  File "/usr/local/lib/python3.10/ctypes/__init__.py", line 452, in LoadLibrary
    return self._dlltype(name)
  File "/usr/local/lib/python3.10/ctypes/__init__.py", line 374, in __init__
    self._handle = _dlopen(self._name, mode)
OSError: libgomp.so.1: cannot open shared object file: No such file or directory
[2026-08-24T22:21:31.163+0000] {processor.py:842} WARNING - No viable dags retrieved from /opt/airflow/dags/dag_previsao_demanda.py
[2026-08-24T22:21:31.191+0000] {processor.py:183} INFO - Processing /opt/airflow/dags/dag_previsao_demanda.py took 2.602 seconds
[2026-08-24T22:22:01.500+0000] {processor.py:161} INFO - Started process (PID=792) to work on /opt/airflow/dags/dag_previsao_demanda.py
[2026-08-24T22:22:01.502+0000] {processor.py:830} INFO - Processing file /opt/airflow/dags/dag_previsao_demanda.py for tasks to queue
[2026-08-24T22:22:01.508+0000] {logging_mixin.py:188} INFO - [2026-08-24T22:22:01.507+0000] {dagbag.py:545} INFO - Filling up the DagBag from /opt/airflow/dags/dag_previsao_demanda.py
[2026-08-24T22:22:04.777+0000] {logging_mixin.py:188} INFO - [2026-08-24T22:22:04.772+0000] {dagbag.py:355} ERROR - Failed to import: /opt/airflow/dags/dag_previsao_demanda.py
Traceback (most recent call last):
  File "/home/airflow/.local/lib/python3.10/site-packages/airflow/models/dagbag.py", line 351, in parse
    loader.exec_module(new_module)
  File "<frozen importlib._bootstrap_external>", line 883, in exec_module
  File "<frozen importlib._bootstrap>", line 241, in _call_with_frames_removed
  File "/opt/airflow/dags/dag_previsao_demanda.py", line 14, in <module>
    import flaml
  File "/home/airflow/.local/lib/python3.10/site-packages/flaml/__init__.py", line 5, in <module>
    from flaml.automl import AutoML, logger_formatter
  File "/home/airflow/.local/lib/python3.10/site-packages/flaml/automl/__init__.py", line 4, in <module>
    from flaml.automl.automl import AutoML, size
  File "/home/airflow/.local/lib/python3.10/site-packages/flaml/automl/automl.py", line 22, in <module>
    from flaml.automl.ml import huggingface_metric_to_mode, sklearn_metric_name_set, spark_metric_name_dict, train_estimator
  File "/home/airflow/.local/lib/python3.10/site-packages/flaml/automl/ml.py", line 12, in <module>
    from flaml.automl.model import BaseEstimator, TransformersEstimator
  File "/home/airflow/.local/lib/python3.10/site-packages/flaml/automl/model.py", line 70, in <module>
    from lightgbm import LGBMClassifier, LGBMRanker, LGBMRegressor
  File "/home/airflow/.local/lib/python3.10/site-packages/lightgbm/__init__.py", line 11, in <module>
    from .basic import Booster, Dataset, EvalResult, Sequence, register_logger
  File "/home/airflow/.local/lib/python3.10/site-packages/lightgbm/basic.py", line 9, in <module>
    from .libpath import _LIB  # isort: skip
  File "/home/airflow/.local/lib/python3.10/site-packages/lightgbm/libpath.py", line 49, in <module>
    _LIB = ctypes.cdll.LoadLibrary(_find_lib_path()[0])
  File "/usr/local/lib/python3.10/ctypes/__init__.py", line 452, in LoadLibrary
    return self._dlltype(name)
  File "/usr/local/lib/python3.10/ctypes/__init__.py", line 374, in __init__
    self._handle = _dlopen(self._name, mode)
OSError: libgomp.so.1: cannot open shared object file: No such file or directory
[2026-08-24T22:22:04.781+0000] {processor.py:842} WARNING - No viable dags retrieved from /opt/airflow/dags/dag_previsao_demanda.py
[2026-08-24T22:22:04.812+0000] {processor.py:183} INFO - Processing /opt/airflow/dags/dag_previsao_demanda.py took 3.326 seconds
[2026-08-24T22:22:35.105+0000] {processor.py:161} INFO - Started process (PID=807) to work on /opt/airflow/dags/dag_previsao_demanda.py
[2026-08-24T22:22:35.107+0000] {processor.py:830} INFO - Processing file /opt/airflow/dags/dag_previsao_demanda.py for tasks to queue
[2026-08-24T22:22:35.109+0000] {logging_mixin.py:188} INFO - [2026-08-24T22:22:35.109+0000] {dagbag.py:545} INFO - Filling up the DagBag from /opt/airflow/dags/dag_previsao_demanda.py
[2026-08-24T22:22:37.725+0000] {logging_mixin.py:188} INFO - [2026-08-24T22:22:37.720+0000] {dagbag.py:355} ERROR - Failed to import: /opt/airflow/dags/dag_previsao_demanda.py
Traceback (most recent call last):
  File "/home/airflow/.local/lib/python3.10/site-packages/airflow/models/dagbag.py", line 351, in parse
    loader.exec_module(new_module)
  File "<frozen importlib._bootstrap_external>", line 883, in exec_module
  File "<frozen importlib._bootstrap>", line 241, in _call_with_frames_removed
  File "/opt/airflow/dags/dag_previsao_demanda.py", line 14, in <module>
    import flaml
  File "/home/airflow/.local/lib/python3.10/site-packages/flaml/__init__.py", line 5, in <module>
    from flaml.automl import AutoML, logger_formatter
  File "/home/airflow/.local/lib/python3.10/site-packages/flaml/automl/__init__.py", line 4, in <module>
    from flaml.automl.automl import AutoML, size
  File "/home/airflow/.local/lib/python3.10/site-packages/flaml/automl/automl.py", line 22, in <module>
    from flaml.automl.ml import huggingface_metric_to_mode, sklearn_metric_name_set, spark_metric_name_dict, train_estimator
  File "/home/airflow/.local/lib/python3.10/site-packages/flaml/automl/ml.py", line 12, in <module>
    from flaml.automl.model import BaseEstimator, TransformersEstimator
  File "/home/airflow/.local/lib/python3.10/site-packages/flaml/automl/model.py", line 70, in <module>
    from lightgbm import LGBMClassifier, LGBMRanker, LGBMRegressor
  File "/home/airflow/.local/lib/python3.10/site-packages/lightgbm/__init__.py", line 11, in <module>
    from .basic import Booster, Dataset, EvalResult, Sequence, register_logger
  File "/home/airflow/.local/lib/python3.10/site-packages/lightgbm/basic.py", line 9, in <module>
    from .libpath import _LIB  # isort: skip
  File "/home/airflow/.local/lib/python3.10/site-packages/lightgbm/libpath.py", line 49, in <module>
    _LIB = ctypes.cdll.LoadLibrary(_find_lib_path()[0])
  File "/usr/local/lib/python3.10/ctypes/__init__.py", line 452, in LoadLibrary
    return self._dlltype(name)
  File "/usr/local/lib/python3.10/ctypes/__init__.py", line 374, in __init__
    self._handle = _dlopen(self._name, mode)
OSError: libgomp.so.1: cannot open shared object file: No such file or directory
[2026-08-24T22:22:37.726+0000] {processor.py:842} WARNING - No viable dags retrieved from /opt/airflow/dags/dag_previsao_demanda.py
[2026-08-24T22:22:37.748+0000] {processor.py:183} INFO - Processing /opt/airflow/dags/dag_previsao_demanda.py took 2.652 seconds
[2026-08-24T22:23:08.017+0000] {processor.py:161} INFO - Started process (PID=822) to work on /opt/airflow/dags/dag_previsao_demanda.py
[2026-08-24T22:23:08.019+0000] {processor.py:830} INFO - Processing file /opt/airflow/dags/dag_previsao_demanda.py for tasks to queue
[2026-08-24T22:23:08.022+0000] {logging_mixin.py:188} INFO - [2026-08-24T22:23:08.022+0000] {dagbag.py:545} INFO - Filling up the DagBag from /opt/airflow/dags/dag_previsao_demanda.py
[2026-08-24T22:23:10.858+0000] {logging_mixin.py:188} INFO - [2026-08-24T22:23:10.852+0000] {dagbag.py:355} ERROR - Failed to import: /opt/airflow/dags/dag_previsao_demanda.py
Traceback (most recent call last):
  File "/home/airflow/.local/lib/python3.10/site-packages/airflow/models/dagbag.py", line 351, in parse
    loader.exec_module(new_module)
  File "<frozen importlib._bootstrap_external>", line 883, in exec_module
  File "<frozen importlib._bootstrap>", line 241, in _call_with_frames_removed
  File "/opt/airflow/dags/dag_previsao_demanda.py", line 14, in <module>
    import flaml
  File "/home/airflow/.local/lib/python3.10/site-packages/flaml/__init__.py", line 5, in <module>
    from flaml.automl import AutoML, logger_formatter
  File "/home/airflow/.local/lib/python3.10/site-packages/flaml/automl/__init__.py", line 4, in <module>
    from flaml.automl.automl import AutoML, size
  File "/home/airflow/.local/lib/python3.10/site-packages/flaml/automl/automl.py", line 22, in <module>
    from flaml.automl.ml import huggingface_metric_to_mode, sklearn_metric_name_set, spark_metric_name_dict, train_estimator
  File "/home/airflow/.local/lib/python3.10/site-packages/flaml/automl/ml.py", line 12, in <module>
    from flaml.automl.model import BaseEstimator, TransformersEstimator
  File "/home/airflow/.local/lib/python3.10/site-packages/flaml/automl/model.py", line 70, in <module>
    from lightgbm import LGBMClassifier, LGBMRanker, LGBMRegressor
  File "/home/airflow/.local/lib/python3.10/site-packages/lightgbm/__init__.py", line 11, in <module>
    from .basic import Booster, Dataset, EvalResult, Sequence, register_logger
  File "/home/airflow/.local/lib/python3.10/site-packages/lightgbm/basic.py", line 9, in <module>
    from .libpath import _LIB  # isort: skip
  File "/home/airflow/.local/lib/python3.10/site-packages/lightgbm/libpath.py", line 49, in <module>
    _LIB = ctypes.cdll.LoadLibrary(_find_lib_path()[0])
  File "/usr/local/lib/python3.10/ctypes/__init__.py", line 452, in LoadLibrary
    return self._dlltype(name)
  File "/usr/local/lib/python3.10/ctypes/__init__.py", line 374, in __init__
    self._handle = _dlopen(self._name, mode)
OSError: libgomp.so.1: cannot open shared object file: No such file or directory
[2026-08-24T22:23:10.860+0000] {processor.py:842} WARNING - No viable dags retrieved from /opt/airflow/dags/dag_previsao_demanda.py
[2026-08-24T22:23:10.883+0000] {processor.py:183} INFO - Processing /opt/airflow/dags/dag_previsao_demanda.py took 2.879 seconds
[2026-08-24T22:23:41.572+0000] {processor.py:161} INFO - Started process (PID=844) to work on /opt/airflow/dags/dag_previsao_demanda.py
[2026-08-24T22:23:41.573+0000] {processor.py:830} INFO - Processing file /opt/airflow/dags/dag_previsao_demanda.py for tasks to queue
[2026-08-24T22:23:41.575+0000] {logging_mixin.py:188} INFO - [2026-08-24T22:23:41.575+0000] {dagbag.py:545} INFO - Filling up the DagBag from /opt/airflow/dags/dag_previsao_demanda.py
[2026-08-24T22:23:43.953+0000] {logging_mixin.py:188} INFO - [2026-08-24T22:23:43.948+0000] {dagbag.py:355} ERROR - Failed to import: /opt/airflow/dags/dag_previsao_demanda.py
Traceback (most recent call last):
  File "/home/airflow/.local/lib/python3.10/site-packages/airflow/models/dagbag.py", line 351, in parse
    loader.exec_module(new_module)
  File "<frozen importlib._bootstrap_external>", line 883, in exec_module
  File "<frozen importlib._bootstrap>", line 241, in _call_with_frames_removed
  File "/opt/airflow/dags/dag_previsao_demanda.py", line 14, in <module>
    import flaml
  File "/home/airflow/.local/lib/python3.10/site-packages/flaml/__init__.py", line 5, in <module>
    from flaml.automl import AutoML, logger_formatter
  File "/home/airflow/.local/lib/python3.10/site-packages/flaml/automl/__init__.py", line 4, in <module>
    from flaml.automl.automl import AutoML, size
  File "/home/airflow/.local/lib/python3.10/site-packages/flaml/automl/automl.py", line 22, in <module>
    from flaml.automl.ml import huggingface_metric_to_mode, sklearn_metric_name_set, spark_metric_name_dict, train_estimator
  File "/home/airflow/.local/lib/python3.10/site-packages/flaml/automl/ml.py", line 12, in <module>
    from flaml.automl.model import BaseEstimator, TransformersEstimator
  File "/home/airflow/.local/lib/python3.10/site-packages/flaml/automl/model.py", line 70, in <module>
    from lightgbm import LGBMClassifier, LGBMRanker, LGBMRegressor
  File "/home/airflow/.local/lib/python3.10/site-packages/lightgbm/__init__.py", line 11, in <module>
    from .basic import Booster, Dataset, EvalResult, Sequence, register_logger
  File "/home/airflow/.local/lib/python3.10/site-packages/lightgbm/basic.py", line 9, in <module>
    from .libpath import _LIB  # isort: skip
  File "/home/airflow/.local/lib/python3.10/site-packages/lightgbm/libpath.py", line 49, in <module>
    _LIB = ctypes.cdll.LoadLibrary(_find_lib_path()[0])
  File "/usr/local/lib/python3.10/ctypes/__init__.py", line 452, in LoadLibrary
    return self._dlltype(name)
  File "/usr/local/lib/python3.10/ctypes/__init__.py", line 374, in __init__
    self._handle = _dlopen(self._name, mode)
OSError: libgomp.so.1: cannot open shared object file: No such file or directory
[2026-08-24T22:23:43.955+0000] {processor.py:842} WARNING - No viable dags retrieved from /opt/airflow/dags/dag_previsao_demanda.py
[2026-08-24T22:23:43.979+0000] {processor.py:183} INFO - Processing /opt/airflow/dags/dag_previsao_demanda.py took 2.417 seconds
[2026-08-24T22:24:14.272+0000] {processor.py:161} INFO - Started process (PID=859) to work on /opt/airflow/dags/dag_previsao_demanda.py
[2026-08-24T22:24:14.274+0000] {processor.py:830} INFO - Processing file /opt/airflow/dags/dag_previsao_demanda.py for tasks to queue
[2026-08-24T22:24:14.277+0000] {logging_mixin.py:188} INFO - [2026-08-24T22:24:14.276+0000] {dagbag.py:545} INFO - Filling up the DagBag from /opt/airflow/dags/dag_previsao_demanda.py
[2026-08-24T22:24:16.720+0000] {logging_mixin.py:188} INFO - [2026-08-24T22:24:16.715+0000] {dagbag.py:355} ERROR - Failed to import: /opt/airflow/dags/dag_previsao_demanda.py
Traceback (most recent call last):
  File "/home/airflow/.local/lib/python3.10/site-packages/airflow/models/dagbag.py", line 351, in parse
    loader.exec_module(new_module)
  File "<frozen importlib._bootstrap_external>", line 883, in exec_module
  File "<frozen importlib._bootstrap>", line 241, in _call_with_frames_removed
  File "/opt/airflow/dags/dag_previsao_demanda.py", line 14, in <module>
    import flaml
  File "/home/airflow/.local/lib/python3.10/site-packages/flaml/__init__.py", line 5, in <module>
    from flaml.automl import AutoML, logger_formatter
  File "/home/airflow/.local/lib/python3.10/site-packages/flaml/automl/__init__.py", line 4, in <module>
    from flaml.automl.automl import AutoML, size
  File "/home/airflow/.local/lib/python3.10/site-packages/flaml/automl/automl.py", line 22, in <module>
    from flaml.automl.ml import huggingface_metric_to_mode, sklearn_metric_name_set, spark_metric_name_dict, train_estimator
  File "/home/airflow/.local/lib/python3.10/site-packages/flaml/automl/ml.py", line 12, in <module>
    from flaml.automl.model import BaseEstimator, TransformersEstimator
  File "/home/airflow/.local/lib/python3.10/site-packages/flaml/automl/model.py", line 70, in <module>
    from lightgbm import LGBMClassifier, LGBMRanker, LGBMRegressor
  File "/home/airflow/.local/lib/python3.10/site-packages/lightgbm/__init__.py", line 11, in <module>
    from .basic import Booster, Dataset, EvalResult, Sequence, register_logger
  File "/home/airflow/.local/lib/python3.10/site-packages/lightgbm/basic.py", line 9, in <module>
    from .libpath import _LIB  # isort: skip
  File "/home/airflow/.local/lib/python3.10/site-packages/lightgbm/libpath.py", line 49, in <module>
    _LIB = ctypes.cdll.LoadLibrary(_find_lib_path()[0])
  File "/usr/local/lib/python3.10/ctypes/__init__.py", line 452, in LoadLibrary
    return self._dlltype(name)
  File "/usr/local/lib/python3.10/ctypes/__init__.py", line 374, in __init__
    self._handle = _dlopen(self._name, mode)
OSError: libgomp.so.1: cannot open shared object file: No such file or directory
[2026-08-24T22:24:16.722+0000] {processor.py:842} WARNING - No viable dags retrieved from /opt/airflow/dags/dag_previsao_demanda.py
[2026-08-24T22:24:16.745+0000] {processor.py:183} INFO - Processing /opt/airflow/dags/dag_previsao_demanda.py took 2.484 seconds
[2026-08-24T22:24:46.979+0000] {processor.py:161} INFO - Started process (PID=874) to work on /opt/airflow/dags/dag_previsao_demanda.py
[2026-08-24T22:24:46.980+0000] {processor.py:830} INFO - Processing file /opt/airflow/dags/dag_previsao_demanda.py for tasks to queue
[2026-08-24T22:24:46.982+0000] {logging_mixin.py:188} INFO - [2026-08-24T22:24:46.982+0000] {dagbag.py:545} INFO - Filling up the DagBag from /opt/airflow/dags/dag_previsao_demanda.py
[2026-08-24T22:24:49.500+0000] {logging_mixin.py:188} INFO - [2026-08-24T22:24:49.495+0000] {dagbag.py:355} ERROR - Failed to import: /opt/airflow/dags/dag_previsao_demanda.py
Traceback (most recent call last):
  File "/home/airflow/.local/lib/python3.10/site-packages/airflow/models/dagbag.py", line 351, in parse
    loader.exec_module(new_module)
  File "<frozen importlib._bootstrap_external>", line 883, in exec_module
  File "<frozen importlib._bootstrap>", line 241, in _call_with_frames_removed
  File "/opt/airflow/dags/dag_previsao_demanda.py", line 14, in <module>
    import flaml
  File "/home/airflow/.local/lib/python3.10/site-packages/flaml/__init__.py", line 5, in <module>
    from flaml.automl import AutoML, logger_formatter
  File "/home/airflow/.local/lib/python3.10/site-packages/flaml/automl/__init__.py", line 4, in <module>
    from flaml.automl.automl import AutoML, size
  File "/home/airflow/.local/lib/python3.10/site-packages/flaml/automl/automl.py", line 22, in <module>
    from flaml.automl.ml import huggingface_metric_to_mode, sklearn_metric_name_set, spark_metric_name_dict, train_estimator
  File "/home/airflow/.local/lib/python3.10/site-packages/flaml/automl/ml.py", line 12, in <module>
    from flaml.automl.model import BaseEstimator, TransformersEstimator
  File "/home/airflow/.local/lib/python3.10/site-packages/flaml/automl/model.py", line 70, in <module>
    from lightgbm import LGBMClassifier, LGBMRanker, LGBMRegressor
  File "/home/airflow/.local/lib/python3.10/site-packages/lightgbm/__init__.py", line 11, in <module>
    from .basic import Booster, Dataset, EvalResult, Sequence, register_logger
  File "/home/airflow/.local/lib/python3.10/site-packages/lightgbm/basic.py", line 9, in <module>
    from .libpath import _LIB  # isort: skip
  File "/home/airflow/.local/lib/python3.10/site-packages/lightgbm/libpath.py", line 49, in <module>
    _LIB = ctypes.cdll.LoadLibrary(_find_lib_path()[0])
  File "/usr/local/lib/python3.10/ctypes/__init__.py", line 452, in LoadLibrary
    return self._dlltype(name)
  File "/usr/local/lib/python3.10/ctypes/__init__.py", line 374, in __init__
    self._handle = _dlopen(self._name, mode)
OSError: libgomp.so.1: cannot open shared object file: No such file or directory
[2026-08-24T22:24:49.501+0000] {processor.py:842} WARNING - No viable dags retrieved from /opt/airflow/dags/dag_previsao_demanda.py
[2026-08-24T22:24:49.525+0000] {processor.py:183} INFO - Processing /opt/airflow/dags/dag_previsao_demanda.py took 2.555 seconds
[2026-08-24T22:25:20.248+0000] {processor.py:161} INFO - Started process (PID=889) to work on /opt/airflow/dags/dag_previsao_demanda.py
[2026-08-24T22:25:20.251+0000] {processor.py:830} INFO - Processing file /opt/airflow/dags/dag_previsao_demanda.py for tasks to queue
[2026-08-24T22:25:20.254+0000] {logging_mixin.py:188} INFO - [2026-08-24T22:25:20.253+0000] {dagbag.py:545} INFO - Filling up the DagBag from /opt/airflow/dags/dag_previsao_demanda.py
[2026-08-24T22:25:22.927+0000] {logging_mixin.py:188} INFO - [2026-08-24T22:25:22.922+0000] {dagbag.py:355} ERROR - Failed to import: /opt/airflow/dags/dag_previsao_demanda.py
Traceback (most recent call last):
  File "/home/airflow/.local/lib/python3.10/site-packages/airflow/models/dagbag.py", line 351, in parse
    loader.exec_module(new_module)
  File "<frozen importlib._bootstrap_external>", line 883, in exec_module
  File "<frozen importlib._bootstrap>", line 241, in _call_with_frames_removed
  File "/opt/airflow/dags/dag_previsao_demanda.py", line 14, in <module>
    import flaml
  File "/home/airflow/.local/lib/python3.10/site-packages/flaml/__init__.py", line 5, in <module>
    from flaml.automl import AutoML, logger_formatter
  File "/home/airflow/.local/lib/python3.10/site-packages/flaml/automl/__init__.py", line 4, in <module>
    from flaml.automl.automl import AutoML, size
  File "/home/airflow/.local/lib/python3.10/site-packages/flaml/automl/automl.py", line 22, in <module>
    from flaml.automl.ml import huggingface_metric_to_mode, sklearn_metric_name_set, spark_metric_name_dict, train_estimator
  File "/home/airflow/.local/lib/python3.10/site-packages/flaml/automl/ml.py", line 12, in <module>
    from flaml.automl.model import BaseEstimator, TransformersEstimator
  File "/home/airflow/.local/lib/python3.10/site-packages/flaml/automl/model.py", line 70, in <module>
    from lightgbm import LGBMClassifier, LGBMRanker, LGBMRegressor
  File "/home/airflow/.local/lib/python3.10/site-packages/lightgbm/__init__.py", line 11, in <module>
    from .basic import Booster, Dataset, EvalResult, Sequence, register_logger
  File "/home/airflow/.local/lib/python3.10/site-packages/lightgbm/basic.py", line 9, in <module>
    from .libpath import _LIB  # isort: skip
  File "/home/airflow/.local/lib/python3.10/site-packages/lightgbm/libpath.py", line 49, in <module>
    _LIB = ctypes.cdll.LoadLibrary(_find_lib_path()[0])
  File "/usr/local/lib/python3.10/ctypes/__init__.py", line 452, in LoadLibrary
    return self._dlltype(name)
  File "/usr/local/lib/python3.10/ctypes/__init__.py", line 374, in __init__
    self._handle = _dlopen(self._name, mode)
OSError: libgomp.so.1: cannot open shared object file: No such file or directory
[2026-08-24T22:25:22.929+0000] {processor.py:842} WARNING - No viable dags retrieved from /opt/airflow/dags/dag_previsao_demanda.py
[2026-08-24T22:25:22.954+0000] {processor.py:183} INFO - Processing /opt/airflow/dags/dag_previsao_demanda.py took 2.718 seconds
[2026-08-24T22:25:53.204+0000] {processor.py:161} INFO - Started process (PID=904) to work on /opt/airflow/dags/dag_previsao_demanda.py
[2026-08-24T22:25:53.206+0000] {processor.py:830} INFO - Processing file /opt/airflow/dags/dag_previsao_demanda.py for tasks to queue
[2026-08-24T22:25:53.208+0000] {logging_mixin.py:188} INFO - [2026-08-24T22:25:53.207+0000] {dagbag.py:545} INFO - Filling up the DagBag from /opt/airflow/dags/dag_previsao_demanda.py
[2026-08-24T22:25:55.647+0000] {logging_mixin.py:188} INFO - [2026-08-24T22:25:55.642+0000] {dagbag.py:355} ERROR - Failed to import: /opt/airflow/dags/dag_previsao_demanda.py
Traceback (most recent call last):
  File "/home/airflow/.local/lib/python3.10/site-packages/airflow/models/dagbag.py", line 351, in parse
    loader.exec_module(new_module)
  File "<frozen importlib._bootstrap_external>", line 883, in exec_module
  File "<frozen importlib._bootstrap>", line 241, in _call_with_frames_removed
  File "/opt/airflow/dags/dag_previsao_demanda.py", line 14, in <module>
    import flaml
  File "/home/airflow/.local/lib/python3.10/site-packages/flaml/__init__.py", line 5, in <module>
    from flaml.automl import AutoML, logger_formatter
  File "/home/airflow/.local/lib/python3.10/site-packages/flaml/automl/__init__.py", line 4, in <module>
    from flaml.automl.automl import AutoML, size
  File "/home/airflow/.local/lib/python3.10/site-packages/flaml/automl/automl.py", line 22, in <module>
    from flaml.automl.ml import huggingface_metric_to_mode, sklearn_metric_name_set, spark_metric_name_dict, train_estimator
  File "/home/airflow/.local/lib/python3.10/site-packages/flaml/automl/ml.py", line 12, in <module>
    from flaml.automl.model import BaseEstimator, TransformersEstimator
  File "/home/airflow/.local/lib/python3.10/site-packages/flaml/automl/model.py", line 70, in <module>
    from lightgbm import LGBMClassifier, LGBMRanker, LGBMRegressor
  File "/home/airflow/.local/lib/python3.10/site-packages/lightgbm/__init__.py", line 11, in <module>
    from .basic import Booster, Dataset, EvalResult, Sequence, register_logger
  File "/home/airflow/.local/lib/python3.10/site-packages/lightgbm/basic.py", line 9, in <module>
    from .libpath import _LIB  # isort: skip
  File "/home/airflow/.local/lib/python3.10/site-packages/lightgbm/libpath.py", line 49, in <module>
    _LIB = ctypes.cdll.LoadLibrary(_find_lib_path()[0])
  File "/usr/local/lib/python3.10/ctypes/__init__.py", line 452, in LoadLibrary
    return self._dlltype(name)
  File "/usr/local/lib/python3.10/ctypes/__init__.py", line 374, in __init__
    self._handle = _dlopen(self._name, mode)
OSError: libgomp.so.1: cannot open shared object file: No such file or directory
[2026-08-24T22:25:55.648+0000] {processor.py:842} WARNING - No viable dags retrieved from /opt/airflow/dags/dag_previsao_demanda.py
[2026-08-24T22:25:55.673+0000] {processor.py:183} INFO - Processing /opt/airflow/dags/dag_previsao_demanda.py took 2.476 seconds
[2026-08-24T22:26:25.929+0000] {processor.py:161} INFO - Started process (PID=919) to work on /opt/airflow/dags/dag_previsao_demanda.py
[2026-08-24T22:26:25.931+0000] {processor.py:830} INFO - Processing file /opt/airflow/dags/dag_previsao_demanda.py for tasks to queue
[2026-08-24T22:26:25.932+0000] {logging_mixin.py:188} INFO - [2026-08-24T22:26:25.932+0000] {dagbag.py:545} INFO - Filling up the DagBag from /opt/airflow/dags/dag_previsao_demanda.py
[2026-08-24T22:26:28.406+0000] {logging_mixin.py:188} INFO - [2026-08-24T22:26:28.400+0000] {dagbag.py:355} ERROR - Failed to import: /opt/airflow/dags/dag_previsao_demanda.py
Traceback (most recent call last):
  File "/home/airflow/.local/lib/python3.10/site-packages/airflow/models/dagbag.py", line 351, in parse
    loader.exec_module(new_module)
  File "<frozen importlib._bootstrap_external>", line 883, in exec_module
  File "<frozen importlib._bootstrap>", line 241, in _call_with_frames_removed
  File "/opt/airflow/dags/dag_previsao_demanda.py", line 14, in <module>
    import flaml
  File "/home/airflow/.local/lib/python3.10/site-packages/flaml/__init__.py", line 5, in <module>
    from flaml.automl import AutoML, logger_formatter
  File "/home/airflow/.local/lib/python3.10/site-packages/flaml/automl/__init__.py", line 4, in <module>
    from flaml.automl.automl import AutoML, size
  File "/home/airflow/.local/lib/python3.10/site-packages/flaml/automl/automl.py", line 22, in <module>
    from flaml.automl.ml import huggingface_metric_to_mode, sklearn_metric_name_set, spark_metric_name_dict, train_estimator
  File "/home/airflow/.local/lib/python3.10/site-packages/flaml/automl/ml.py", line 12, in <module>
    from flaml.automl.model import BaseEstimator, TransformersEstimator
  File "/home/airflow/.local/lib/python3.10/site-packages/flaml/automl/model.py", line 70, in <module>
    from lightgbm import LGBMClassifier, LGBMRanker, LGBMRegressor
  File "/home/airflow/.local/lib/python3.10/site-packages/lightgbm/__init__.py", line 11, in <module>
    from .basic import Booster, Dataset, EvalResult, Sequence, register_logger
  File "/home/airflow/.local/lib/python3.10/site-packages/lightgbm/basic.py", line 9, in <module>
    from .libpath import _LIB  # isort: skip
  File "/home/airflow/.local/lib/python3.10/site-packages/lightgbm/libpath.py", line 49, in <module>
    _LIB = ctypes.cdll.LoadLibrary(_find_lib_path()[0])
  File "/usr/local/lib/python3.10/ctypes/__init__.py", line 452, in LoadLibrary
    return self._dlltype(name)
  File "/usr/local/lib/python3.10/ctypes/__init__.py", line 374, in __init__
    self._handle = _dlopen(self._name, mode)
OSError: libgomp.so.1: cannot open shared object file: No such file or directory
[2026-08-24T22:26:28.407+0000] {processor.py:842} WARNING - No viable dags retrieved from /opt/airflow/dags/dag_previsao_demanda.py
[2026-08-24T22:26:28.433+0000] {processor.py:183} INFO - Processing /opt/airflow/dags/dag_previsao_demanda.py took 2.513 seconds
[2026-08-24T22:26:58.674+0000] {processor.py:161} INFO - Started process (PID=934) to work on /opt/airflow/dags/dag_previsao_demanda.py
[2026-08-24T22:26:58.675+0000] {processor.py:830} INFO - Processing file /opt/airflow/dags/dag_previsao_demanda.py for tasks to queue
[2026-08-24T22:26:58.678+0000] {logging_mixin.py:188} INFO - [2026-08-24T22:26:58.677+0000] {dagbag.py:545} INFO - Filling up the DagBag from /opt/airflow/dags/dag_previsao_demanda.py
[2026-08-24T22:27:02.097+0000] {logging_mixin.py:188} INFO - [2026-08-24T22:27:02.090+0000] {dagbag.py:355} ERROR - Failed to import: /opt/airflow/dags/dag_previsao_demanda.py
Traceback (most recent call last):
  File "/home/airflow/.local/lib/python3.10/site-packages/airflow/models/dagbag.py", line 351, in parse
    loader.exec_module(new_module)
  File "<frozen importlib._bootstrap_external>", line 883, in exec_module
  File "<frozen importlib._bootstrap>", line 241, in _call_with_frames_removed
  File "/opt/airflow/dags/dag_previsao_demanda.py", line 14, in <module>
    import flaml
  File "/home/airflow/.local/lib/python3.10/site-packages/flaml/__init__.py", line 5, in <module>
    from flaml.automl import AutoML, logger_formatter
  File "/home/airflow/.local/lib/python3.10/site-packages/flaml/automl/__init__.py", line 4, in <module>
    from flaml.automl.automl import AutoML, size
  File "/home/airflow/.local/lib/python3.10/site-packages/flaml/automl/automl.py", line 22, in <module>
    from flaml.automl.ml import huggingface_metric_to_mode, sklearn_metric_name_set, spark_metric_name_dict, train_estimator
  File "/home/airflow/.local/lib/python3.10/site-packages/flaml/automl/ml.py", line 12, in <module>
    from flaml.automl.model import BaseEstimator, TransformersEstimator
  File "/home/airflow/.local/lib/python3.10/site-packages/flaml/automl/model.py", line 70, in <module>
    from lightgbm import LGBMClassifier, LGBMRanker, LGBMRegressor
  File "/home/airflow/.local/lib/python3.10/site-packages/lightgbm/__init__.py", line 11, in <module>
    from .basic import Booster, Dataset, EvalResult, Sequence, register_logger
  File "/home/airflow/.local/lib/python3.10/site-packages/lightgbm/basic.py", line 9, in <module>
    from .libpath import _LIB  # isort: skip
  File "/home/airflow/.local/lib/python3.10/site-packages/lightgbm/libpath.py", line 49, in <module>
    _LIB = ctypes.cdll.LoadLibrary(_find_lib_path()[0])
  File "/usr/local/lib/python3.10/ctypes/__init__.py", line 452, in LoadLibrary
    return self._dlltype(name)
  File "/usr/local/lib/python3.10/ctypes/__init__.py", line 374, in __init__
    self._handle = _dlopen(self._name, mode)
OSError: libgomp.so.1: cannot open shared object file: No such file or directory
[2026-08-24T22:27:02.098+0000] {processor.py:842} WARNING - No viable dags retrieved from /opt/airflow/dags/dag_previsao_demanda.py
[2026-08-24T22:27:02.151+0000] {processor.py:183} INFO - Processing /opt/airflow/dags/dag_previsao_demanda.py took 3.489 seconds
[2026-08-24T22:27:32.459+0000] {processor.py:161} INFO - Started process (PID=949) to work on /opt/airflow/dags/dag_previsao_demanda.py
[2026-08-24T22:27:32.460+0000] {processor.py:830} INFO - Processing file /opt/airflow/dags/dag_previsao_demanda.py for tasks to queue
[2026-08-24T22:27:32.463+0000] {logging_mixin.py:188} INFO - [2026-08-24T22:27:32.463+0000] {dagbag.py:545} INFO - Filling up the DagBag from /opt/airflow/dags/dag_previsao_demanda.py
[2026-08-24T22:27:35.080+0000] {logging_mixin.py:188} INFO - [2026-08-24T22:27:35.073+0000] {dagbag.py:355} ERROR - Failed to import: /opt/airflow/dags/dag_previsao_demanda.py
Traceback (most recent call last):
  File "/home/airflow/.local/lib/python3.10/site-packages/airflow/models/dagbag.py", line 351, in parse
    loader.exec_module(new_module)
  File "<frozen importlib._bootstrap_external>", line 883, in exec_module
  File "<frozen importlib._bootstrap>", line 241, in _call_with_frames_removed
  File "/opt/airflow/dags/dag_previsao_demanda.py", line 14, in <module>
    import flaml
  File "/home/airflow/.local/lib/python3.10/site-packages/flaml/__init__.py", line 5, in <module>
    from flaml.automl import AutoML, logger_formatter
  File "/home/airflow/.local/lib/python3.10/site-packages/flaml/automl/__init__.py", line 4, in <module>
    from flaml.automl.automl import AutoML, size
  File "/home/airflow/.local/lib/python3.10/site-packages/flaml/automl/automl.py", line 22, in <module>
    from flaml.automl.ml import huggingface_metric_to_mode, sklearn_metric_name_set, spark_metric_name_dict, train_estimator
  File "/home/airflow/.local/lib/python3.10/site-packages/flaml/automl/ml.py", line 12, in <module>
    from flaml.automl.model import BaseEstimator, TransformersEstimator
  File "/home/airflow/.local/lib/python3.10/site-packages/flaml/automl/model.py", line 70, in <module>
    from lightgbm import LGBMClassifier, LGBMRanker, LGBMRegressor
  File "/home/airflow/.local/lib/python3.10/site-packages/lightgbm/__init__.py", line 11, in <module>
    from .basic import Booster, Dataset, EvalResult, Sequence, register_logger
  File "/home/airflow/.local/lib/python3.10/site-packages/lightgbm/basic.py", line 9, in <module>
    from .libpath import _LIB  # isort: skip
  File "/home/airflow/.local/lib/python3.10/site-packages/lightgbm/libpath.py", line 49, in <module>
    _LIB = ctypes.cdll.LoadLibrary(_find_lib_path()[0])
  File "/usr/local/lib/python3.10/ctypes/__init__.py", line 452, in LoadLibrary
    return self._dlltype(name)
  File "/usr/local/lib/python3.10/ctypes/__init__.py", line 374, in __init__
    self._handle = _dlopen(self._name, mode)
OSError: libgomp.so.1: cannot open shared object file: No such file or directory
[2026-08-24T22:27:35.082+0000] {processor.py:842} WARNING - No viable dags retrieved from /opt/airflow/dags/dag_previsao_demanda.py
[2026-08-24T22:27:35.106+0000] {processor.py:183} INFO - Processing /opt/airflow/dags/dag_previsao_demanda.py took 2.662 seconds
[2026-08-24T22:28:05.710+0000] {processor.py:161} INFO - Started process (PID=964) to work on /opt/airflow/dags/dag_previsao_demanda.py
[2026-08-24T22:28:05.715+0000] {processor.py:830} INFO - Processing file /opt/airflow/dags/dag_previsao_demanda.py for tasks to queue
[2026-08-24T22:28:05.720+0000] {logging_mixin.py:188} INFO - [2026-08-24T22:28:05.719+0000] {dagbag.py:545} INFO - Filling up the DagBag from /opt/airflow/dags/dag_previsao_demanda.py
[2026-08-24T22:28:08.796+0000] {logging_mixin.py:188} INFO - [2026-08-24T22:28:08.791+0000] {dagbag.py:355} ERROR - Failed to import: /opt/airflow/dags/dag_previsao_demanda.py
Traceback (most recent call last):
  File "/home/airflow/.local/lib/python3.10/site-packages/airflow/models/dagbag.py", line 351, in parse
    loader.exec_module(new_module)
  File "<frozen importlib._bootstrap_external>", line 883, in exec_module
  File "<frozen importlib._bootstrap>", line 241, in _call_with_frames_removed
  File "/opt/airflow/dags/dag_previsao_demanda.py", line 14, in <module>
    import flaml
  File "/home/airflow/.local/lib/python3.10/site-packages/flaml/__init__.py", line 5, in <module>
    from flaml.automl import AutoML, logger_formatter
  File "/home/airflow/.local/lib/python3.10/site-packages/flaml/automl/__init__.py", line 4, in <module>
    from flaml.automl.automl import AutoML, size
  File "/home/airflow/.local/lib/python3.10/site-packages/flaml/automl/automl.py", line 22, in <module>
    from flaml.automl.ml import huggingface_metric_to_mode, sklearn_metric_name_set, spark_metric_name_dict, train_estimator
  File "/home/airflow/.local/lib/python3.10/site-packages/flaml/automl/ml.py", line 12, in <module>
    from flaml.automl.model import BaseEstimator, TransformersEstimator
  File "/home/airflow/.local/lib/python3.10/site-packages/flaml/automl/model.py", line 70, in <module>
    from lightgbm import LGBMClassifier, LGBMRanker, LGBMRegressor
  File "/home/airflow/.local/lib/python3.10/site-packages/lightgbm/__init__.py", line 11, in <module>
    from .basic import Booster, Dataset, EvalResult, Sequence, register_logger
  File "/home/airflow/.local/lib/python3.10/site-packages/lightgbm/basic.py", line 9, in <module>
    from .libpath import _LIB  # isort: skip
  File "/home/airflow/.local/lib/python3.10/site-packages/lightgbm/libpath.py", line 49, in <module>
    _LIB = ctypes.cdll.LoadLibrary(_find_lib_path()[0])
  File "/usr/local/lib/python3.10/ctypes/__init__.py", line 452, in LoadLibrary
    return self._dlltype(name)
  File "/usr/local/lib/python3.10/ctypes/__init__.py", line 374, in __init__
    self._handle = _dlopen(self._name, mode)
OSError: libgomp.so.1: cannot open shared object file: No such file or directory
[2026-08-24T22:28:08.798+0000] {processor.py:842} WARNING - No viable dags retrieved from /opt/airflow/dags/dag_previsao_demanda.py
[2026-08-24T22:28:08.836+0000] {processor.py:183} INFO - Processing /opt/airflow/dags/dag_previsao_demanda.py took 3.142 seconds
[2026-08-24T22:28:39.095+0000] {processor.py:161} INFO - Started process (PID=979) to work on /opt/airflow/dags/dag_previsao_demanda.py
[2026-08-24T22:28:39.099+0000] {processor.py:830} INFO - Processing file /opt/airflow/dags/dag_previsao_demanda.py for tasks to queue
[2026-08-24T22:28:39.101+0000] {logging_mixin.py:188} INFO - [2026-08-24T22:28:39.100+0000] {dagbag.py:545} INFO - Filling up the DagBag from /opt/airflow/dags/dag_previsao_demanda.py
[2026-08-24T22:28:41.523+0000] {logging_mixin.py:188} INFO - [2026-08-24T22:28:41.518+0000] {dagbag.py:355} ERROR - Failed to import: /opt/airflow/dags/dag_previsao_demanda.py
Traceback (most recent call last):
  File "/home/airflow/.local/lib/python3.10/site-packages/airflow/models/dagbag.py", line 351, in parse
    loader.exec_module(new_module)
  File "<frozen importlib._bootstrap_external>", line 883, in exec_module
  File "<frozen importlib._bootstrap>", line 241, in _call_with_frames_removed
  File "/opt/airflow/dags/dag_previsao_demanda.py", line 14, in <module>
    import flaml
  File "/home/airflow/.local/lib/python3.10/site-packages/flaml/__init__.py", line 5, in <module>
    from flaml.automl import AutoML, logger_formatter
  File "/home/airflow/.local/lib/python3.10/site-packages/flaml/automl/__init__.py", line 4, in <module>
    from flaml.automl.automl import AutoML, size
  File "/home/airflow/.local/lib/python3.10/site-packages/flaml/automl/automl.py", line 22, in <module>
    from flaml.automl.ml import huggingface_metric_to_mode, sklearn_metric_name_set, spark_metric_name_dict, train_estimator
  File "/home/airflow/.local/lib/python3.10/site-packages/flaml/automl/ml.py", line 12, in <module>
    from flaml.automl.model import BaseEstimator, TransformersEstimator
  File "/home/airflow/.local/lib/python3.10/site-packages/flaml/automl/model.py", line 70, in <module>
    from lightgbm import LGBMClassifier, LGBMRanker, LGBMRegressor
  File "/home/airflow/.local/lib/python3.10/site-packages/lightgbm/__init__.py", line 11, in <module>
    from .basic import Booster, Dataset, EvalResult, Sequence, register_logger
  File "/home/airflow/.local/lib/python3.10/site-packages/lightgbm/basic.py", line 9, in <module>
    from .libpath import _LIB  # isort: skip
  File "/home/airflow/.local/lib/python3.10/site-packages/lightgbm/libpath.py", line 49, in <module>
    _LIB = ctypes.cdll.LoadLibrary(_find_lib_path()[0])
  File "/usr/local/lib/python3.10/ctypes/__init__.py", line 452, in LoadLibrary
    return self._dlltype(name)
  File "/usr/local/lib/python3.10/ctypes/__init__.py", line 374, in __init__
    self._handle = _dlopen(self._name, mode)
OSError: libgomp.so.1: cannot open shared object file: No such file or directory
[2026-08-24T22:28:41.527+0000] {processor.py:842} WARNING - No viable dags retrieved from /opt/airflow/dags/dag_previsao_demanda.py
[2026-08-24T22:28:41.562+0000] {processor.py:183} INFO - Processing /opt/airflow/dags/dag_previsao_demanda.py took 2.475 seconds
[2026-08-24T22:29:11.790+0000] {processor.py:161} INFO - Started process (PID=994) to work on /opt/airflow/dags/dag_previsao_demanda.py
[2026-08-24T22:29:11.792+0000] {processor.py:830} INFO - Processing file /opt/airflow/dags/dag_previsao_demanda.py for tasks to queue
[2026-08-24T22:29:11.794+0000] {logging_mixin.py:188} INFO - [2026-08-24T22:29:11.793+0000] {dagbag.py:545} INFO - Filling up the DagBag from /opt/airflow/dags/dag_previsao_demanda.py
[2026-08-24T22:29:14.203+0000] {logging_mixin.py:188} INFO - [2026-08-24T22:29:14.197+0000] {dagbag.py:355} ERROR - Failed to import: /opt/airflow/dags/dag_previsao_demanda.py
Traceback (most recent call last):
  File "/home/airflow/.local/lib/python3.10/site-packages/airflow/models/dagbag.py", line 351, in parse
    loader.exec_module(new_module)
  File "<frozen importlib._bootstrap_external>", line 883, in exec_module
  File "<frozen importlib._bootstrap>", line 241, in _call_with_frames_removed
  File "/opt/airflow/dags/dag_previsao_demanda.py", line 14, in <module>
    import flaml
  File "/home/airflow/.local/lib/python3.10/site-packages/flaml/__init__.py", line 5, in <module>
    from flaml.automl import AutoML, logger_formatter
  File "/home/airflow/.local/lib/python3.10/site-packages/flaml/automl/__init__.py", line 4, in <module>
    from flaml.automl.automl import AutoML, size
  File "/home/airflow/.local/lib/python3.10/site-packages/flaml/automl/automl.py", line 22, in <module>
    from flaml.automl.ml import huggingface_metric_to_mode, sklearn_metric_name_set, spark_metric_name_dict, train_estimator
  File "/home/airflow/.local/lib/python3.10/site-packages/flaml/automl/ml.py", line 12, in <module>
    from flaml.automl.model import BaseEstimator, TransformersEstimator
  File "/home/airflow/.local/lib/python3.10/site-packages/flaml/automl/model.py", line 70, in <module>
    from lightgbm import LGBMClassifier, LGBMRanker, LGBMRegressor
  File "/home/airflow/.local/lib/python3.10/site-packages/lightgbm/__init__.py", line 11, in <module>
    from .basic import Booster, Dataset, EvalResult, Sequence, register_logger
  File "/home/airflow/.local/lib/python3.10/site-packages/lightgbm/basic.py", line 9, in <module>
    from .libpath import _LIB  # isort: skip
  File "/home/airflow/.local/lib/python3.10/site-packages/lightgbm/libpath.py", line 49, in <module>
    _LIB = ctypes.cdll.LoadLibrary(_find_lib_path()[0])
  File "/usr/local/lib/python3.10/ctypes/__init__.py", line 452, in LoadLibrary
    return self._dlltype(name)
  File "/usr/local/lib/python3.10/ctypes/__init__.py", line 374, in __init__
    self._handle = _dlopen(self._name, mode)
OSError: libgomp.so.1: cannot open shared object file: No such file or directory
[2026-08-24T22:29:14.205+0000] {processor.py:842} WARNING - No viable dags retrieved from /opt/airflow/dags/dag_previsao_demanda.py
[2026-08-24T22:29:14.225+0000] {processor.py:183} INFO - Processing /opt/airflow/dags/dag_previsao_demanda.py took 2.443 seconds
[2026-08-24T22:30:09.781+0000] {processor.py:161} INFO - Started process (PID=158) to work on /opt/airflow/dags/dag_previsao_demanda.py
[2026-08-24T22:30:09.790+0000] {processor.py:830} INFO - Processing file /opt/airflow/dags/dag_previsao_demanda.py for tasks to queue
[2026-08-24T22:30:09.802+0000] {logging_mixin.py:188} INFO - [2026-08-24T22:30:09.798+0000] {dagbag.py:545} INFO - Filling up the DagBag from /opt/airflow/dags/dag_previsao_demanda.py
[2026-08-24T22:30:17.794+0000] {processor.py:840} INFO - DAG(s) 'Acougue_Previsao_Demanda_FLAML' retrieved from /opt/airflow/dags/dag_previsao_demanda.py
[2026-08-24T22:30:17.848+0000] {logging_mixin.py:188} INFO - [2026-08-24T22:30:17.847+0000] {dag.py:3096} INFO - Sync 1 DAGs
[2026-08-24T22:30:17.939+0000] {logging_mixin.py:188} INFO - [2026-08-24T22:30:17.939+0000] {dag.py:3954} INFO - Setting next_dagrun for Acougue_Previsao_Demanda_FLAML to 2026-08-23 02:00:00+00:00, run_after=2026-08-24 02:00:00+00:00
[2026-08-24T22:30:18.018+0000] {processor.py:183} INFO - Processing /opt/airflow/dags/dag_previsao_demanda.py took 8.293 seconds
[2026-08-24T22:30:48.321+0000] {processor.py:161} INFO - Started process (PID=182) to work on /opt/airflow/dags/dag_previsao_demanda.py
[2026-08-24T22:30:48.324+0000] {processor.py:830} INFO - Processing file /opt/airflow/dags/dag_previsao_demanda.py for tasks to queue
[2026-08-24T22:30:48.326+0000] {logging_mixin.py:188} INFO - [2026-08-24T22:30:48.325+0000] {dagbag.py:545} INFO - Filling up the DagBag from /opt/airflow/dags/dag_previsao_demanda.py
[2026-08-24T22:30:51.149+0000] {processor.py:840} INFO - DAG(s) 'Acougue_Previsao_Demanda_FLAML' retrieved from /opt/airflow/dags/dag_previsao_demanda.py
[2026-08-24T22:30:51.312+0000] {logging_mixin.py:188} INFO - [2026-08-24T22:30:51.311+0000] {dag.py:3096} INFO - Sync 1 DAGs
[2026-08-24T22:30:51.352+0000] {logging_mixin.py:188} INFO - [2026-08-24T22:30:51.351+0000] {dag.py:3954} INFO - Setting next_dagrun for Acougue_Previsao_Demanda_FLAML to 2026-08-23 02:00:00+00:00, run_after=2026-08-24 02:00:00+00:00
[2026-08-24T22:30:51.381+0000] {processor.py:183} INFO - Processing /opt/airflow/dags/dag_previsao_demanda.py took 3.067 seconds
[2026-08-24T22:31:21.610+0000] {processor.py:161} INFO - Started process (PID=198) to work on /opt/airflow/dags/dag_previsao_demanda.py
[2026-08-24T22:31:21.612+0000] {processor.py:830} INFO - Processing file /opt/airflow/dags/dag_previsao_demanda.py for tasks to queue
[2026-08-24T22:31:21.613+0000] {logging_mixin.py:188} INFO - [2026-08-24T22:31:21.613+0000] {dagbag.py:545} INFO - Filling up the DagBag from /opt/airflow/dags/dag_previsao_demanda.py
[2026-08-24T22:31:24.485+0000] {processor.py:840} INFO - DAG(s) 'Acougue_Previsao_Demanda_FLAML' retrieved from /opt/airflow/dags/dag_previsao_demanda.py
[2026-08-24T22:31:24.519+0000] {logging_mixin.py:188} INFO - [2026-08-24T22:31:24.518+0000] {dag.py:3096} INFO - Sync 1 DAGs
[2026-08-24T22:31:24.550+0000] {logging_mixin.py:188} INFO - [2026-08-24T22:31:24.550+0000] {dag.py:3954} INFO - Setting next_dagrun for Acougue_Previsao_Demanda_FLAML to 2026-08-23 02:00:00+00:00, run_after=2026-08-24 02:00:00+00:00
[2026-08-24T22:31:24.572+0000] {processor.py:183} INFO - Processing /opt/airflow/dags/dag_previsao_demanda.py took 2.969 seconds
[2026-08-24T22:31:54.817+0000] {processor.py:161} INFO - Started process (PID=214) to work on /opt/airflow/dags/dag_previsao_demanda.py
[2026-08-24T22:31:54.818+0000] {processor.py:830} INFO - Processing file /opt/airflow/dags/dag_previsao_demanda.py for tasks to queue
[2026-08-24T22:31:54.819+0000] {logging_mixin.py:188} INFO - [2026-08-24T22:31:54.819+0000] {dagbag.py:545} INFO - Filling up the DagBag from /opt/airflow/dags/dag_previsao_demanda.py
[2026-08-24T22:31:57.396+0000] {processor.py:840} INFO - DAG(s) 'Acougue_Previsao_Demanda_FLAML' retrieved from /opt/airflow/dags/dag_previsao_demanda.py
[2026-08-24T22:31:57.433+0000] {logging_mixin.py:188} INFO - [2026-08-24T22:31:57.432+0000] {dag.py:3096} INFO - Sync 1 DAGs
[2026-08-24T22:31:57.460+0000] {logging_mixin.py:188} INFO - [2026-08-24T22:31:57.460+0000] {dag.py:3954} INFO - Setting next_dagrun for Acougue_Previsao_Demanda_FLAML to 2026-08-23 02:00:00+00:00, run_after=2026-08-24 02:00:00+00:00
[2026-08-24T22:31:57.479+0000] {processor.py:183} INFO - Processing /opt/airflow/dags/dag_previsao_demanda.py took 2.671 seconds
[2026-08-24T22:32:27.612+0000] {processor.py:161} INFO - Started process (PID=230) to work on /opt/airflow/dags/dag_previsao_demanda.py
[2026-08-24T22:32:27.613+0000] {processor.py:830} INFO - Processing file /opt/airflow/dags/dag_previsao_demanda.py for tasks to queue
[2026-08-24T22:32:27.617+0000] {logging_mixin.py:188} INFO - [2026-08-24T22:32:27.616+0000] {dagbag.py:545} INFO - Filling up the DagBag from /opt/airflow/dags/dag_previsao_demanda.py
[2026-08-24T22:32:30.202+0000] {processor.py:840} INFO - DAG(s) 'Acougue_Previsao_Demanda_FLAML' retrieved from /opt/airflow/dags/dag_previsao_demanda.py
[2026-08-24T22:32:30.228+0000] {logging_mixin.py:188} INFO - [2026-08-24T22:32:30.228+0000] {dag.py:3096} INFO - Sync 1 DAGs
[2026-08-24T22:32:30.255+0000] {logging_mixin.py:188} INFO - [2026-08-24T22:32:30.254+0000] {dag.py:3954} INFO - Setting next_dagrun for Acougue_Previsao_Demanda_FLAML to 2026-08-23 02:00:00+00:00, run_after=2026-08-24 02:00:00+00:00
[2026-08-24T22:32:30.273+0000] {processor.py:183} INFO - Processing /opt/airflow/dags/dag_previsao_demanda.py took 2.673 seconds
[2026-08-24T22:33:00.489+0000] {processor.py:161} INFO - Started process (PID=246) to work on /opt/airflow/dags/dag_previsao_demanda.py
[2026-08-24T22:33:00.492+0000] {processor.py:830} INFO - Processing file /opt/airflow/dags/dag_previsao_demanda.py for tasks to queue
[2026-08-24T22:33:00.496+0000] {logging_mixin.py:188} INFO - [2026-08-24T22:33:00.495+0000] {dagbag.py:545} INFO - Filling up the DagBag from /opt/airflow/dags/dag_previsao_demanda.py
[2026-08-24T22:33:04.105+0000] {processor.py:840} INFO - DAG(s) 'Acougue_Previsao_Demanda_FLAML' retrieved from /opt/airflow/dags/dag_previsao_demanda.py
[2026-08-24T22:33:04.133+0000] {logging_mixin.py:188} INFO - [2026-08-24T22:33:04.132+0000] {dag.py:3096} INFO - Sync 1 DAGs
[2026-08-24T22:33:04.164+0000] {logging_mixin.py:188} INFO - [2026-08-24T22:33:04.163+0000] {dag.py:3954} INFO - Setting next_dagrun for Acougue_Previsao_Demanda_FLAML to 2026-08-23 02:00:00+00:00, run_after=2026-08-24 02:00:00+00:00
[2026-08-24T22:33:04.193+0000] {processor.py:183} INFO - Processing /opt/airflow/dags/dag_previsao_demanda.py took 3.715 seconds
[2026-08-24T22:33:34.449+0000] {processor.py:161} INFO - Started process (PID=262) to work on /opt/airflow/dags/dag_previsao_demanda.py
[2026-08-24T22:33:34.451+0000] {processor.py:830} INFO - Processing file /opt/airflow/dags/dag_previsao_demanda.py for tasks to queue
[2026-08-24T22:33:34.453+0000] {logging_mixin.py:188} INFO - [2026-08-24T22:33:34.453+0000] {dagbag.py:545} INFO - Filling up the DagBag from /opt/airflow/dags/dag_previsao_demanda.py
[2026-08-24T22:33:36.996+0000] {processor.py:840} INFO - DAG(s) 'Acougue_Previsao_Demanda_FLAML' retrieved from /opt/airflow/dags/dag_previsao_demanda.py
[2026-08-24T22:33:37.028+0000] {logging_mixin.py:188} INFO - [2026-08-24T22:33:37.027+0000] {dag.py:3096} INFO - Sync 1 DAGs
[2026-08-24T22:33:37.054+0000] {logging_mixin.py:188} INFO - [2026-08-24T22:33:37.054+0000] {dag.py:3954} INFO - Setting next_dagrun for Acougue_Previsao_Demanda_FLAML to 2026-08-23 02:00:00+00:00, run_after=2026-08-24 02:00:00+00:00
[2026-08-24T22:33:37.081+0000] {processor.py:183} INFO - Processing /opt/airflow/dags/dag_previsao_demanda.py took 2.642 seconds
[2026-08-24T22:34:07.234+0000] {processor.py:161} INFO - Started process (PID=278) to work on /opt/airflow/dags/dag_previsao_demanda.py
[2026-08-24T22:34:07.236+0000] {processor.py:830} INFO - Processing file /opt/airflow/dags/dag_previsao_demanda.py for tasks to queue
[2026-08-24T22:34:07.239+0000] {logging_mixin.py:188} INFO - [2026-08-24T22:34:07.239+0000] {dagbag.py:545} INFO - Filling up the DagBag from /opt/airflow/dags/dag_previsao_demanda.py
[2026-08-24T22:34:10.186+0000] {processor.py:840} INFO - DAG(s) 'Acougue_Previsao_Demanda_FLAML' retrieved from /opt/airflow/dags/dag_previsao_demanda.py
[2026-08-24T22:34:10.213+0000] {logging_mixin.py:188} INFO - [2026-08-24T22:34:10.212+0000] {dag.py:3096} INFO - Sync 1 DAGs
[2026-08-24T22:34:10.246+0000] {logging_mixin.py:188} INFO - [2026-08-24T22:34:10.245+0000] {dag.py:3954} INFO - Setting next_dagrun for Acougue_Previsao_Demanda_FLAML to 2026-08-23 02:00:00+00:00, run_after=2026-08-24 02:00:00+00:00
[2026-08-24T22:34:10.277+0000] {processor.py:183} INFO - Processing /opt/airflow/dags/dag_previsao_demanda.py took 3.055 seconds
[2026-08-24T22:34:40.510+0000] {processor.py:161} INFO - Started process (PID=294) to work on /opt/airflow/dags/dag_previsao_demanda.py
[2026-08-24T22:34:40.512+0000] {processor.py:830} INFO - Processing file /opt/airflow/dags/dag_previsao_demanda.py for tasks to queue
[2026-08-24T22:34:40.514+0000] {logging_mixin.py:188} INFO - [2026-08-24T22:34:40.513+0000] {dagbag.py:545} INFO - Filling up the DagBag from /opt/airflow/dags/dag_previsao_demanda.py
[2026-08-24T22:34:43.111+0000] {processor.py:840} INFO - DAG(s) 'Acougue_Previsao_Demanda_FLAML' retrieved from /opt/airflow/dags/dag_previsao_demanda.py
[2026-08-24T22:34:43.159+0000] {logging_mixin.py:188} INFO - [2026-08-24T22:34:43.158+0000] {dag.py:3096} INFO - Sync 1 DAGs
[2026-08-24T22:34:43.201+0000] {logging_mixin.py:188} INFO - [2026-08-24T22:34:43.200+0000] {dag.py:3954} INFO - Setting next_dagrun for Acougue_Previsao_Demanda_FLAML to 2026-08-23 02:00:00+00:00, run_after=2026-08-24 02:00:00+00:00
[2026-08-24T22:34:43.248+0000] {processor.py:183} INFO - Processing /opt/airflow/dags/dag_previsao_demanda.py took 2.746 seconds
[2026-08-24T22:35:13.496+0000] {processor.py:161} INFO - Started process (PID=310) to work on /opt/airflow/dags/dag_previsao_demanda.py
[2026-08-24T22:35:13.497+0000] {processor.py:830} INFO - Processing file /opt/airflow/dags/dag_previsao_demanda.py for tasks to queue
[2026-08-24T22:35:13.500+0000] {logging_mixin.py:188} INFO - [2026-08-24T22:35:13.499+0000] {dagbag.py:545} INFO - Filling up the DagBag from /opt/airflow/dags/dag_previsao_demanda.py
[2026-08-24T22:35:16.003+0000] {processor.py:840} INFO - DAG(s) 'Acougue_Previsao_Demanda_FLAML' retrieved from /opt/airflow/dags/dag_previsao_demanda.py
[2026-08-24T22:35:16.034+0000] {logging_mixin.py:188} INFO - [2026-08-24T22:35:16.033+0000] {dag.py:3096} INFO - Sync 1 DAGs
[2026-08-24T22:35:16.062+0000] {logging_mixin.py:188} INFO - [2026-08-24T22:35:16.062+0000] {dag.py:3954} INFO - Setting next_dagrun for Acougue_Previsao_Demanda_FLAML to 2026-08-23 02:00:00+00:00, run_after=2026-08-24 02:00:00+00:00
[2026-08-24T22:35:16.087+0000] {processor.py:183} INFO - Processing /opt/airflow/dags/dag_previsao_demanda.py took 2.602 seconds
[2026-08-24T22:35:46.305+0000] {processor.py:161} INFO - Started process (PID=326) to work on /opt/airflow/dags/dag_previsao_demanda.py
[2026-08-24T22:35:46.307+0000] {processor.py:830} INFO - Processing file /opt/airflow/dags/dag_previsao_demanda.py for tasks to queue
[2026-08-24T22:35:46.311+0000] {logging_mixin.py:188} INFO - [2026-08-24T22:35:46.310+0000] {dagbag.py:545} INFO - Filling up the DagBag from /opt/airflow/dags/dag_previsao_demanda.py
[2026-08-24T22:35:48.890+0000] {processor.py:840} INFO - DAG(s) 'Acougue_Previsao_Demanda_FLAML' retrieved from /opt/airflow/dags/dag_previsao_demanda.py
[2026-08-24T22:35:48.919+0000] {logging_mixin.py:188} INFO - [2026-08-24T22:35:48.918+0000] {dag.py:3096} INFO - Sync 1 DAGs
[2026-08-24T22:35:48.940+0000] {logging_mixin.py:188} INFO - [2026-08-24T22:35:48.940+0000] {dag.py:3954} INFO - Setting next_dagrun for Acougue_Previsao_Demanda_FLAML to 2026-08-23 02:00:00+00:00, run_after=2026-08-24 02:00:00+00:00
[2026-08-24T22:35:48.955+0000] {processor.py:183} INFO - Processing /opt/airflow/dags/dag_previsao_demanda.py took 2.659 seconds
[2026-08-24T22:36:19.150+0000] {processor.py:161} INFO - Started process (PID=342) to work on /opt/airflow/dags/dag_previsao_demanda.py
[2026-08-24T22:36:19.152+0000] {processor.py:830} INFO - Processing file /opt/airflow/dags/dag_previsao_demanda.py for tasks to queue
[2026-08-24T22:36:19.155+0000] {logging_mixin.py:188} INFO - [2026-08-24T22:36:19.154+0000] {dagbag.py:545} INFO - Filling up the DagBag from /opt/airflow/dags/dag_previsao_demanda.py
[2026-08-24T22:36:21.725+0000] {processor.py:840} INFO - DAG(s) 'Acougue_Previsao_Demanda_FLAML' retrieved from /opt/airflow/dags/dag_previsao_demanda.py
[2026-08-24T22:36:21.758+0000] {logging_mixin.py:188} INFO - [2026-08-24T22:36:21.758+0000] {dag.py:3096} INFO - Sync 1 DAGs
[2026-08-24T22:36:21.789+0000] {logging_mixin.py:188} INFO - [2026-08-24T22:36:21.789+0000] {dag.py:3954} INFO - Setting next_dagrun for Acougue_Previsao_Demanda_FLAML to 2026-08-23 02:00:00+00:00, run_after=2026-08-24 02:00:00+00:00
[2026-08-24T22:36:21.812+0000] {processor.py:183} INFO - Processing /opt/airflow/dags/dag_previsao_demanda.py took 2.672 seconds
[2026-08-24T22:36:52.021+0000] {processor.py:161} INFO - Started process (PID=358) to work on /opt/airflow/dags/dag_previsao_demanda.py
[2026-08-24T22:36:52.022+0000] {processor.py:830} INFO - Processing file /opt/airflow/dags/dag_previsao_demanda.py for tasks to queue
[2026-08-24T22:36:52.024+0000] {logging_mixin.py:188} INFO - [2026-08-24T22:36:52.024+0000] {dagbag.py:545} INFO - Filling up the DagBag from /opt/airflow/dags/dag_previsao_demanda.py
[2026-08-24T22:36:54.480+0000] {processor.py:840} INFO - DAG(s) 'Acougue_Previsao_Demanda_FLAML' retrieved from /opt/airflow/dags/dag_previsao_demanda.py
[2026-08-24T22:36:54.515+0000] {logging_mixin.py:188} INFO - [2026-08-24T22:36:54.514+0000] {dag.py:3096} INFO - Sync 1 DAGs
[2026-08-24T22:36:54.551+0000] {logging_mixin.py:188} INFO - [2026-08-24T22:36:54.551+0000] {dag.py:3954} INFO - Setting next_dagrun for Acougue_Previsao_Demanda_FLAML to 2026-08-23 02:00:00+00:00, run_after=2026-08-24 02:00:00+00:00
[2026-08-24T22:36:54.579+0000] {processor.py:183} INFO - Processing /opt/airflow/dags/dag_previsao_demanda.py took 2.567 seconds
[2026-08-24T22:37:24.834+0000] {processor.py:161} INFO - Started process (PID=374) to work on /opt/airflow/dags/dag_previsao_demanda.py
[2026-08-24T22:37:24.837+0000] {processor.py:830} INFO - Processing file /opt/airflow/dags/dag_previsao_demanda.py for tasks to queue
[2026-08-24T22:37:24.840+0000] {logging_mixin.py:188} INFO - [2026-08-24T22:37:24.839+0000] {dagbag.py:545} INFO - Filling up the DagBag from /opt/airflow/dags/dag_previsao_demanda.py
[2026-08-24T22:37:27.463+0000] {processor.py:840} INFO - DAG(s) 'Acougue_Previsao_Demanda_FLAML' retrieved from /opt/airflow/dags/dag_previsao_demanda.py
[2026-08-24T22:37:27.494+0000] {logging_mixin.py:188} INFO - [2026-08-24T22:37:27.493+0000] {dag.py:3096} INFO - Sync 1 DAGs
[2026-08-24T22:37:27.522+0000] {logging_mixin.py:188} INFO - [2026-08-24T22:37:27.521+0000] {dag.py:3954} INFO - Setting next_dagrun for Acougue_Previsao_Demanda_FLAML to 2026-08-23 02:00:00+00:00, run_after=2026-08-24 02:00:00+00:00
[2026-08-24T22:37:27.546+0000] {processor.py:183} INFO - Processing /opt/airflow/dags/dag_previsao_demanda.py took 2.720 seconds
[2026-08-24T22:37:57.774+0000] {processor.py:161} INFO - Started process (PID=397) to work on /opt/airflow/dags/dag_previsao_demanda.py
[2026-08-24T22:37:57.775+0000] {processor.py:830} INFO - Processing file /opt/airflow/dags/dag_previsao_demanda.py for tasks to queue
[2026-08-24T22:37:57.778+0000] {logging_mixin.py:188} INFO - [2026-08-24T22:37:57.777+0000] {dagbag.py:545} INFO - Filling up the DagBag from /opt/airflow/dags/dag_previsao_demanda.py
[2026-08-24T22:38:00.761+0000] {processor.py:840} INFO - DAG(s) 'Acougue_Previsao_Demanda_FLAML' retrieved from /opt/airflow/dags/dag_previsao_demanda.py
[2026-08-24T22:38:00.817+0000] {logging_mixin.py:188} INFO - [2026-08-24T22:38:00.816+0000] {dag.py:3096} INFO - Sync 1 DAGs
[2026-08-24T22:38:00.862+0000] {logging_mixin.py:188} INFO - [2026-08-24T22:38:00.861+0000] {dag.py:3954} INFO - Setting next_dagrun for Acougue_Previsao_Demanda_FLAML to 2026-08-23 02:00:00+00:00, run_after=2026-08-24 02:00:00+00:00
[2026-08-24T22:38:00.921+0000] {processor.py:183} INFO - Processing /opt/airflow/dags/dag_previsao_demanda.py took 3.157 seconds
[2026-08-24T22:38:31.248+0000] {processor.py:161} INFO - Started process (PID=413) to work on /opt/airflow/dags/dag_previsao_demanda.py
[2026-08-24T22:38:31.250+0000] {processor.py:830} INFO - Processing file /opt/airflow/dags/dag_previsao_demanda.py for tasks to queue
[2026-08-24T22:38:31.252+0000] {logging_mixin.py:188} INFO - [2026-08-24T22:38:31.252+0000] {dagbag.py:545} INFO - Filling up the DagBag from /opt/airflow/dags/dag_previsao_demanda.py
[2026-08-24T22:38:33.904+0000] {processor.py:840} INFO - DAG(s) 'Acougue_Previsao_Demanda_FLAML' retrieved from /opt/airflow/dags/dag_previsao_demanda.py
[2026-08-24T22:38:33.932+0000] {logging_mixin.py:188} INFO - [2026-08-24T22:38:33.931+0000] {dag.py:3096} INFO - Sync 1 DAGs
[2026-08-24T22:38:33.962+0000] {logging_mixin.py:188} INFO - [2026-08-24T22:38:33.962+0000] {dag.py:3954} INFO - Setting next_dagrun for Acougue_Previsao_Demanda_FLAML to 2026-08-23 02:00:00+00:00, run_after=2026-08-24 02:00:00+00:00
[2026-08-24T22:38:33.985+0000] {processor.py:183} INFO - Processing /opt/airflow/dags/dag_previsao_demanda.py took 2.745 seconds
[2026-08-24T22:39:04.269+0000] {processor.py:161} INFO - Started process (PID=429) to work on /opt/airflow/dags/dag_previsao_demanda.py
[2026-08-24T22:39:04.274+0000] {processor.py:830} INFO - Processing file /opt/airflow/dags/dag_previsao_demanda.py for tasks to queue
[2026-08-24T22:39:04.278+0000] {logging_mixin.py:188} INFO - [2026-08-24T22:39:04.278+0000] {dagbag.py:545} INFO - Filling up the DagBag from /opt/airflow/dags/dag_previsao_demanda.py
[2026-08-24T22:39:07.958+0000] {processor.py:840} INFO - DAG(s) 'Acougue_Previsao_Demanda_FLAML' retrieved from /opt/airflow/dags/dag_previsao_demanda.py
[2026-08-24T22:39:08.002+0000] {logging_mixin.py:188} INFO - [2026-08-24T22:39:08.000+0000] {dag.py:3096} INFO - Sync 1 DAGs
[2026-08-24T22:39:08.055+0000] {logging_mixin.py:188} INFO - [2026-08-24T22:39:08.053+0000] {dag.py:3954} INFO - Setting next_dagrun for Acougue_Previsao_Demanda_FLAML to 2026-08-23 02:00:00+00:00, run_after=2026-08-24 02:00:00+00:00
[2026-08-24T22:39:08.139+0000] {processor.py:183} INFO - Processing /opt/airflow/dags/dag_previsao_demanda.py took 3.884 seconds
[2026-08-24T22:39:38.413+0000] {processor.py:161} INFO - Started process (PID=445) to work on /opt/airflow/dags/dag_previsao_demanda.py
[2026-08-24T22:39:38.414+0000] {processor.py:830} INFO - Processing file /opt/airflow/dags/dag_previsao_demanda.py for tasks to queue
[2026-08-24T22:39:38.416+0000] {logging_mixin.py:188} INFO - [2026-08-24T22:39:38.416+0000] {dagbag.py:545} INFO - Filling up the DagBag from /opt/airflow/dags/dag_previsao_demanda.py
[2026-08-24T22:39:41.301+0000] {processor.py:840} INFO - DAG(s) 'Acougue_Previsao_Demanda_FLAML' retrieved from /opt/airflow/dags/dag_previsao_demanda.py
[2026-08-24T22:39:41.333+0000] {logging_mixin.py:188} INFO - [2026-08-24T22:39:41.333+0000] {dag.py:3096} INFO - Sync 1 DAGs
[2026-08-24T22:39:41.360+0000] {logging_mixin.py:188} INFO - [2026-08-24T22:39:41.360+0000] {dag.py:3954} INFO - Setting next_dagrun for Acougue_Previsao_Demanda_FLAML to 2026-08-23 02:00:00+00:00, run_after=2026-08-24 02:00:00+00:00
[2026-08-24T22:39:41.383+0000] {processor.py:183} INFO - Processing /opt/airflow/dags/dag_previsao_demanda.py took 2.980 seconds
[2026-08-24T22:40:11.483+0000] {processor.py:161} INFO - Started process (PID=473) to work on /opt/airflow/dags/dag_previsao_demanda.py
[2026-08-24T22:40:11.488+0000] {processor.py:830} INFO - Processing file /opt/airflow/dags/dag_previsao_demanda.py for tasks to queue
[2026-08-24T22:40:11.490+0000] {logging_mixin.py:188} INFO - [2026-08-24T22:40:11.490+0000] {dagbag.py:545} INFO - Filling up the DagBag from /opt/airflow/dags/dag_previsao_demanda.py
[2026-08-24T22:40:14.634+0000] {processor.py:840} INFO - DAG(s) 'Acougue_Previsao_Demanda_FLAML' retrieved from /opt/airflow/dags/dag_previsao_demanda.py
[2026-08-24T22:40:14.667+0000] {logging_mixin.py:188} INFO - [2026-08-24T22:40:14.666+0000] {dag.py:3096} INFO - Sync 1 DAGs
[2026-08-24T22:40:14.698+0000] {logging_mixin.py:188} INFO - [2026-08-24T22:40:14.698+0000] {dag.py:3954} INFO - Setting next_dagrun for Acougue_Previsao_Demanda_FLAML to 2026-08-24 02:00:00+00:00, run_after=2026-08-25 02:00:00+00:00
[2026-08-24T22:40:14.721+0000] {processor.py:183} INFO - Processing /opt/airflow/dags/dag_previsao_demanda.py took 3.248 seconds
[2026-08-24T22:40:44.937+0000] {processor.py:161} INFO - Started process (PID=489) to work on /opt/airflow/dags/dag_previsao_demanda.py
[2026-08-24T22:40:44.939+0000] {processor.py:830} INFO - Processing file /opt/airflow/dags/dag_previsao_demanda.py for tasks to queue
[2026-08-24T22:40:44.941+0000] {logging_mixin.py:188} INFO - [2026-08-24T22:40:44.941+0000] {dagbag.py:545} INFO - Filling up the DagBag from /opt/airflow/dags/dag_previsao_demanda.py
[2026-08-24T22:40:47.513+0000] {processor.py:840} INFO - DAG(s) 'Acougue_Previsao_Demanda_FLAML' retrieved from /opt/airflow/dags/dag_previsao_demanda.py
[2026-08-24T22:40:47.547+0000] {logging_mixin.py:188} INFO - [2026-08-24T22:40:47.546+0000] {dag.py:3096} INFO - Sync 1 DAGs
[2026-08-24T22:40:47.583+0000] {logging_mixin.py:188} INFO - [2026-08-24T22:40:47.582+0000] {dag.py:3954} INFO - Setting next_dagrun for Acougue_Previsao_Demanda_FLAML to 2026-08-24 02:00:00+00:00, run_after=2026-08-25 02:00:00+00:00
[2026-08-24T22:40:47.618+0000] {processor.py:183} INFO - Processing /opt/airflow/dags/dag_previsao_demanda.py took 2.689 seconds
[2026-08-24T22:41:17.915+0000] {processor.py:161} INFO - Started process (PID=505) to work on /opt/airflow/dags/dag_previsao_demanda.py
[2026-08-24T22:41:17.918+0000] {processor.py:830} INFO - Processing file /opt/airflow/dags/dag_previsao_demanda.py for tasks to queue
[2026-08-24T22:41:17.922+0000] {logging_mixin.py:188} INFO - [2026-08-24T22:41:17.921+0000] {dagbag.py:545} INFO - Filling up the DagBag from /opt/airflow/dags/dag_previsao_demanda.py
[2026-08-24T22:41:20.734+0000] {processor.py:840} INFO - DAG(s) 'Acougue_Previsao_Demanda_FLAML' retrieved from /opt/airflow/dags/dag_previsao_demanda.py
[2026-08-24T22:41:20.771+0000] {logging_mixin.py:188} INFO - [2026-08-24T22:41:20.770+0000] {dag.py:3096} INFO - Sync 1 DAGs
[2026-08-24T22:41:20.807+0000] {logging_mixin.py:188} INFO - [2026-08-24T22:41:20.807+0000] {dag.py:3954} INFO - Setting next_dagrun for Acougue_Previsao_Demanda_FLAML to 2026-08-24 02:00:00+00:00, run_after=2026-08-25 02:00:00+00:00
[2026-08-24T22:41:20.841+0000] {processor.py:183} INFO - Processing /opt/airflow/dags/dag_previsao_demanda.py took 2.938 seconds
[2026-08-24T22:41:51.093+0000] {processor.py:161} INFO - Started process (PID=521) to work on /opt/airflow/dags/dag_previsao_demanda.py
[2026-08-24T22:41:51.095+0000] {processor.py:830} INFO - Processing file /opt/airflow/dags/dag_previsao_demanda.py for tasks to queue
[2026-08-24T22:41:51.097+0000] {logging_mixin.py:188} INFO - [2026-08-24T22:41:51.097+0000] {dagbag.py:545} INFO - Filling up the DagBag from /opt/airflow/dags/dag_previsao_demanda.py
[2026-08-24T22:41:53.912+0000] {processor.py:840} INFO - DAG(s) 'Acougue_Previsao_Demanda_FLAML' retrieved from /opt/airflow/dags/dag_previsao_demanda.py
[2026-08-24T22:41:53.944+0000] {logging_mixin.py:188} INFO - [2026-08-24T22:41:53.943+0000] {dag.py:3096} INFO - Sync 1 DAGs
[2026-08-24T22:41:53.975+0000] {logging_mixin.py:188} INFO - [2026-08-24T22:41:53.974+0000] {dag.py:3954} INFO - Setting next_dagrun for Acougue_Previsao_Demanda_FLAML to 2026-08-24 02:00:00+00:00, run_after=2026-08-25 02:00:00+00:00
[2026-08-24T22:41:54.006+0000] {processor.py:183} INFO - Processing /opt/airflow/dags/dag_previsao_demanda.py took 2.927 seconds
[2026-08-24T22:42:24.115+0000] {processor.py:161} INFO - Started process (PID=537) to work on /opt/airflow/dags/dag_previsao_demanda.py
[2026-08-24T22:42:24.117+0000] {processor.py:830} INFO - Processing file /opt/airflow/dags/dag_previsao_demanda.py for tasks to queue
[2026-08-24T22:42:24.120+0000] {logging_mixin.py:188} INFO - [2026-08-24T22:42:24.119+0000] {dagbag.py:545} INFO - Filling up the DagBag from /opt/airflow/dags/dag_previsao_demanda.py
[2026-08-24T22:42:26.870+0000] {processor.py:840} INFO - DAG(s) 'Acougue_Previsao_Demanda_FLAML' retrieved from /opt/airflow/dags/dag_previsao_demanda.py
[2026-08-24T22:42:26.897+0000] {logging_mixin.py:188} INFO - [2026-08-24T22:42:26.896+0000] {dag.py:3096} INFO - Sync 1 DAGs
[2026-08-24T22:42:26.930+0000] {logging_mixin.py:188} INFO - [2026-08-24T22:42:26.930+0000] {dag.py:3954} INFO - Setting next_dagrun for Acougue_Previsao_Demanda_FLAML to 2026-08-24 02:00:00+00:00, run_after=2026-08-25 02:00:00+00:00
[2026-08-24T22:42:26.958+0000] {processor.py:183} INFO - Processing /opt/airflow/dags/dag_previsao_demanda.py took 2.855 seconds
[2026-08-24T22:42:57.205+0000] {processor.py:161} INFO - Started process (PID=553) to work on /opt/airflow/dags/dag_previsao_demanda.py
[2026-08-24T22:42:57.206+0000] {processor.py:830} INFO - Processing file /opt/airflow/dags/dag_previsao_demanda.py for tasks to queue
[2026-08-24T22:42:57.208+0000] {logging_mixin.py:188} INFO - [2026-08-24T22:42:57.208+0000] {dagbag.py:545} INFO - Filling up the DagBag from /opt/airflow/dags/dag_previsao_demanda.py
[2026-08-24T22:42:59.738+0000] {processor.py:840} INFO - DAG(s) 'Acougue_Previsao_Demanda_FLAML' retrieved from /opt/airflow/dags/dag_previsao_demanda.py
[2026-08-24T22:42:59.765+0000] {logging_mixin.py:188} INFO - [2026-08-24T22:42:59.765+0000] {dag.py:3096} INFO - Sync 1 DAGs
[2026-08-24T22:42:59.793+0000] {logging_mixin.py:188} INFO - [2026-08-24T22:42:59.792+0000] {dag.py:3954} INFO - Setting next_dagrun for Acougue_Previsao_Demanda_FLAML to 2026-08-24 02:00:00+00:00, run_after=2026-08-25 02:00:00+00:00
[2026-08-24T22:42:59.813+0000] {processor.py:183} INFO - Processing /opt/airflow/dags/dag_previsao_demanda.py took 2.617 seconds
[2026-08-24T22:43:30.091+0000] {processor.py:161} INFO - Started process (PID=569) to work on /opt/airflow/dags/dag_previsao_demanda.py
[2026-08-24T22:43:30.092+0000] {processor.py:830} INFO - Processing file /opt/airflow/dags/dag_previsao_demanda.py for tasks to queue
[2026-08-24T22:43:30.094+0000] {logging_mixin.py:188} INFO - [2026-08-24T22:43:30.094+0000] {dagbag.py:545} INFO - Filling up the DagBag from /opt/airflow/dags/dag_previsao_demanda.py
[2026-08-24T22:43:32.561+0000] {processor.py:840} INFO - DAG(s) 'Acougue_Previsao_Demanda_FLAML' retrieved from /opt/airflow/dags/dag_previsao_demanda.py
[2026-08-24T22:43:32.586+0000] {logging_mixin.py:188} INFO - [2026-08-24T22:43:32.586+0000] {dag.py:3096} INFO - Sync 1 DAGs
[2026-08-24T22:43:32.610+0000] {logging_mixin.py:188} INFO - [2026-08-24T22:43:32.610+0000] {dag.py:3954} INFO - Setting next_dagrun for Acougue_Previsao_Demanda_FLAML to 2026-08-24 02:00:00+00:00, run_after=2026-08-25 02:00:00+00:00
[2026-08-24T22:43:32.626+0000] {processor.py:183} INFO - Processing /opt/airflow/dags/dag_previsao_demanda.py took 2.543 seconds
[2026-08-24T22:44:02.866+0000] {processor.py:161} INFO - Started process (PID=585) to work on /opt/airflow/dags/dag_previsao_demanda.py
[2026-08-24T22:44:02.867+0000] {processor.py:830} INFO - Processing file /opt/airflow/dags/dag_previsao_demanda.py for tasks to queue
[2026-08-24T22:44:02.870+0000] {logging_mixin.py:188} INFO - [2026-08-24T22:44:02.869+0000] {dagbag.py:545} INFO - Filling up the DagBag from /opt/airflow/dags/dag_previsao_demanda.py
[2026-08-24T22:44:06.283+0000] {processor.py:840} INFO - DAG(s) 'Acougue_Previsao_Demanda_FLAML' retrieved from /opt/airflow/dags/dag_previsao_demanda.py
[2026-08-24T22:44:06.332+0000] {logging_mixin.py:188} INFO - [2026-08-24T22:44:06.331+0000] {dag.py:3096} INFO - Sync 1 DAGs
[2026-08-24T22:44:06.368+0000] {logging_mixin.py:188} INFO - [2026-08-24T22:44:06.368+0000] {dag.py:3954} INFO - Setting next_dagrun for Acougue_Previsao_Demanda_FLAML to 2026-08-24 02:00:00+00:00, run_after=2026-08-25 02:00:00+00:00
[2026-08-24T22:44:06.399+0000] {processor.py:183} INFO - Processing /opt/airflow/dags/dag_previsao_demanda.py took 3.544 seconds
[2026-08-24T22:44:36.693+0000] {processor.py:161} INFO - Started process (PID=601) to work on /opt/airflow/dags/dag_previsao_demanda.py
[2026-08-24T22:44:36.694+0000] {processor.py:830} INFO - Processing file /opt/airflow/dags/dag_previsao_demanda.py for tasks to queue
[2026-08-24T22:44:36.696+0000] {logging_mixin.py:188} INFO - [2026-08-24T22:44:36.696+0000] {dagbag.py:545} INFO - Filling up the DagBag from /opt/airflow/dags/dag_previsao_demanda.py
[2026-08-24T22:44:39.351+0000] {processor.py:840} INFO - DAG(s) 'Acougue_Previsao_Demanda_FLAML' retrieved from /opt/airflow/dags/dag_previsao_demanda.py
[2026-08-24T22:44:39.380+0000] {logging_mixin.py:188} INFO - [2026-08-24T22:44:39.379+0000] {dag.py:3096} INFO - Sync 1 DAGs
[2026-08-24T22:44:39.403+0000] {logging_mixin.py:188} INFO - [2026-08-24T22:44:39.403+0000] {dag.py:3954} INFO - Setting next_dagrun for Acougue_Previsao_Demanda_FLAML to 2026-08-24 02:00:00+00:00, run_after=2026-08-25 02:00:00+00:00
[2026-08-24T22:44:39.423+0000] {processor.py:183} INFO - Processing /opt/airflow/dags/dag_previsao_demanda.py took 2.739 seconds
[2026-08-24T22:45:09.691+0000] {processor.py:161} INFO - Started process (PID=624) to work on /opt/airflow/dags/dag_previsao_demanda.py
[2026-08-24T22:45:09.693+0000] {processor.py:830} INFO - Processing file /opt/airflow/dags/dag_previsao_demanda.py for tasks to queue
[2026-08-24T22:45:09.695+0000] {logging_mixin.py:188} INFO - [2026-08-24T22:45:09.695+0000] {dagbag.py:545} INFO - Filling up the DagBag from /opt/airflow/dags/dag_previsao_demanda.py
[2026-08-24T22:45:12.864+0000] {processor.py:840} INFO - DAG(s) 'Acougue_Previsao_Demanda_FLAML' retrieved from /opt/airflow/dags/dag_previsao_demanda.py
[2026-08-24T22:45:12.916+0000] {logging_mixin.py:188} INFO - [2026-08-24T22:45:12.916+0000] {dag.py:3096} INFO - Sync 1 DAGs
[2026-08-24T22:45:12.950+0000] {logging_mixin.py:188} INFO - [2026-08-24T22:45:12.949+0000] {dag.py:3954} INFO - Setting next_dagrun for Acougue_Previsao_Demanda_FLAML to 2026-08-24 02:00:00+00:00, run_after=2026-08-25 02:00:00+00:00
[2026-08-24T22:45:12.970+0000] {processor.py:183} INFO - Processing /opt/airflow/dags/dag_previsao_demanda.py took 3.291 seconds
[2026-08-24T22:45:43.278+0000] {processor.py:161} INFO - Started process (PID=644) to work on /opt/airflow/dags/dag_previsao_demanda.py
[2026-08-24T22:45:43.283+0000] {processor.py:830} INFO - Processing file /opt/airflow/dags/dag_previsao_demanda.py for tasks to queue
[2026-08-24T22:45:43.288+0000] {logging_mixin.py:188} INFO - [2026-08-24T22:45:43.287+0000] {dagbag.py:545} INFO - Filling up the DagBag from /opt/airflow/dags/dag_previsao_demanda.py
[2026-08-24T22:45:47.245+0000] {processor.py:840} INFO - DAG(s) 'Acougue_Previsao_Demanda_FLAML' retrieved from /opt/airflow/dags/dag_previsao_demanda.py
[2026-08-24T22:45:47.274+0000] {logging_mixin.py:188} INFO - [2026-08-24T22:45:47.273+0000] {dag.py:3096} INFO - Sync 1 DAGs
[2026-08-24T22:45:47.303+0000] {logging_mixin.py:188} INFO - [2026-08-24T22:45:47.303+0000] {dag.py:3954} INFO - Setting next_dagrun for Acougue_Previsao_Demanda_FLAML to 2026-08-24 02:00:00+00:00, run_after=2026-08-25 02:00:00+00:00
[2026-08-24T22:45:47.327+0000] {processor.py:183} INFO - Processing /opt/airflow/dags/dag_previsao_demanda.py took 4.065 seconds
[2026-08-24T22:46:17.593+0000] {processor.py:161} INFO - Started process (PID=662) to work on /opt/airflow/dags/dag_previsao_demanda.py
[2026-08-24T22:46:17.597+0000] {processor.py:830} INFO - Processing file /opt/airflow/dags/dag_previsao_demanda.py for tasks to queue
[2026-08-24T22:46:17.606+0000] {logging_mixin.py:188} INFO - [2026-08-24T22:46:17.602+0000] {dagbag.py:545} INFO - Filling up the DagBag from /opt/airflow/dags/dag_previsao_demanda.py
[2026-08-24T22:46:21.956+0000] {processor.py:840} INFO - DAG(s) 'Acougue_Previsao_Demanda_FLAML' retrieved from /opt/airflow/dags/dag_previsao_demanda.py
[2026-08-24T22:46:21.990+0000] {logging_mixin.py:188} INFO - [2026-08-24T22:46:21.989+0000] {dag.py:3096} INFO - Sync 1 DAGs
[2026-08-24T22:46:22.028+0000] {logging_mixin.py:188} INFO - [2026-08-24T22:46:22.027+0000] {dag.py:3954} INFO - Setting next_dagrun for Acougue_Previsao_Demanda_FLAML to 2026-08-24 02:00:00+00:00, run_after=2026-08-25 02:00:00+00:00
[2026-08-24T22:46:22.065+0000] {processor.py:183} INFO - Processing /opt/airflow/dags/dag_previsao_demanda.py took 4.484 seconds
[2026-08-24T22:46:52.848+0000] {processor.py:161} INFO - Started process (PID=678) to work on /opt/airflow/dags/dag_previsao_demanda.py
[2026-08-24T22:46:52.851+0000] {processor.py:830} INFO - Processing file /opt/airflow/dags/dag_previsao_demanda.py for tasks to queue
[2026-08-24T22:46:52.856+0000] {logging_mixin.py:188} INFO - [2026-08-24T22:46:52.855+0000] {dagbag.py:545} INFO - Filling up the DagBag from /opt/airflow/dags/dag_previsao_demanda.py
[2026-08-24T22:46:55.925+0000] {processor.py:840} INFO - DAG(s) 'Acougue_Previsao_Demanda_FLAML' retrieved from /opt/airflow/dags/dag_previsao_demanda.py
[2026-08-24T22:46:55.974+0000] {logging_mixin.py:188} INFO - [2026-08-24T22:46:55.973+0000] {dag.py:3096} INFO - Sync 1 DAGs
[2026-08-24T22:46:56.002+0000] {logging_mixin.py:188} INFO - [2026-08-24T22:46:56.002+0000] {dag.py:3954} INFO - Setting next_dagrun for Acougue_Previsao_Demanda_FLAML to 2026-08-24 02:00:00+00:00, run_after=2026-08-25 02:00:00+00:00
[2026-08-24T22:46:56.035+0000] {processor.py:183} INFO - Processing /opt/airflow/dags/dag_previsao_demanda.py took 3.203 seconds
[2026-08-24T22:47:26.266+0000] {processor.py:161} INFO - Started process (PID=694) to work on /opt/airflow/dags/dag_previsao_demanda.py
[2026-08-24T22:47:26.267+0000] {processor.py:830} INFO - Processing file /opt/airflow/dags/dag_previsao_demanda.py for tasks to queue
[2026-08-24T22:47:26.270+0000] {logging_mixin.py:188} INFO - [2026-08-24T22:47:26.269+0000] {dagbag.py:545} INFO - Filling up the DagBag from /opt/airflow/dags/dag_previsao_demanda.py
[2026-08-24T22:47:29.776+0000] {processor.py:840} INFO - DAG(s) 'Acougue_Previsao_Demanda_FLAML' retrieved from /opt/airflow/dags/dag_previsao_demanda.py
[2026-08-24T22:47:29.806+0000] {logging_mixin.py:188} INFO - [2026-08-24T22:47:29.805+0000] {dag.py:3096} INFO - Sync 1 DAGs
[2026-08-24T22:47:29.830+0000] {logging_mixin.py:188} INFO - [2026-08-24T22:47:29.830+0000] {dag.py:3954} INFO - Setting next_dagrun for Acougue_Previsao_Demanda_FLAML to 2026-08-24 02:00:00+00:00, run_after=2026-08-25 02:00:00+00:00
[2026-08-24T22:47:29.852+0000] {processor.py:183} INFO - Processing /opt/airflow/dags/dag_previsao_demanda.py took 3.597 seconds
[2026-08-24T22:48:00.097+0000] {processor.py:161} INFO - Started process (PID=712) to work on /opt/airflow/dags/dag_previsao_demanda.py
[2026-08-24T22:48:00.099+0000] {processor.py:830} INFO - Processing file /opt/airflow/dags/dag_previsao_demanda.py for tasks to queue
[2026-08-24T22:48:00.102+0000] {logging_mixin.py:188} INFO - [2026-08-24T22:48:00.101+0000] {dagbag.py:545} INFO - Filling up the DagBag from /opt/airflow/dags/dag_previsao_demanda.py
[2026-08-24T22:48:05.666+0000] {processor.py:840} INFO - DAG(s) 'Acougue_Previsao_Demanda_FLAML' retrieved from /opt/airflow/dags/dag_previsao_demanda.py
[2026-08-24T22:48:05.702+0000] {logging_mixin.py:188} INFO - [2026-08-24T22:48:05.701+0000] {dag.py:3096} INFO - Sync 1 DAGs
[2026-08-24T22:48:05.735+0000] {logging_mixin.py:188} INFO - [2026-08-24T22:48:05.734+0000] {dag.py:3954} INFO - Setting next_dagrun for Acougue_Previsao_Demanda_FLAML to 2026-08-24 02:00:00+00:00, run_after=2026-08-25 02:00:00+00:00
[2026-08-24T22:48:05.765+0000] {processor.py:183} INFO - Processing /opt/airflow/dags/dag_previsao_demanda.py took 5.688 seconds
[2026-08-24T22:48:36.019+0000] {processor.py:161} INFO - Started process (PID=728) to work on /opt/airflow/dags/dag_previsao_demanda.py
[2026-08-24T22:48:36.020+0000] {processor.py:830} INFO - Processing file /opt/airflow/dags/dag_previsao_demanda.py for tasks to queue
[2026-08-24T22:48:36.023+0000] {logging_mixin.py:188} INFO - [2026-08-24T22:48:36.022+0000] {dagbag.py:545} INFO - Filling up the DagBag from /opt/airflow/dags/dag_previsao_demanda.py
[2026-08-24T22:48:38.763+0000] {processor.py:840} INFO - DAG(s) 'Acougue_Previsao_Demanda_FLAML' retrieved from /opt/airflow/dags/dag_previsao_demanda.py
[2026-08-24T22:48:38.795+0000] {logging_mixin.py:188} INFO - [2026-08-24T22:48:38.794+0000] {dag.py:3096} INFO - Sync 1 DAGs
[2026-08-24T22:48:38.820+0000] {logging_mixin.py:188} INFO - [2026-08-24T22:48:38.820+0000] {dag.py:3954} INFO - Setting next_dagrun for Acougue_Previsao_Demanda_FLAML to 2026-08-24 02:00:00+00:00, run_after=2026-08-25 02:00:00+00:00
[2026-08-24T22:48:38.842+0000] {processor.py:183} INFO - Processing /opt/airflow/dags/dag_previsao_demanda.py took 2.837 seconds
[2026-08-24T22:49:09.099+0000] {processor.py:161} INFO - Started process (PID=744) to work on /opt/airflow/dags/dag_previsao_demanda.py
[2026-08-24T22:49:09.101+0000] {processor.py:830} INFO - Processing file /opt/airflow/dags/dag_previsao_demanda.py for tasks to queue
[2026-08-24T22:49:09.104+0000] {logging_mixin.py:188} INFO - [2026-08-24T22:49:09.104+0000] {dagbag.py:545} INFO - Filling up the DagBag from /opt/airflow/dags/dag_previsao_demanda.py
[2026-08-24T22:49:11.815+0000] {processor.py:840} INFO - DAG(s) 'Acougue_Previsao_Demanda_FLAML' retrieved from /opt/airflow/dags/dag_previsao_demanda.py
[2026-08-24T22:49:11.843+0000] {logging_mixin.py:188} INFO - [2026-08-24T22:49:11.842+0000] {dag.py:3096} INFO - Sync 1 DAGs
[2026-08-24T22:49:11.869+0000] {logging_mixin.py:188} INFO - [2026-08-24T22:49:11.869+0000] {dag.py:3954} INFO - Setting next_dagrun for Acougue_Previsao_Demanda_FLAML to 2026-08-24 02:00:00+00:00, run_after=2026-08-25 02:00:00+00:00
[2026-08-24T22:49:11.890+0000] {processor.py:183} INFO - Processing /opt/airflow/dags/dag_previsao_demanda.py took 2.801 seconds
[2026-08-24T22:49:42.156+0000] {processor.py:161} INFO - Started process (PID=760) to work on /opt/airflow/dags/dag_previsao_demanda.py
[2026-08-24T22:49:42.160+0000] {processor.py:830} INFO - Processing file /opt/airflow/dags/dag_previsao_demanda.py for tasks to queue
[2026-08-24T22:49:42.164+0000] {logging_mixin.py:188} INFO - [2026-08-24T22:49:42.163+0000] {dagbag.py:545} INFO - Filling up the DagBag from /opt/airflow/dags/dag_previsao_demanda.py
[2026-08-24T22:49:45.065+0000] {processor.py:840} INFO - DAG(s) 'Acougue_Previsao_Demanda_FLAML' retrieved from /opt/airflow/dags/dag_previsao_demanda.py
[2026-08-24T22:49:45.106+0000] {logging_mixin.py:188} INFO - [2026-08-24T22:49:45.104+0000] {dag.py:3096} INFO - Sync 1 DAGs
[2026-08-24T22:49:45.132+0000] {logging_mixin.py:188} INFO - [2026-08-24T22:49:45.131+0000] {dag.py:3954} INFO - Setting next_dagrun for Acougue_Previsao_Demanda_FLAML to 2026-08-24 02:00:00+00:00, run_after=2026-08-25 02:00:00+00:00
[2026-08-24T22:49:45.151+0000] {processor.py:183} INFO - Processing /opt/airflow/dags/dag_previsao_demanda.py took 3.012 seconds
[2026-08-24T22:50:15.483+0000] {processor.py:161} INFO - Started process (PID=776) to work on /opt/airflow/dags/dag_previsao_demanda.py
[2026-08-24T22:50:15.484+0000] {processor.py:830} INFO - Processing file /opt/airflow/dags/dag_previsao_demanda.py for tasks to queue
[2026-08-24T22:50:15.487+0000] {logging_mixin.py:188} INFO - [2026-08-24T22:50:15.486+0000] {dagbag.py:545} INFO - Filling up the DagBag from /opt/airflow/dags/dag_previsao_demanda.py
[2026-08-24T22:50:18.580+0000] {processor.py:840} INFO - DAG(s) 'Acougue_Previsao_Demanda_FLAML' retrieved from /opt/airflow/dags/dag_previsao_demanda.py
[2026-08-24T22:50:18.636+0000] {logging_mixin.py:188} INFO - [2026-08-24T22:50:18.635+0000] {dag.py:3096} INFO - Sync 1 DAGs
[2026-08-24T22:50:18.691+0000] {logging_mixin.py:188} INFO - [2026-08-24T22:50:18.691+0000] {dag.py:3954} INFO - Setting next_dagrun for Acougue_Previsao_Demanda_FLAML to 2026-08-24 02:00:00+00:00, run_after=2026-08-25 02:00:00+00:00
[2026-08-24T22:50:18.748+0000] {processor.py:183} INFO - Processing /opt/airflow/dags/dag_previsao_demanda.py took 3.274 seconds
[2026-08-24T22:50:49.047+0000] {processor.py:161} INFO - Started process (PID=792) to work on /opt/airflow/dags/dag_previsao_demanda.py
[2026-08-24T22:50:49.049+0000] {processor.py:830} INFO - Processing file /opt/airflow/dags/dag_previsao_demanda.py for tasks to queue
[2026-08-24T22:50:49.051+0000] {logging_mixin.py:188} INFO - [2026-08-24T22:50:49.051+0000] {dagbag.py:545} INFO - Filling up the DagBag from /opt/airflow/dags/dag_previsao_demanda.py
[2026-08-24T22:50:52.630+0000] {processor.py:840} INFO - DAG(s) 'Acougue_Previsao_Demanda_FLAML' retrieved from /opt/airflow/dags/dag_previsao_demanda.py
[2026-08-24T22:50:52.663+0000] {logging_mixin.py:188} INFO - [2026-08-24T22:50:52.662+0000] {dag.py:3096} INFO - Sync 1 DAGs
[2026-08-24T22:50:52.687+0000] {logging_mixin.py:188} INFO - [2026-08-24T22:50:52.686+0000] {dag.py:3954} INFO - Setting next_dagrun for Acougue_Previsao_Demanda_FLAML to 2026-08-24 02:00:00+00:00, run_after=2026-08-25 02:00:00+00:00
[2026-08-24T22:50:52.708+0000] {processor.py:183} INFO - Processing /opt/airflow/dags/dag_previsao_demanda.py took 3.672 seconds
[2026-08-24T22:51:22.943+0000] {processor.py:161} INFO - Started process (PID=815) to work on /opt/airflow/dags/dag_previsao_demanda.py
[2026-08-24T22:51:22.945+0000] {processor.py:830} INFO - Processing file /opt/airflow/dags/dag_previsao_demanda.py for tasks to queue
[2026-08-24T22:51:22.947+0000] {logging_mixin.py:188} INFO - [2026-08-24T22:51:22.946+0000] {dagbag.py:545} INFO - Filling up the DagBag from /opt/airflow/dags/dag_previsao_demanda.py
[2026-08-24T22:51:25.591+0000] {processor.py:840} INFO - DAG(s) 'Acougue_Previsao_Demanda_FLAML' retrieved from /opt/airflow/dags/dag_previsao_demanda.py
[2026-08-24T22:51:25.618+0000] {logging_mixin.py:188} INFO - [2026-08-24T22:51:25.618+0000] {dag.py:3096} INFO - Sync 1 DAGs
[2026-08-24T22:51:25.645+0000] {logging_mixin.py:188} INFO - [2026-08-24T22:51:25.645+0000] {dag.py:3954} INFO - Setting next_dagrun for Acougue_Previsao_Demanda_FLAML to 2026-08-24 02:00:00+00:00, run_after=2026-08-25 02:00:00+00:00
[2026-08-24T22:51:25.668+0000] {processor.py:183} INFO - Processing /opt/airflow/dags/dag_previsao_demanda.py took 2.734 seconds
[2026-08-24T22:51:55.900+0000] {processor.py:161} INFO - Started process (PID=831) to work on /opt/airflow/dags/dag_previsao_demanda.py
[2026-08-24T22:51:55.901+0000] {processor.py:830} INFO - Processing file /opt/airflow/dags/dag_previsao_demanda.py for tasks to queue
[2026-08-24T22:51:55.903+0000] {logging_mixin.py:188} INFO - [2026-08-24T22:51:55.903+0000] {dagbag.py:545} INFO - Filling up the DagBag from /opt/airflow/dags/dag_previsao_demanda.py
[2026-08-24T22:51:58.665+0000] {processor.py:840} INFO - DAG(s) 'Acougue_Previsao_Demanda_FLAML' retrieved from /opt/airflow/dags/dag_previsao_demanda.py
[2026-08-24T22:51:58.694+0000] {logging_mixin.py:188} INFO - [2026-08-24T22:51:58.693+0000] {dag.py:3096} INFO - Sync 1 DAGs
[2026-08-24T22:51:58.721+0000] {logging_mixin.py:188} INFO - [2026-08-24T22:51:58.721+0000] {dag.py:3954} INFO - Setting next_dagrun for Acougue_Previsao_Demanda_FLAML to 2026-08-24 02:00:00+00:00, run_after=2026-08-25 02:00:00+00:00
[2026-08-24T22:51:58.738+0000] {processor.py:183} INFO - Processing /opt/airflow/dags/dag_previsao_demanda.py took 2.848 seconds
[2026-08-24T22:52:29.591+0000] {processor.py:161} INFO - Started process (PID=847) to work on /opt/airflow/dags/dag_previsao_demanda.py
[2026-08-24T22:52:29.593+0000] {processor.py:830} INFO - Processing file /opt/airflow/dags/dag_previsao_demanda.py for tasks to queue
[2026-08-24T22:52:29.595+0000] {logging_mixin.py:188} INFO - [2026-08-24T22:52:29.595+0000] {dagbag.py:545} INFO - Filling up the DagBag from /opt/airflow/dags/dag_previsao_demanda.py
[2026-08-24T22:52:32.186+0000] {processor.py:840} INFO - DAG(s) 'Acougue_Previsao_Demanda_FLAML' retrieved from /opt/airflow/dags/dag_previsao_demanda.py
[2026-08-24T22:52:32.223+0000] {logging_mixin.py:188} INFO - [2026-08-24T22:52:32.222+0000] {dag.py:3096} INFO - Sync 1 DAGs
[2026-08-24T22:52:32.254+0000] {logging_mixin.py:188} INFO - [2026-08-24T22:52:32.253+0000] {dag.py:3954} INFO - Setting next_dagrun for Acougue_Previsao_Demanda_FLAML to 2026-08-24 02:00:00+00:00, run_after=2026-08-25 02:00:00+00:00
[2026-08-24T22:52:32.277+0000] {processor.py:183} INFO - Processing /opt/airflow/dags/dag_previsao_demanda.py took 2.694 seconds
[2026-08-24T22:53:02.519+0000] {processor.py:161} INFO - Started process (PID=869) to work on /opt/airflow/dags/dag_previsao_demanda.py
[2026-08-24T22:53:02.522+0000] {processor.py:830} INFO - Processing file /opt/airflow/dags/dag_previsao_demanda.py for tasks to queue
[2026-08-24T22:53:02.526+0000] {logging_mixin.py:188} INFO - [2026-08-24T22:53:02.526+0000] {dagbag.py:545} INFO - Filling up the DagBag from /opt/airflow/dags/dag_previsao_demanda.py
[2026-08-24T22:53:05.579+0000] {processor.py:840} INFO - DAG(s) 'Acougue_Previsao_Demanda_FLAML' retrieved from /opt/airflow/dags/dag_previsao_demanda.py
[2026-08-24T22:53:05.605+0000] {logging_mixin.py:188} INFO - [2026-08-24T22:53:05.604+0000] {dag.py:3096} INFO - Sync 1 DAGs
[2026-08-24T22:53:05.634+0000] {logging_mixin.py:188} INFO - [2026-08-24T22:53:05.633+0000] {dag.py:3954} INFO - Setting next_dagrun for Acougue_Previsao_Demanda_FLAML to 2026-08-24 02:00:00+00:00, run_after=2026-08-25 02:00:00+00:00
[2026-08-24T22:53:05.654+0000] {processor.py:183} INFO - Processing /opt/airflow/dags/dag_previsao_demanda.py took 3.153 seconds
[2026-08-24T22:53:35.930+0000] {processor.py:161} INFO - Started process (PID=885) to work on /opt/airflow/dags/dag_previsao_demanda.py
[2026-08-24T22:53:35.934+0000] {processor.py:830} INFO - Processing file /opt/airflow/dags/dag_previsao_demanda.py for tasks to queue
[2026-08-24T22:53:35.936+0000] {logging_mixin.py:188} INFO - [2026-08-24T22:53:35.936+0000] {dagbag.py:545} INFO - Filling up the DagBag from /opt/airflow/dags/dag_previsao_demanda.py
[2026-08-24T22:53:38.669+0000] {processor.py:840} INFO - DAG(s) 'Acougue_Previsao_Demanda_FLAML' retrieved from /opt/airflow/dags/dag_previsao_demanda.py
[2026-08-24T22:53:38.715+0000] {logging_mixin.py:188} INFO - [2026-08-24T22:53:38.714+0000] {dag.py:3096} INFO - Sync 1 DAGs
[2026-08-24T22:53:38.743+0000] {logging_mixin.py:188} INFO - [2026-08-24T22:53:38.742+0000] {dag.py:3954} INFO - Setting next_dagrun for Acougue_Previsao_Demanda_FLAML to 2026-08-24 02:00:00+00:00, run_after=2026-08-25 02:00:00+00:00
[2026-08-24T22:53:38.764+0000] {processor.py:183} INFO - Processing /opt/airflow/dags/dag_previsao_demanda.py took 2.843 seconds
[2026-08-24T22:54:09.074+0000] {processor.py:161} INFO - Started process (PID=901) to work on /opt/airflow/dags/dag_previsao_demanda.py
[2026-08-24T22:54:09.084+0000] {processor.py:830} INFO - Processing file /opt/airflow/dags/dag_previsao_demanda.py for tasks to queue
[2026-08-24T22:54:09.092+0000] {logging_mixin.py:188} INFO - [2026-08-24T22:54:09.091+0000] {dagbag.py:545} INFO - Filling up the DagBag from /opt/airflow/dags/dag_previsao_demanda.py
[2026-08-24T22:54:12.262+0000] {processor.py:840} INFO - DAG(s) 'Acougue_Previsao_Demanda_FLAML' retrieved from /opt/airflow/dags/dag_previsao_demanda.py
[2026-08-24T22:54:12.292+0000] {logging_mixin.py:188} INFO - [2026-08-24T22:54:12.291+0000] {dag.py:3096} INFO - Sync 1 DAGs
[2026-08-24T22:54:12.318+0000] {logging_mixin.py:188} INFO - [2026-08-24T22:54:12.318+0000] {dag.py:3954} INFO - Setting next_dagrun for Acougue_Previsao_Demanda_FLAML to 2026-08-24 02:00:00+00:00, run_after=2026-08-25 02:00:00+00:00
[2026-08-24T22:54:12.353+0000] {processor.py:183} INFO - Processing /opt/airflow/dags/dag_previsao_demanda.py took 3.294 seconds
[2026-08-24T22:54:42.600+0000] {processor.py:161} INFO - Started process (PID=917) to work on /opt/airflow/dags/dag_previsao_demanda.py
[2026-08-24T22:54:42.601+0000] {processor.py:830} INFO - Processing file /opt/airflow/dags/dag_previsao_demanda.py for tasks to queue
[2026-08-24T22:54:42.604+0000] {logging_mixin.py:188} INFO - [2026-08-24T22:54:42.603+0000] {dagbag.py:545} INFO - Filling up the DagBag from /opt/airflow/dags/dag_previsao_demanda.py
[2026-08-24T22:54:45.123+0000] {processor.py:840} INFO - DAG(s) 'Acougue_Previsao_Demanda_FLAML' retrieved from /opt/airflow/dags/dag_previsao_demanda.py
[2026-08-24T22:54:45.156+0000] {logging_mixin.py:188} INFO - [2026-08-24T22:54:45.155+0000] {dag.py:3096} INFO - Sync 1 DAGs
[2026-08-24T22:54:45.185+0000] {logging_mixin.py:188} INFO - [2026-08-24T22:54:45.184+0000] {dag.py:3954} INFO - Setting next_dagrun for Acougue_Previsao_Demanda_FLAML to 2026-08-24 02:00:00+00:00, run_after=2026-08-25 02:00:00+00:00
[2026-08-24T22:54:45.209+0000] {processor.py:183} INFO - Processing /opt/airflow/dags/dag_previsao_demanda.py took 2.617 seconds
[2026-08-24T22:55:15.498+0000] {processor.py:161} INFO - Started process (PID=933) to work on /opt/airflow/dags/dag_previsao_demanda.py
[2026-08-24T22:55:15.499+0000] {processor.py:830} INFO - Processing file /opt/airflow/dags/dag_previsao_demanda.py for tasks to queue
[2026-08-24T22:55:15.502+0000] {logging_mixin.py:188} INFO - [2026-08-24T22:55:15.501+0000] {dagbag.py:545} INFO - Filling up the DagBag from /opt/airflow/dags/dag_previsao_demanda.py
[2026-08-24T22:55:18.144+0000] {processor.py:840} INFO - DAG(s) 'Acougue_Previsao_Demanda_FLAML' retrieved from /opt/airflow/dags/dag_previsao_demanda.py
[2026-08-24T22:55:18.177+0000] {logging_mixin.py:188} INFO - [2026-08-24T22:55:18.176+0000] {dag.py:3096} INFO - Sync 1 DAGs
[2026-08-24T22:55:18.204+0000] {logging_mixin.py:188} INFO - [2026-08-24T22:55:18.203+0000] {dag.py:3954} INFO - Setting next_dagrun for Acougue_Previsao_Demanda_FLAML to 2026-08-24 02:00:00+00:00, run_after=2026-08-25 02:00:00+00:00
[2026-08-24T22:55:18.227+0000] {processor.py:183} INFO - Processing /opt/airflow/dags/dag_previsao_demanda.py took 2.738 seconds
[2026-08-24T22:55:48.489+0000] {processor.py:161} INFO - Started process (PID=949) to work on /opt/airflow/dags/dag_previsao_demanda.py
[2026-08-24T22:55:48.490+0000] {processor.py:830} INFO - Processing file /opt/airflow/dags/dag_previsao_demanda.py for tasks to queue
[2026-08-24T22:55:48.492+0000] {logging_mixin.py:188} INFO - [2026-08-24T22:55:48.492+0000] {dagbag.py:545} INFO - Filling up the DagBag from /opt/airflow/dags/dag_previsao_demanda.py
[2026-08-24T22:55:51.087+0000] {processor.py:840} INFO - DAG(s) 'Acougue_Previsao_Demanda_FLAML' retrieved from /opt/airflow/dags/dag_previsao_demanda.py
[2026-08-24T22:55:51.117+0000] {logging_mixin.py:188} INFO - [2026-08-24T22:55:51.116+0000] {dag.py:3096} INFO - Sync 1 DAGs
[2026-08-24T22:55:51.143+0000] {logging_mixin.py:188} INFO - [2026-08-24T22:55:51.142+0000] {dag.py:3954} INFO - Setting next_dagrun for Acougue_Previsao_Demanda_FLAML to 2026-08-24 02:00:00+00:00, run_after=2026-08-25 02:00:00+00:00
[2026-08-24T22:55:51.159+0000] {processor.py:183} INFO - Processing /opt/airflow/dags/dag_previsao_demanda.py took 2.679 seconds
[2026-08-24T22:56:21.421+0000] {processor.py:161} INFO - Started process (PID=965) to work on /opt/airflow/dags/dag_previsao_demanda.py
[2026-08-24T22:56:21.422+0000] {processor.py:830} INFO - Processing file /opt/airflow/dags/dag_previsao_demanda.py for tasks to queue
[2026-08-24T22:56:21.425+0000] {logging_mixin.py:188} INFO - [2026-08-24T22:56:21.424+0000] {dagbag.py:545} INFO - Filling up the DagBag from /opt/airflow/dags/dag_previsao_demanda.py
[2026-08-24T22:56:24.002+0000] {processor.py:840} INFO - DAG(s) 'Acougue_Previsao_Demanda_FLAML' retrieved from /opt/airflow/dags/dag_previsao_demanda.py
[2026-08-24T22:56:24.028+0000] {logging_mixin.py:188} INFO - [2026-08-24T22:56:24.028+0000] {dag.py:3096} INFO - Sync 1 DAGs
[2026-08-24T22:56:24.054+0000] {logging_mixin.py:188} INFO - [2026-08-24T22:56:24.053+0000] {dag.py:3954} INFO - Setting next_dagrun for Acougue_Previsao_Demanda_FLAML to 2026-08-24 02:00:00+00:00, run_after=2026-08-25 02:00:00+00:00
[2026-08-24T22:56:24.079+0000] {processor.py:183} INFO - Processing /opt/airflow/dags/dag_previsao_demanda.py took 2.668 seconds
[2026-08-24T22:56:54.326+0000] {processor.py:161} INFO - Started process (PID=987) to work on /opt/airflow/dags/dag_previsao_demanda.py
[2026-08-24T22:56:54.328+0000] {processor.py:830} INFO - Processing file /opt/airflow/dags/dag_previsao_demanda.py for tasks to queue
[2026-08-24T22:56:54.330+0000] {logging_mixin.py:188} INFO - [2026-08-24T22:56:54.329+0000] {dagbag.py:545} INFO - Filling up the DagBag from /opt/airflow/dags/dag_previsao_demanda.py
[2026-08-24T22:56:57.032+0000] {processor.py:840} INFO - DAG(s) 'Acougue_Previsao_Demanda_FLAML' retrieved from /opt/airflow/dags/dag_previsao_demanda.py
[2026-08-24T22:56:57.056+0000] {logging_mixin.py:188} INFO - [2026-08-24T22:56:57.056+0000] {dag.py:3096} INFO - Sync 1 DAGs
[2026-08-24T22:56:57.083+0000] {logging_mixin.py:188} INFO - [2026-08-24T22:56:57.083+0000] {dag.py:3954} INFO - Setting next_dagrun for Acougue_Previsao_Demanda_FLAML to 2026-08-24 02:00:00+00:00, run_after=2026-08-25 02:00:00+00:00
[2026-08-24T22:56:57.104+0000] {processor.py:183} INFO - Processing /opt/airflow/dags/dag_previsao_demanda.py took 2.788 seconds
[2026-08-24T22:57:27.247+0000] {processor.py:161} INFO - Started process (PID=1003) to work on /opt/airflow/dags/dag_previsao_demanda.py
[2026-08-24T22:57:27.249+0000] {processor.py:830} INFO - Processing file /opt/airflow/dags/dag_previsao_demanda.py for tasks to queue
[2026-08-24T22:57:27.254+0000] {logging_mixin.py:188} INFO - [2026-08-24T22:57:27.254+0000] {dagbag.py:545} INFO - Filling up the DagBag from /opt/airflow/dags/dag_previsao_demanda.py
[2026-08-24T22:57:29.671+0000] {processor.py:840} INFO - DAG(s) 'Acougue_Previsao_Demanda_FLAML' retrieved from /opt/airflow/dags/dag_previsao_demanda.py
[2026-08-24T22:57:29.699+0000] {logging_mixin.py:188} INFO - [2026-08-24T22:57:29.698+0000] {dag.py:3096} INFO - Sync 1 DAGs
[2026-08-24T22:57:29.723+0000] {logging_mixin.py:188} INFO - [2026-08-24T22:57:29.722+0000] {dag.py:3954} INFO - Setting next_dagrun for Acougue_Previsao_Demanda_FLAML to 2026-08-24 02:00:00+00:00, run_after=2026-08-25 02:00:00+00:00
[2026-08-24T22:57:29.740+0000] {processor.py:183} INFO - Processing /opt/airflow/dags/dag_previsao_demanda.py took 2.503 seconds
[2026-08-24T22:57:59.967+0000] {processor.py:161} INFO - Started process (PID=1019) to work on /opt/airflow/dags/dag_previsao_demanda.py
[2026-08-24T22:57:59.969+0000] {processor.py:830} INFO - Processing file /opt/airflow/dags/dag_previsao_demanda.py for tasks to queue
[2026-08-24T22:57:59.971+0000] {logging_mixin.py:188} INFO - [2026-08-24T22:57:59.970+0000] {dagbag.py:545} INFO - Filling up the DagBag from /opt/airflow/dags/dag_previsao_demanda.py
[2026-08-24T22:58:03.548+0000] {processor.py:840} INFO - DAG(s) 'Acougue_Previsao_Demanda_FLAML' retrieved from /opt/airflow/dags/dag_previsao_demanda.py
[2026-08-24T22:58:03.596+0000] {logging_mixin.py:188} INFO - [2026-08-24T22:58:03.594+0000] {dag.py:3096} INFO - Sync 1 DAGs
[2026-08-24T22:58:03.636+0000] {logging_mixin.py:188} INFO - [2026-08-24T22:58:03.636+0000] {dag.py:3954} INFO - Setting next_dagrun for Acougue_Previsao_Demanda_FLAML to 2026-08-24 02:00:00+00:00, run_after=2026-08-25 02:00:00+00:00
[2026-08-24T22:58:03.692+0000] {processor.py:183} INFO - Processing /opt/airflow/dags/dag_previsao_demanda.py took 3.734 seconds
[2026-08-24T22:58:34.081+0000] {processor.py:161} INFO - Started process (PID=1035) to work on /opt/airflow/dags/dag_previsao_demanda.py
[2026-08-24T22:58:34.082+0000] {processor.py:830} INFO - Processing file /opt/airflow/dags/dag_previsao_demanda.py for tasks to queue
[2026-08-24T22:58:34.088+0000] {logging_mixin.py:188} INFO - [2026-08-24T22:58:34.087+0000] {dagbag.py:545} INFO - Filling up the DagBag from /opt/airflow/dags/dag_previsao_demanda.py
[2026-08-24T22:58:36.836+0000] {processor.py:840} INFO - DAG(s) 'Acougue_Previsao_Demanda_FLAML' retrieved from /opt/airflow/dags/dag_previsao_demanda.py
[2026-08-24T22:58:36.861+0000] {logging_mixin.py:188} INFO - [2026-08-24T22:58:36.860+0000] {dag.py:3096} INFO - Sync 1 DAGs
[2026-08-24T22:58:36.890+0000] {logging_mixin.py:188} INFO - [2026-08-24T22:58:36.890+0000] {dag.py:3954} INFO - Setting next_dagrun for Acougue_Previsao_Demanda_FLAML to 2026-08-24 02:00:00+00:00, run_after=2026-08-25 02:00:00+00:00
[2026-08-24T22:58:36.917+0000] {processor.py:183} INFO - Processing /opt/airflow/dags/dag_previsao_demanda.py took 2.844 seconds
[2026-08-24T22:59:07.569+0000] {processor.py:161} INFO - Started process (PID=1058) to work on /opt/airflow/dags/dag_previsao_demanda.py
[2026-08-24T22:59:07.570+0000] {processor.py:830} INFO - Processing file /opt/airflow/dags/dag_previsao_demanda.py for tasks to queue
[2026-08-24T22:59:07.572+0000] {logging_mixin.py:188} INFO - [2026-08-24T22:59:07.572+0000] {dagbag.py:545} INFO - Filling up the DagBag from /opt/airflow/dags/dag_previsao_demanda.py
[2026-08-24T22:59:10.289+0000] {processor.py:840} INFO - DAG(s) 'Acougue_Previsao_Demanda_FLAML' retrieved from /opt/airflow/dags/dag_previsao_demanda.py
[2026-08-24T22:59:10.321+0000] {logging_mixin.py:188} INFO - [2026-08-24T22:59:10.320+0000] {dag.py:3096} INFO - Sync 1 DAGs
[2026-08-24T22:59:10.351+0000] {logging_mixin.py:188} INFO - [2026-08-24T22:59:10.351+0000] {dag.py:3954} INFO - Setting next_dagrun for Acougue_Previsao_Demanda_FLAML to 2026-08-24 02:00:00+00:00, run_after=2026-08-25 02:00:00+00:00
[2026-08-24T22:59:10.380+0000] {processor.py:183} INFO - Processing /opt/airflow/dags/dag_previsao_demanda.py took 2.818 seconds
[2026-08-24T22:59:40.619+0000] {processor.py:161} INFO - Started process (PID=1074) to work on /opt/airflow/dags/dag_previsao_demanda.py
[2026-08-24T22:59:40.620+0000] {processor.py:830} INFO - Processing file /opt/airflow/dags/dag_previsao_demanda.py for tasks to queue
[2026-08-24T22:59:40.623+0000] {logging_mixin.py:188} INFO - [2026-08-24T22:59:40.622+0000] {dagbag.py:545} INFO - Filling up the DagBag from /opt/airflow/dags/dag_previsao_demanda.py
[2026-08-24T22:59:43.212+0000] {processor.py:840} INFO - DAG(s) 'Acougue_Previsao_Demanda_FLAML' retrieved from /opt/airflow/dags/dag_previsao_demanda.py
[2026-08-24T22:59:43.247+0000] {logging_mixin.py:188} INFO - [2026-08-24T22:59:43.246+0000] {dag.py:3096} INFO - Sync 1 DAGs
[2026-08-24T22:59:43.279+0000] {logging_mixin.py:188} INFO - [2026-08-24T22:59:43.278+0000] {dag.py:3954} INFO - Setting next_dagrun for Acougue_Previsao_Demanda_FLAML to 2026-08-24 02:00:00+00:00, run_after=2026-08-25 02:00:00+00:00
[2026-08-24T22:59:43.306+0000] {processor.py:183} INFO - Processing /opt/airflow/dags/dag_previsao_demanda.py took 2.698 seconds
[2026-08-24T23:00:13.916+0000] {processor.py:161} INFO - Started process (PID=1090) to work on /opt/airflow/dags/dag_previsao_demanda.py
[2026-08-24T23:00:13.921+0000] {processor.py:830} INFO - Processing file /opt/airflow/dags/dag_previsao_demanda.py for tasks to queue
[2026-08-24T23:00:13.929+0000] {logging_mixin.py:188} INFO - [2026-08-24T23:00:13.928+0000] {dagbag.py:545} INFO - Filling up the DagBag from /opt/airflow/dags/dag_previsao_demanda.py
[2026-08-24T23:00:19.591+0000] {processor.py:840} INFO - DAG(s) 'Acougue_Previsao_Demanda_FLAML' retrieved from /opt/airflow/dags/dag_previsao_demanda.py
[2026-08-24T23:00:19.672+0000] {logging_mixin.py:188} INFO - [2026-08-24T23:00:19.669+0000] {dag.py:3096} INFO - Sync 1 DAGs
[2026-08-24T23:00:19.744+0000] {logging_mixin.py:188} INFO - [2026-08-24T23:00:19.743+0000] {dag.py:3954} INFO - Setting next_dagrun for Acougue_Previsao_Demanda_FLAML to 2026-08-24 02:00:00+00:00, run_after=2026-08-25 02:00:00+00:00
[2026-08-24T23:00:19.804+0000] {processor.py:183} INFO - Processing /opt/airflow/dags/dag_previsao_demanda.py took 5.934 seconds
[2026-08-24T23:00:50.205+0000] {processor.py:161} INFO - Started process (PID=1110) to work on /opt/airflow/dags/dag_previsao_demanda.py
[2026-08-24T23:00:50.207+0000] {processor.py:830} INFO - Processing file /opt/airflow/dags/dag_previsao_demanda.py for tasks to queue
[2026-08-24T23:00:50.211+0000] {logging_mixin.py:188} INFO - [2026-08-24T23:00:50.209+0000] {dagbag.py:545} INFO - Filling up the DagBag from /opt/airflow/dags/dag_previsao_demanda.py
[2026-08-24T23:00:54.502+0000] {processor.py:840} INFO - DAG(s) 'Acougue_Previsao_Demanda_FLAML' retrieved from /opt/airflow/dags/dag_previsao_demanda.py
[2026-08-24T23:00:54.545+0000] {logging_mixin.py:188} INFO - [2026-08-24T23:00:54.544+0000] {dag.py:3096} INFO - Sync 1 DAGs
[2026-08-24T23:00:54.574+0000] {logging_mixin.py:188} INFO - [2026-08-24T23:00:54.574+0000] {dag.py:3954} INFO - Setting next_dagrun for Acougue_Previsao_Demanda_FLAML to 2026-08-24 02:00:00+00:00, run_after=2026-08-25 02:00:00+00:00
[2026-08-24T23:00:54.600+0000] {processor.py:183} INFO - Processing /opt/airflow/dags/dag_previsao_demanda.py took 4.411 seconds
[2026-08-24T23:01:24.899+0000] {processor.py:161} INFO - Started process (PID=1128) to work on /opt/airflow/dags/dag_previsao_demanda.py
[2026-08-24T23:01:24.906+0000] {processor.py:830} INFO - Processing file /opt/airflow/dags/dag_previsao_demanda.py for tasks to queue
[2026-08-24T23:01:24.914+0000] {logging_mixin.py:188} INFO - [2026-08-24T23:01:24.913+0000] {dagbag.py:545} INFO - Filling up the DagBag from /opt/airflow/dags/dag_previsao_demanda.py
[2026-08-24T23:01:28.040+0000] {processor.py:840} INFO - DAG(s) 'Acougue_Previsao_Demanda_FLAML' retrieved from /opt/airflow/dags/dag_previsao_demanda.py
[2026-08-24T23:01:28.065+0000] {logging_mixin.py:188} INFO - [2026-08-24T23:01:28.065+0000] {dag.py:3096} INFO - Sync 1 DAGs
[2026-08-24T23:01:28.090+0000] {logging_mixin.py:188} INFO - [2026-08-24T23:01:28.090+0000] {dag.py:3954} INFO - Setting next_dagrun for Acougue_Previsao_Demanda_FLAML to 2026-08-24 02:00:00+00:00, run_after=2026-08-25 02:00:00+00:00
[2026-08-24T23:01:28.116+0000] {processor.py:183} INFO - Processing /opt/airflow/dags/dag_previsao_demanda.py took 3.258 seconds
[2026-08-24T23:01:58.427+0000] {processor.py:161} INFO - Started process (PID=1144) to work on /opt/airflow/dags/dag_previsao_demanda.py
[2026-08-24T23:01:58.434+0000] {processor.py:830} INFO - Processing file /opt/airflow/dags/dag_previsao_demanda.py for tasks to queue
[2026-08-24T23:01:58.438+0000] {logging_mixin.py:188} INFO - [2026-08-24T23:01:58.438+0000] {dagbag.py:545} INFO - Filling up the DagBag from /opt/airflow/dags/dag_previsao_demanda.py
[2026-08-24T23:02:01.914+0000] {processor.py:840} INFO - DAG(s) 'Acougue_Previsao_Demanda_FLAML' retrieved from /opt/airflow/dags/dag_previsao_demanda.py
[2026-08-24T23:02:01.987+0000] {logging_mixin.py:188} INFO - [2026-08-24T23:02:01.986+0000] {dag.py:3096} INFO - Sync 1 DAGs
[2026-08-24T23:02:02.059+0000] {logging_mixin.py:188} INFO - [2026-08-24T23:02:02.057+0000] {dag.py:3954} INFO - Setting next_dagrun for Acougue_Previsao_Demanda_FLAML to 2026-08-24 02:00:00+00:00, run_after=2026-08-25 02:00:00+00:00
[2026-08-24T23:02:02.117+0000] {processor.py:183} INFO - Processing /opt/airflow/dags/dag_previsao_demanda.py took 3.707 seconds
[2026-08-24T23:02:32.412+0000] {processor.py:161} INFO - Started process (PID=1160) to work on /opt/airflow/dags/dag_previsao_demanda.py
[2026-08-24T23:02:32.414+0000] {processor.py:830} INFO - Processing file /opt/airflow/dags/dag_previsao_demanda.py for tasks to queue
[2026-08-24T23:02:32.415+0000] {logging_mixin.py:188} INFO - [2026-08-24T23:02:32.415+0000] {dagbag.py:545} INFO - Filling up the DagBag from /opt/airflow/dags/dag_previsao_demanda.py
[2026-08-24T23:02:34.909+0000] {processor.py:840} INFO - DAG(s) 'Acougue_Previsao_Demanda_FLAML' retrieved from /opt/airflow/dags/dag_previsao_demanda.py
[2026-08-24T23:02:34.936+0000] {logging_mixin.py:188} INFO - [2026-08-24T23:02:34.935+0000] {dag.py:3096} INFO - Sync 1 DAGs
[2026-08-24T23:02:34.963+0000] {logging_mixin.py:188} INFO - [2026-08-24T23:02:34.963+0000] {dag.py:3954} INFO - Setting next_dagrun for Acougue_Previsao_Demanda_FLAML to 2026-08-24 02:00:00+00:00, run_after=2026-08-25 02:00:00+00:00
[2026-08-24T23:02:34.982+0000] {processor.py:183} INFO - Processing /opt/airflow/dags/dag_previsao_demanda.py took 2.578 seconds
[2026-08-24T23:03:05.245+0000] {processor.py:161} INFO - Started process (PID=1176) to work on /opt/airflow/dags/dag_previsao_demanda.py
[2026-08-24T23:03:05.251+0000] {processor.py:830} INFO - Processing file /opt/airflow/dags/dag_previsao_demanda.py for tasks to queue
[2026-08-24T23:03:05.257+0000] {logging_mixin.py:188} INFO - [2026-08-24T23:03:05.255+0000] {dagbag.py:545} INFO - Filling up the DagBag from /opt/airflow/dags/dag_previsao_demanda.py
[2026-08-24T23:03:07.953+0000] {processor.py:840} INFO - DAG(s) 'Acougue_Previsao_Demanda_FLAML' retrieved from /opt/airflow/dags/dag_previsao_demanda.py
[2026-08-24T23:03:07.984+0000] {logging_mixin.py:188} INFO - [2026-08-24T23:03:07.983+0000] {dag.py:3096} INFO - Sync 1 DAGs
[2026-08-24T23:03:08.010+0000] {logging_mixin.py:188} INFO - [2026-08-24T23:03:08.009+0000] {dag.py:3954} INFO - Setting next_dagrun for Acougue_Previsao_Demanda_FLAML to 2026-08-24 02:00:00+00:00, run_after=2026-08-25 02:00:00+00:00
[2026-08-24T23:03:08.038+0000] {processor.py:183} INFO - Processing /opt/airflow/dags/dag_previsao_demanda.py took 2.808 seconds
[2026-08-24T23:03:38.322+0000] {processor.py:161} INFO - Started process (PID=1192) to work on /opt/airflow/dags/dag_previsao_demanda.py
[2026-08-24T23:03:38.324+0000] {processor.py:830} INFO - Processing file /opt/airflow/dags/dag_previsao_demanda.py for tasks to queue
[2026-08-24T23:03:38.325+0000] {logging_mixin.py:188} INFO - [2026-08-24T23:03:38.325+0000] {dagbag.py:545} INFO - Filling up the DagBag from /opt/airflow/dags/dag_previsao_demanda.py
[2026-08-24T23:03:40.877+0000] {processor.py:840} INFO - DAG(s) 'Acougue_Previsao_Demanda_FLAML' retrieved from /opt/airflow/dags/dag_previsao_demanda.py
[2026-08-24T23:03:40.907+0000] {logging_mixin.py:188} INFO - [2026-08-24T23:03:40.907+0000] {dag.py:3096} INFO - Sync 1 DAGs
[2026-08-24T23:03:40.939+0000] {logging_mixin.py:188} INFO - [2026-08-24T23:03:40.938+0000] {dag.py:3954} INFO - Setting next_dagrun for Acougue_Previsao_Demanda_FLAML to 2026-08-24 02:00:00+00:00, run_after=2026-08-25 02:00:00+00:00
[2026-08-24T23:03:40.962+0000] {processor.py:183} INFO - Processing /opt/airflow/dags/dag_previsao_demanda.py took 2.648 seconds
[2026-08-24T23:04:11.249+0000] {processor.py:161} INFO - Started process (PID=1208) to work on /opt/airflow/dags/dag_previsao_demanda.py
[2026-08-24T23:04:11.250+0000] {processor.py:830} INFO - Processing file /opt/airflow/dags/dag_previsao_demanda.py for tasks to queue
[2026-08-24T23:04:11.254+0000] {logging_mixin.py:188} INFO - [2026-08-24T23:04:11.253+0000] {dagbag.py:545} INFO - Filling up the DagBag from /opt/airflow/dags/dag_previsao_demanda.py
[2026-08-24T23:04:14.045+0000] {processor.py:840} INFO - DAG(s) 'Acougue_Previsao_Demanda_FLAML' retrieved from /opt/airflow/dags/dag_previsao_demanda.py
[2026-08-24T23:04:14.078+0000] {logging_mixin.py:188} INFO - [2026-08-24T23:04:14.077+0000] {dag.py:3096} INFO - Sync 1 DAGs
[2026-08-24T23:04:14.103+0000] {logging_mixin.py:188} INFO - [2026-08-24T23:04:14.103+0000] {dag.py:3954} INFO - Setting next_dagrun for Acougue_Previsao_Demanda_FLAML to 2026-08-24 02:00:00+00:00, run_after=2026-08-25 02:00:00+00:00
[2026-08-24T23:04:14.125+0000] {processor.py:183} INFO - Processing /opt/airflow/dags/dag_previsao_demanda.py took 2.887 seconds
[2026-08-24T23:04:44.563+0000] {processor.py:161} INFO - Started process (PID=1224) to work on /opt/airflow/dags/dag_previsao_demanda.py
[2026-08-24T23:04:44.565+0000] {processor.py:830} INFO - Processing file /opt/airflow/dags/dag_previsao_demanda.py for tasks to queue
[2026-08-24T23:04:44.568+0000] {logging_mixin.py:188} INFO - [2026-08-24T23:04:44.567+0000] {dagbag.py:545} INFO - Filling up the DagBag from /opt/airflow/dags/dag_previsao_demanda.py
[2026-08-24T23:04:47.340+0000] {processor.py:840} INFO - DAG(s) 'Acougue_Previsao_Demanda_FLAML' retrieved from /opt/airflow/dags/dag_previsao_demanda.py
[2026-08-24T23:04:47.372+0000] {logging_mixin.py:188} INFO - [2026-08-24T23:04:47.371+0000] {dag.py:3096} INFO - Sync 1 DAGs
[2026-08-24T23:04:47.397+0000] {logging_mixin.py:188} INFO - [2026-08-24T23:04:47.397+0000] {dag.py:3954} INFO - Setting next_dagrun for Acougue_Previsao_Demanda_FLAML to 2026-08-24 02:00:00+00:00, run_after=2026-08-25 02:00:00+00:00
[2026-08-24T23:04:47.423+0000] {processor.py:183} INFO - Processing /opt/airflow/dags/dag_previsao_demanda.py took 2.873 seconds
[2026-08-24T23:05:17.749+0000] {processor.py:161} INFO - Started process (PID=1240) to work on /opt/airflow/dags/dag_previsao_demanda.py
[2026-08-24T23:05:17.752+0000] {processor.py:830} INFO - Processing file /opt/airflow/dags/dag_previsao_demanda.py for tasks to queue
[2026-08-24T23:05:17.755+0000] {logging_mixin.py:188} INFO - [2026-08-24T23:05:17.755+0000] {dagbag.py:545} INFO - Filling up the DagBag from /opt/airflow/dags/dag_previsao_demanda.py
[2026-08-24T23:05:20.944+0000] {processor.py:840} INFO - DAG(s) 'Acougue_Previsao_Demanda_FLAML' retrieved from /opt/airflow/dags/dag_previsao_demanda.py
[2026-08-24T23:05:20.970+0000] {logging_mixin.py:188} INFO - [2026-08-24T23:05:20.970+0000] {dag.py:3096} INFO - Sync 1 DAGs
[2026-08-24T23:05:20.999+0000] {logging_mixin.py:188} INFO - [2026-08-24T23:05:20.998+0000] {dag.py:3954} INFO - Setting next_dagrun for Acougue_Previsao_Demanda_FLAML to 2026-08-24 02:00:00+00:00, run_after=2026-08-25 02:00:00+00:00
[2026-08-24T23:05:21.031+0000] {processor.py:183} INFO - Processing /opt/airflow/dags/dag_previsao_demanda.py took 3.292 seconds
[2026-08-24T23:05:51.196+0000] {processor.py:161} INFO - Started process (PID=1263) to work on /opt/airflow/dags/dag_previsao_demanda.py
[2026-08-24T23:05:51.198+0000] {processor.py:830} INFO - Processing file /opt/airflow/dags/dag_previsao_demanda.py for tasks to queue
[2026-08-24T23:05:51.200+0000] {logging_mixin.py:188} INFO - [2026-08-24T23:05:51.199+0000] {dagbag.py:545} INFO - Filling up the DagBag from /opt/airflow/dags/dag_previsao_demanda.py
[2026-08-24T23:05:53.950+0000] {processor.py:840} INFO - DAG(s) 'Acougue_Previsao_Demanda_FLAML' retrieved from /opt/airflow/dags/dag_previsao_demanda.py
[2026-08-24T23:05:53.984+0000] {logging_mixin.py:188} INFO - [2026-08-24T23:05:53.984+0000] {dag.py:3096} INFO - Sync 1 DAGs
[2026-08-24T23:05:54.014+0000] {logging_mixin.py:188} INFO - [2026-08-24T23:05:54.014+0000] {dag.py:3954} INFO - Setting next_dagrun for Acougue_Previsao_Demanda_FLAML to 2026-08-24 02:00:00+00:00, run_after=2026-08-25 02:00:00+00:00
[2026-08-24T23:05:54.037+0000] {processor.py:183} INFO - Processing /opt/airflow/dags/dag_previsao_demanda.py took 2.850 seconds
[2026-08-24T23:06:24.325+0000] {processor.py:161} INFO - Started process (PID=1279) to work on /opt/airflow/dags/dag_previsao_demanda.py
[2026-08-24T23:06:24.330+0000] {processor.py:830} INFO - Processing file /opt/airflow/dags/dag_previsao_demanda.py for tasks to queue
[2026-08-24T23:06:24.332+0000] {logging_mixin.py:188} INFO - [2026-08-24T23:06:24.332+0000] {dagbag.py:545} INFO - Filling up the DagBag from /opt/airflow/dags/dag_previsao_demanda.py
[2026-08-24T23:06:26.938+0000] {processor.py:840} INFO - DAG(s) 'Acougue_Previsao_Demanda_FLAML' retrieved from /opt/airflow/dags/dag_previsao_demanda.py
[2026-08-24T23:06:26.965+0000] {logging_mixin.py:188} INFO - [2026-08-24T23:06:26.964+0000] {dag.py:3096} INFO - Sync 1 DAGs
[2026-08-24T23:06:26.990+0000] {logging_mixin.py:188} INFO - [2026-08-24T23:06:26.989+0000] {dag.py:3954} INFO - Setting next_dagrun for Acougue_Previsao_Demanda_FLAML to 2026-08-24 02:00:00+00:00, run_after=2026-08-25 02:00:00+00:00
[2026-08-24T23:06:27.006+0000] {processor.py:183} INFO - Processing /opt/airflow/dags/dag_previsao_demanda.py took 2.693 seconds
[2026-08-24T23:06:40.165+0000] {processor.py:161} INFO - Started process (PID=1288) to work on /opt/airflow/dags/dag_previsao_demanda.py
[2026-08-24T23:06:40.166+0000] {processor.py:830} INFO - Processing file /opt/airflow/dags/dag_previsao_demanda.py for tasks to queue
[2026-08-24T23:06:40.169+0000] {logging_mixin.py:188} INFO - [2026-08-24T23:06:40.168+0000] {dagbag.py:545} INFO - Filling up the DagBag from /opt/airflow/dags/dag_previsao_demanda.py
[2026-08-24T23:06:42.936+0000] {processor.py:840} INFO - DAG(s) 'Acougue_Previsao_Demanda_FLAML' retrieved from /opt/airflow/dags/dag_previsao_demanda.py
[2026-08-24T23:06:42.968+0000] {logging_mixin.py:188} INFO - [2026-08-24T23:06:42.967+0000] {dag.py:3096} INFO - Sync 1 DAGs
[2026-08-24T23:06:43.001+0000] {logging_mixin.py:188} INFO - [2026-08-24T23:06:43.001+0000] {dag.py:3954} INFO - Setting next_dagrun for Acougue_Previsao_Demanda_FLAML to 2026-08-24 02:00:00+00:00, run_after=2026-08-25 02:00:00+00:00
[2026-08-24T23:06:43.027+0000] {processor.py:183} INFO - Processing /opt/airflow/dags/dag_previsao_demanda.py took 2.871 seconds
[2026-08-24T23:07:38.640+0000] {processor.py:161} INFO - Started process (PID=157) to work on /opt/airflow/dags/dag_previsao_demanda.py
[2026-08-24T23:07:38.660+0000] {processor.py:830} INFO - Processing file /opt/airflow/dags/dag_previsao_demanda.py for tasks to queue
[2026-08-24T23:07:38.677+0000] {logging_mixin.py:188} INFO - [2026-08-24T23:07:38.677+0000] {dagbag.py:545} INFO - Filling up the DagBag from /opt/airflow/dags/dag_previsao_demanda.py
[2026-08-24T23:07:52.078+0000] {processor.py:840} INFO - DAG(s) 'Acougue_Previsao_Demanda_FLAML' retrieved from /opt/airflow/dags/dag_previsao_demanda.py
[2026-08-24T23:07:52.137+0000] {logging_mixin.py:188} INFO - [2026-08-24T23:07:52.134+0000] {dag.py:3096} INFO - Sync 1 DAGs
[2026-08-24T23:07:52.196+0000] {logging_mixin.py:188} INFO - [2026-08-24T23:07:52.195+0000] {dag.py:3954} INFO - Setting next_dagrun for Acougue_Previsao_Demanda_FLAML to 2026-08-24 02:00:00+00:00, run_after=2026-08-25 02:00:00+00:00
[2026-08-24T23:07:52.255+0000] {processor.py:183} INFO - Processing /opt/airflow/dags/dag_previsao_demanda.py took 13.690 seconds
[2026-08-24T23:08:22.439+0000] {processor.py:161} INFO - Started process (PID=187) to work on /opt/airflow/dags/dag_previsao_demanda.py
[2026-08-24T23:08:22.441+0000] {processor.py:830} INFO - Processing file /opt/airflow/dags/dag_previsao_demanda.py for tasks to queue
[2026-08-24T23:08:22.444+0000] {logging_mixin.py:188} INFO - [2026-08-24T23:08:22.443+0000] {dagbag.py:545} INFO - Filling up the DagBag from /opt/airflow/dags/dag_previsao_demanda.py
[2026-08-24T23:08:25.566+0000] {processor.py:840} INFO - DAG(s) 'Acougue_Previsao_Demanda_FLAML' retrieved from /opt/airflow/dags/dag_previsao_demanda.py
[2026-08-24T23:08:25.719+0000] {logging_mixin.py:188} INFO - [2026-08-24T23:08:25.718+0000] {dag.py:3096} INFO - Sync 1 DAGs
[2026-08-24T23:08:25.740+0000] {logging_mixin.py:188} INFO - [2026-08-24T23:08:25.740+0000] {dag.py:3954} INFO - Setting next_dagrun for Acougue_Previsao_Demanda_FLAML to 2026-08-24 02:00:00+00:00, run_after=2026-08-25 02:00:00+00:00
[2026-08-24T23:08:25.761+0000] {processor.py:183} INFO - Processing /opt/airflow/dags/dag_previsao_demanda.py took 3.332 seconds
[2026-08-24T23:08:56.030+0000] {processor.py:161} INFO - Started process (PID=209) to work on /opt/airflow/dags/dag_previsao_demanda.py
[2026-08-24T23:08:56.034+0000] {processor.py:830} INFO - Processing file /opt/airflow/dags/dag_previsao_demanda.py for tasks to queue
[2026-08-24T23:08:56.038+0000] {logging_mixin.py:188} INFO - [2026-08-24T23:08:56.037+0000] {dagbag.py:545} INFO - Filling up the DagBag from /opt/airflow/dags/dag_previsao_demanda.py
[2026-08-24T23:08:59.294+0000] {processor.py:840} INFO - DAG(s) 'Acougue_Previsao_Demanda_FLAML' retrieved from /opt/airflow/dags/dag_previsao_demanda.py
[2026-08-24T23:08:59.344+0000] {logging_mixin.py:188} INFO - [2026-08-24T23:08:59.343+0000] {dag.py:3096} INFO - Sync 1 DAGs
[2026-08-24T23:08:59.397+0000] {logging_mixin.py:188} INFO - [2026-08-24T23:08:59.397+0000] {dag.py:3954} INFO - Setting next_dagrun for Acougue_Previsao_Demanda_FLAML to 2026-08-24 02:00:00+00:00, run_after=2026-08-25 02:00:00+00:00
[2026-08-24T23:08:59.430+0000] {processor.py:183} INFO - Processing /opt/airflow/dags/dag_previsao_demanda.py took 3.418 seconds
[2026-08-24T23:09:30.291+0000] {processor.py:161} INFO - Started process (PID=225) to work on /opt/airflow/dags/dag_previsao_demanda.py
[2026-08-24T23:09:30.293+0000] {processor.py:830} INFO - Processing file /opt/airflow/dags/dag_previsao_demanda.py for tasks to queue
[2026-08-24T23:09:30.297+0000] {logging_mixin.py:188} INFO - [2026-08-24T23:09:30.297+0000] {dagbag.py:545} INFO - Filling up the DagBag from /opt/airflow/dags/dag_previsao_demanda.py
[2026-08-24T23:09:33.524+0000] {processor.py:840} INFO - DAG(s) 'Acougue_Previsao_Demanda_FLAML' retrieved from /opt/airflow/dags/dag_previsao_demanda.py
[2026-08-24T23:09:33.558+0000] {logging_mixin.py:188} INFO - [2026-08-24T23:09:33.558+0000] {dag.py:3096} INFO - Sync 1 DAGs
[2026-08-24T23:09:33.595+0000] {logging_mixin.py:188} INFO - [2026-08-24T23:09:33.595+0000] {dag.py:3954} INFO - Setting next_dagrun for Acougue_Previsao_Demanda_FLAML to 2026-08-24 02:00:00+00:00, run_after=2026-08-25 02:00:00+00:00
[2026-08-24T23:09:33.629+0000] {processor.py:183} INFO - Processing /opt/airflow/dags/dag_previsao_demanda.py took 3.351 seconds
[2026-08-24T23:10:03.969+0000] {processor.py:161} INFO - Started process (PID=241) to work on /opt/airflow/dags/dag_previsao_demanda.py
[2026-08-24T23:10:03.974+0000] {processor.py:830} INFO - Processing file /opt/airflow/dags/dag_previsao_demanda.py for tasks to queue
[2026-08-24T23:10:03.977+0000] {logging_mixin.py:188} INFO - [2026-08-24T23:10:03.977+0000] {dagbag.py:545} INFO - Filling up the DagBag from /opt/airflow/dags/dag_previsao_demanda.py
[2026-08-24T23:10:08.756+0000] {processor.py:840} INFO - DAG(s) 'Acougue_Previsao_Demanda_FLAML' retrieved from /opt/airflow/dags/dag_previsao_demanda.py
[2026-08-24T23:10:08.812+0000] {logging_mixin.py:188} INFO - [2026-08-24T23:10:08.810+0000] {dag.py:3096} INFO - Sync 1 DAGs
[2026-08-24T23:10:08.868+0000] {logging_mixin.py:188} INFO - [2026-08-24T23:10:08.866+0000] {dag.py:3954} INFO - Setting next_dagrun for Acougue_Previsao_Demanda_FLAML to 2026-08-24 02:00:00+00:00, run_after=2026-08-25 02:00:00+00:00
[2026-08-24T23:10:08.912+0000] {processor.py:183} INFO - Processing /opt/airflow/dags/dag_previsao_demanda.py took 4.956 seconds
[2026-08-24T23:10:39.025+0000] {processor.py:161} INFO - Started process (PID=257) to work on /opt/airflow/dags/dag_previsao_demanda.py
[2026-08-24T23:10:39.030+0000] {processor.py:830} INFO - Processing file /opt/airflow/dags/dag_previsao_demanda.py for tasks to queue
[2026-08-24T23:10:39.032+0000] {logging_mixin.py:188} INFO - [2026-08-24T23:10:39.032+0000] {dagbag.py:545} INFO - Filling up the DagBag from /opt/airflow/dags/dag_previsao_demanda.py
[2026-08-24T23:10:41.695+0000] {processor.py:840} INFO - DAG(s) 'Acougue_Previsao_Demanda_FLAML' retrieved from /opt/airflow/dags/dag_previsao_demanda.py
[2026-08-24T23:10:41.720+0000] {logging_mixin.py:188} INFO - [2026-08-24T23:10:41.720+0000] {dag.py:3096} INFO - Sync 1 DAGs
[2026-08-24T23:10:41.741+0000] {logging_mixin.py:188} INFO - [2026-08-24T23:10:41.741+0000] {dag.py:3954} INFO - Setting next_dagrun for Acougue_Previsao_Demanda_FLAML to 2026-08-24 02:00:00+00:00, run_after=2026-08-25 02:00:00+00:00
[2026-08-24T23:10:41.759+0000] {processor.py:183} INFO - Processing /opt/airflow/dags/dag_previsao_demanda.py took 2.755 seconds
[2026-08-24T23:11:12.013+0000] {processor.py:161} INFO - Started process (PID=273) to work on /opt/airflow/dags/dag_previsao_demanda.py
[2026-08-24T23:11:12.014+0000] {processor.py:830} INFO - Processing file /opt/airflow/dags/dag_previsao_demanda.py for tasks to queue
[2026-08-24T23:11:12.016+0000] {logging_mixin.py:188} INFO - [2026-08-24T23:11:12.016+0000] {dagbag.py:545} INFO - Filling up the DagBag from /opt/airflow/dags/dag_previsao_demanda.py
[2026-08-24T23:11:14.638+0000] {processor.py:840} INFO - DAG(s) 'Acougue_Previsao_Demanda_FLAML' retrieved from /opt/airflow/dags/dag_previsao_demanda.py
[2026-08-24T23:11:14.673+0000] {logging_mixin.py:188} INFO - [2026-08-24T23:11:14.673+0000] {dag.py:3096} INFO - Sync 1 DAGs
[2026-08-24T23:11:14.708+0000] {logging_mixin.py:188} INFO - [2026-08-24T23:11:14.708+0000] {dag.py:3954} INFO - Setting next_dagrun for Acougue_Previsao_Demanda_FLAML to 2026-08-24 02:00:00+00:00, run_after=2026-08-25 02:00:00+00:00
[2026-08-24T23:11:14.735+0000] {processor.py:183} INFO - Processing /opt/airflow/dags/dag_previsao_demanda.py took 2.732 seconds
[2026-08-24T23:11:44.975+0000] {processor.py:161} INFO - Started process (PID=289) to work on /opt/airflow/dags/dag_previsao_demanda.py
[2026-08-24T23:11:44.976+0000] {processor.py:830} INFO - Processing file /opt/airflow/dags/dag_previsao_demanda.py for tasks to queue
[2026-08-24T23:11:44.978+0000] {logging_mixin.py:188} INFO - [2026-08-24T23:11:44.978+0000] {dagbag.py:545} INFO - Filling up the DagBag from /opt/airflow/dags/dag_previsao_demanda.py
[2026-08-24T23:11:47.687+0000] {processor.py:840} INFO - DAG(s) 'Acougue_Previsao_Demanda_FLAML' retrieved from /opt/airflow/dags/dag_previsao_demanda.py
[2026-08-24T23:11:47.717+0000] {logging_mixin.py:188} INFO - [2026-08-24T23:11:47.717+0000] {dag.py:3096} INFO - Sync 1 DAGs
[2026-08-24T23:11:47.746+0000] {logging_mixin.py:188} INFO - [2026-08-24T23:11:47.746+0000] {dag.py:3954} INFO - Setting next_dagrun for Acougue_Previsao_Demanda_FLAML to 2026-08-24 02:00:00+00:00, run_after=2026-08-25 02:00:00+00:00
[2026-08-24T23:11:47.771+0000] {processor.py:183} INFO - Processing /opt/airflow/dags/dag_previsao_demanda.py took 2.808 seconds
[2026-08-24T23:12:18.047+0000] {processor.py:161} INFO - Started process (PID=305) to work on /opt/airflow/dags/dag_previsao_demanda.py
[2026-08-24T23:12:18.048+0000] {processor.py:830} INFO - Processing file /opt/airflow/dags/dag_previsao_demanda.py for tasks to queue
[2026-08-24T23:12:18.050+0000] {logging_mixin.py:188} INFO - [2026-08-24T23:12:18.050+0000] {dagbag.py:545} INFO - Filling up the DagBag from /opt/airflow/dags/dag_previsao_demanda.py
[2026-08-24T23:12:20.767+0000] {processor.py:840} INFO - DAG(s) 'Acougue_Previsao_Demanda_FLAML' retrieved from /opt/airflow/dags/dag_previsao_demanda.py
[2026-08-24T23:12:20.805+0000] {logging_mixin.py:188} INFO - [2026-08-24T23:12:20.804+0000] {dag.py:3096} INFO - Sync 1 DAGs
[2026-08-24T23:12:20.830+0000] {logging_mixin.py:188} INFO - [2026-08-24T23:12:20.829+0000] {dag.py:3954} INFO - Setting next_dagrun for Acougue_Previsao_Demanda_FLAML to 2026-08-24 02:00:00+00:00, run_after=2026-08-25 02:00:00+00:00
[2026-08-24T23:12:20.855+0000] {processor.py:183} INFO - Processing /opt/airflow/dags/dag_previsao_demanda.py took 2.816 seconds
[2026-08-24T23:12:51.114+0000] {processor.py:161} INFO - Started process (PID=321) to work on /opt/airflow/dags/dag_previsao_demanda.py
[2026-08-24T23:12:51.122+0000] {processor.py:830} INFO - Processing file /opt/airflow/dags/dag_previsao_demanda.py for tasks to queue
[2026-08-24T23:12:51.124+0000] {logging_mixin.py:188} INFO - [2026-08-24T23:12:51.124+0000] {dagbag.py:545} INFO - Filling up the DagBag from /opt/airflow/dags/dag_previsao_demanda.py
[2026-08-24T23:12:53.938+0000] {processor.py:840} INFO - DAG(s) 'Acougue_Previsao_Demanda_FLAML' retrieved from /opt/airflow/dags/dag_previsao_demanda.py
[2026-08-24T23:12:53.974+0000] {logging_mixin.py:188} INFO - [2026-08-24T23:12:53.973+0000] {dag.py:3096} INFO - Sync 1 DAGs
[2026-08-24T23:12:54.009+0000] {logging_mixin.py:188} INFO - [2026-08-24T23:12:54.008+0000] {dag.py:3954} INFO - Setting next_dagrun for Acougue_Previsao_Demanda_FLAML to 2026-08-24 02:00:00+00:00, run_after=2026-08-25 02:00:00+00:00
[2026-08-24T23:12:54.039+0000] {processor.py:183} INFO - Processing /opt/airflow/dags/dag_previsao_demanda.py took 2.936 seconds
[2026-08-24T23:13:14.119+0000] {processor.py:161} INFO - Started process (PID=337) to work on /opt/airflow/dags/dag_previsao_demanda.py
[2026-08-24T23:13:14.121+0000] {processor.py:830} INFO - Processing file /opt/airflow/dags/dag_previsao_demanda.py for tasks to queue
[2026-08-24T23:13:14.124+0000] {logging_mixin.py:188} INFO - [2026-08-24T23:13:14.123+0000] {dagbag.py:545} INFO - Filling up the DagBag from /opt/airflow/dags/dag_previsao_demanda.py
[2026-08-24T23:13:16.704+0000] {processor.py:840} INFO - DAG(s) 'Acougue_Previsao_Demanda_FLAML' retrieved from /opt/airflow/dags/dag_previsao_demanda.py
[2026-08-24T23:13:16.732+0000] {logging_mixin.py:188} INFO - [2026-08-24T23:13:16.732+0000] {dag.py:3096} INFO - Sync 1 DAGs
[2026-08-24T23:13:16.761+0000] {logging_mixin.py:188} INFO - [2026-08-24T23:13:16.761+0000] {dag.py:3954} INFO - Setting next_dagrun for Acougue_Previsao_Demanda_FLAML to 2026-08-24 02:00:00+00:00, run_after=2026-08-25 02:00:00+00:00
[2026-08-24T23:13:16.794+0000] {processor.py:183} INFO - Processing /opt/airflow/dags/dag_previsao_demanda.py took 2.687 seconds
[2026-08-24T23:13:47.051+0000] {processor.py:161} INFO - Started process (PID=353) to work on /opt/airflow/dags/dag_previsao_demanda.py
[2026-08-24T23:13:47.055+0000] {processor.py:830} INFO - Processing file /opt/airflow/dags/dag_previsao_demanda.py for tasks to queue
[2026-08-24T23:13:47.058+0000] {logging_mixin.py:188} INFO - [2026-08-24T23:13:47.057+0000] {dagbag.py:545} INFO - Filling up the DagBag from /opt/airflow/dags/dag_previsao_demanda.py
[2026-08-24T23:13:49.758+0000] {processor.py:840} INFO - DAG(s) 'Acougue_Previsao_Demanda_FLAML' retrieved from /opt/airflow/dags/dag_previsao_demanda.py
[2026-08-24T23:13:49.785+0000] {logging_mixin.py:188} INFO - [2026-08-24T23:13:49.784+0000] {dag.py:3096} INFO - Sync 1 DAGs
[2026-08-24T23:13:49.807+0000] {logging_mixin.py:188} INFO - [2026-08-24T23:13:49.807+0000] {dag.py:3954} INFO - Setting next_dagrun for Acougue_Previsao_Demanda_FLAML to 2026-08-24 02:00:00+00:00, run_after=2026-08-25 02:00:00+00:00
[2026-08-24T23:13:49.825+0000] {processor.py:183} INFO - Processing /opt/airflow/dags/dag_previsao_demanda.py took 2.784 seconds
[2026-08-24T23:14:19.972+0000] {processor.py:161} INFO - Started process (PID=382) to work on /opt/airflow/dags/dag_previsao_demanda.py
[2026-08-24T23:14:19.974+0000] {processor.py:830} INFO - Processing file /opt/airflow/dags/dag_previsao_demanda.py for tasks to queue
[2026-08-24T23:14:19.977+0000] {logging_mixin.py:188} INFO - [2026-08-24T23:14:19.976+0000] {dagbag.py:545} INFO - Filling up the DagBag from /opt/airflow/dags/dag_previsao_demanda.py
[2026-08-24T23:14:23.561+0000] {processor.py:840} INFO - DAG(s) 'Acougue_Previsao_Demanda_FLAML' retrieved from /opt/airflow/dags/dag_previsao_demanda.py
[2026-08-24T23:14:23.589+0000] {logging_mixin.py:188} INFO - [2026-08-24T23:14:23.589+0000] {dag.py:3096} INFO - Sync 1 DAGs
[2026-08-24T23:14:23.617+0000] {logging_mixin.py:188} INFO - [2026-08-24T23:14:23.617+0000] {dag.py:3954} INFO - Setting next_dagrun for Acougue_Previsao_Demanda_FLAML to 2026-08-24 02:00:00+00:00, run_after=2026-08-25 02:00:00+00:00
[2026-08-24T23:14:23.633+0000] {processor.py:183} INFO - Processing /opt/airflow/dags/dag_previsao_demanda.py took 3.670 seconds
[2026-08-24T23:14:53.888+0000] {processor.py:161} INFO - Started process (PID=398) to work on /opt/airflow/dags/dag_previsao_demanda.py
[2026-08-24T23:14:53.891+0000] {processor.py:830} INFO - Processing file /opt/airflow/dags/dag_previsao_demanda.py for tasks to queue
[2026-08-24T23:14:53.894+0000] {logging_mixin.py:188} INFO - [2026-08-24T23:14:53.894+0000] {dagbag.py:545} INFO - Filling up the DagBag from /opt/airflow/dags/dag_previsao_demanda.py
[2026-08-24T23:14:56.647+0000] {processor.py:840} INFO - DAG(s) 'Acougue_Previsao_Demanda_FLAML' retrieved from /opt/airflow/dags/dag_previsao_demanda.py
[2026-08-24T23:14:56.683+0000] {logging_mixin.py:188} INFO - [2026-08-24T23:14:56.682+0000] {dag.py:3096} INFO - Sync 1 DAGs
[2026-08-24T23:14:56.712+0000] {logging_mixin.py:188} INFO - [2026-08-24T23:14:56.712+0000] {dag.py:3954} INFO - Setting next_dagrun for Acougue_Previsao_Demanda_FLAML to 2026-08-24 02:00:00+00:00, run_after=2026-08-25 02:00:00+00:00
[2026-08-24T23:14:56.746+0000] {processor.py:183} INFO - Processing /opt/airflow/dags/dag_previsao_demanda.py took 2.872 seconds
[2026-08-24T23:15:26.921+0000] {processor.py:161} INFO - Started process (PID=414) to work on /opt/airflow/dags/dag_previsao_demanda.py
[2026-08-24T23:15:26.923+0000] {processor.py:830} INFO - Processing file /opt/airflow/dags/dag_previsao_demanda.py for tasks to queue
[2026-08-24T23:15:26.925+0000] {logging_mixin.py:188} INFO - [2026-08-24T23:15:26.924+0000] {dagbag.py:545} INFO - Filling up the DagBag from /opt/airflow/dags/dag_previsao_demanda.py
[2026-08-24T23:15:29.835+0000] {processor.py:840} INFO - DAG(s) 'Acougue_Previsao_Demanda_FLAML' retrieved from /opt/airflow/dags/dag_previsao_demanda.py
[2026-08-24T23:15:29.870+0000] {logging_mixin.py:188} INFO - [2026-08-24T23:15:29.870+0000] {dag.py:3096} INFO - Sync 1 DAGs
[2026-08-24T23:15:29.898+0000] {logging_mixin.py:188} INFO - [2026-08-24T23:15:29.897+0000] {dag.py:3954} INFO - Setting next_dagrun for Acougue_Previsao_Demanda_FLAML to 2026-08-24 02:00:00+00:00, run_after=2026-08-25 02:00:00+00:00
[2026-08-24T23:15:29.930+0000] {processor.py:183} INFO - Processing /opt/airflow/dags/dag_previsao_demanda.py took 3.018 seconds
[2026-08-24T23:16:00.223+0000] {processor.py:161} INFO - Started process (PID=430) to work on /opt/airflow/dags/dag_previsao_demanda.py
[2026-08-24T23:16:00.227+0000] {processor.py:830} INFO - Processing file /opt/airflow/dags/dag_previsao_demanda.py for tasks to queue
[2026-08-24T23:16:00.230+0000] {logging_mixin.py:188} INFO - [2026-08-24T23:16:00.230+0000] {dagbag.py:545} INFO - Filling up the DagBag from /opt/airflow/dags/dag_previsao_demanda.py
[2026-08-24T23:16:04.985+0000] {processor.py:840} INFO - DAG(s) 'Acougue_Previsao_Demanda_FLAML' retrieved from /opt/airflow/dags/dag_previsao_demanda.py
[2026-08-24T23:16:05.086+0000] {logging_mixin.py:188} INFO - [2026-08-24T23:16:05.085+0000] {dag.py:3096} INFO - Sync 1 DAGs
[2026-08-24T23:16:05.145+0000] {logging_mixin.py:188} INFO - [2026-08-24T23:16:05.144+0000] {dag.py:3954} INFO - Setting next_dagrun for Acougue_Previsao_Demanda_FLAML to 2026-08-24 02:00:00+00:00, run_after=2026-08-25 02:00:00+00:00
[2026-08-24T23:16:05.182+0000] {processor.py:183} INFO - Processing /opt/airflow/dags/dag_previsao_demanda.py took 4.977 seconds
[2026-08-24T23:16:35.485+0000] {processor.py:161} INFO - Started process (PID=453) to work on /opt/airflow/dags/dag_previsao_demanda.py
[2026-08-24T23:16:35.492+0000] {processor.py:830} INFO - Processing file /opt/airflow/dags/dag_previsao_demanda.py for tasks to queue
[2026-08-24T23:16:35.495+0000] {logging_mixin.py:188} INFO - [2026-08-24T23:16:35.494+0000] {dagbag.py:545} INFO - Filling up the DagBag from /opt/airflow/dags/dag_previsao_demanda.py
[2026-08-24T23:16:38.500+0000] {processor.py:840} INFO - DAG(s) 'Acougue_Previsao_Demanda_FLAML' retrieved from /opt/airflow/dags/dag_previsao_demanda.py
[2026-08-24T23:16:38.532+0000] {logging_mixin.py:188} INFO - [2026-08-24T23:16:38.531+0000] {dag.py:3096} INFO - Sync 1 DAGs
[2026-08-24T23:16:38.560+0000] {logging_mixin.py:188} INFO - [2026-08-24T23:16:38.559+0000] {dag.py:3954} INFO - Setting next_dagrun for Acougue_Previsao_Demanda_FLAML to 2026-08-24 02:00:00+00:00, run_after=2026-08-25 02:00:00+00:00
[2026-08-24T23:16:38.585+0000] {processor.py:183} INFO - Processing /opt/airflow/dags/dag_previsao_demanda.py took 3.114 seconds
[2026-08-24T23:17:08.885+0000] {processor.py:161} INFO - Started process (PID=469) to work on /opt/airflow/dags/dag_previsao_demanda.py
[2026-08-24T23:17:08.888+0000] {processor.py:830} INFO - Processing file /opt/airflow/dags/dag_previsao_demanda.py for tasks to queue
[2026-08-24T23:17:08.891+0000] {logging_mixin.py:188} INFO - [2026-08-24T23:17:08.891+0000] {dagbag.py:545} INFO - Filling up the DagBag from /opt/airflow/dags/dag_previsao_demanda.py
[2026-08-24T23:17:11.771+0000] {processor.py:840} INFO - DAG(s) 'Acougue_Previsao_Demanda_FLAML' retrieved from /opt/airflow/dags/dag_previsao_demanda.py
[2026-08-24T23:17:11.819+0000] {logging_mixin.py:188} INFO - [2026-08-24T23:17:11.819+0000] {dag.py:3096} INFO - Sync 1 DAGs
[2026-08-24T23:17:11.865+0000] {logging_mixin.py:188} INFO - [2026-08-24T23:17:11.865+0000] {dag.py:3954} INFO - Setting next_dagrun for Acougue_Previsao_Demanda_FLAML to 2026-08-24 02:00:00+00:00, run_after=2026-08-25 02:00:00+00:00
[2026-08-24T23:17:11.907+0000] {processor.py:183} INFO - Processing /opt/airflow/dags/dag_previsao_demanda.py took 3.041 seconds
[2026-08-24T23:17:42.197+0000] {processor.py:161} INFO - Started process (PID=485) to work on /opt/airflow/dags/dag_previsao_demanda.py
[2026-08-24T23:17:42.199+0000] {processor.py:830} INFO - Processing file /opt/airflow/dags/dag_previsao_demanda.py for tasks to queue
[2026-08-24T23:17:42.201+0000] {logging_mixin.py:188} INFO - [2026-08-24T23:17:42.200+0000] {dagbag.py:545} INFO - Filling up the DagBag from /opt/airflow/dags/dag_previsao_demanda.py
[2026-08-24T23:17:44.914+0000] {processor.py:840} INFO - DAG(s) 'Acougue_Previsao_Demanda_FLAML' retrieved from /opt/airflow/dags/dag_previsao_demanda.py
[2026-08-24T23:17:44.952+0000] {logging_mixin.py:188} INFO - [2026-08-24T23:17:44.952+0000] {dag.py:3096} INFO - Sync 1 DAGs
[2026-08-24T23:17:44.981+0000] {logging_mixin.py:188} INFO - [2026-08-24T23:17:44.981+0000] {dag.py:3954} INFO - Setting next_dagrun for Acougue_Previsao_Demanda_FLAML to 2026-08-24 02:00:00+00:00, run_after=2026-08-25 02:00:00+00:00
[2026-08-24T23:17:45.009+0000] {processor.py:183} INFO - Processing /opt/airflow/dags/dag_previsao_demanda.py took 2.820 seconds
[2026-08-24T23:18:15.334+0000] {processor.py:161} INFO - Started process (PID=501) to work on /opt/airflow/dags/dag_previsao_demanda.py
[2026-08-24T23:18:15.335+0000] {processor.py:830} INFO - Processing file /opt/airflow/dags/dag_previsao_demanda.py for tasks to queue
[2026-08-24T23:18:15.337+0000] {logging_mixin.py:188} INFO - [2026-08-24T23:18:15.337+0000] {dagbag.py:545} INFO - Filling up the DagBag from /opt/airflow/dags/dag_previsao_demanda.py
[2026-08-24T23:18:18.020+0000] {processor.py:840} INFO - DAG(s) 'Acougue_Previsao_Demanda_FLAML' retrieved from /opt/airflow/dags/dag_previsao_demanda.py
[2026-08-24T23:18:18.058+0000] {logging_mixin.py:188} INFO - [2026-08-24T23:18:18.057+0000] {dag.py:3096} INFO - Sync 1 DAGs
[2026-08-24T23:18:18.090+0000] {logging_mixin.py:188} INFO - [2026-08-24T23:18:18.090+0000] {dag.py:3954} INFO - Setting next_dagrun for Acougue_Previsao_Demanda_FLAML to 2026-08-24 02:00:00+00:00, run_after=2026-08-25 02:00:00+00:00
[2026-08-24T23:18:18.116+0000] {processor.py:183} INFO - Processing /opt/airflow/dags/dag_previsao_demanda.py took 2.792 seconds
[2026-08-24T23:18:43.231+0000] {processor.py:161} INFO - Started process (PID=517) to work on /opt/airflow/dags/dag_previsao_demanda.py
[2026-08-24T23:18:43.235+0000] {processor.py:830} INFO - Processing file /opt/airflow/dags/dag_previsao_demanda.py for tasks to queue
[2026-08-24T23:18:43.239+0000] {logging_mixin.py:188} INFO - [2026-08-24T23:18:43.239+0000] {dagbag.py:545} INFO - Filling up the DagBag from /opt/airflow/dags/dag_previsao_demanda.py
[2026-08-24T23:18:46.016+0000] {processor.py:840} INFO - DAG(s) 'Acougue_Previsao_Demanda_FLAML' retrieved from /opt/airflow/dags/dag_previsao_demanda.py
[2026-08-24T23:18:46.050+0000] {logging_mixin.py:188} INFO - [2026-08-24T23:18:46.050+0000] {dag.py:3096} INFO - Sync 1 DAGs
[2026-08-24T23:18:46.078+0000] {logging_mixin.py:188} INFO - [2026-08-24T23:18:46.078+0000] {dag.py:3954} INFO - Setting next_dagrun for Acougue_Previsao_Demanda_FLAML to 2026-08-24 02:00:00+00:00, run_after=2026-08-25 02:00:00+00:00
[2026-08-24T23:18:46.109+0000] {processor.py:183} INFO - Processing /opt/airflow/dags/dag_previsao_demanda.py took 2.899 seconds
[2026-08-24T23:19:16.765+0000] {processor.py:161} INFO - Started process (PID=546) to work on /opt/airflow/dags/dag_previsao_demanda.py
[2026-08-24T23:19:16.767+0000] {processor.py:830} INFO - Processing file /opt/airflow/dags/dag_previsao_demanda.py for tasks to queue
[2026-08-24T23:19:16.769+0000] {logging_mixin.py:188} INFO - [2026-08-24T23:19:16.768+0000] {dagbag.py:545} INFO - Filling up the DagBag from /opt/airflow/dags/dag_previsao_demanda.py
[2026-08-24T23:19:19.583+0000] {processor.py:840} INFO - DAG(s) 'Acougue_Previsao_Demanda_FLAML' retrieved from /opt/airflow/dags/dag_previsao_demanda.py
[2026-08-24T23:19:19.617+0000] {logging_mixin.py:188} INFO - [2026-08-24T23:19:19.616+0000] {dag.py:3096} INFO - Sync 1 DAGs
[2026-08-24T23:19:19.646+0000] {logging_mixin.py:188} INFO - [2026-08-24T23:19:19.645+0000] {dag.py:3954} INFO - Setting next_dagrun for Acougue_Previsao_Demanda_FLAML to 2026-08-24 02:00:00+00:00, run_after=2026-08-25 02:00:00+00:00
[2026-08-24T23:19:19.667+0000] {processor.py:183} INFO - Processing /opt/airflow/dags/dag_previsao_demanda.py took 2.912 seconds
[2026-08-24T23:19:50.173+0000] {processor.py:161} INFO - Started process (PID=562) to work on /opt/airflow/dags/dag_previsao_demanda.py
[2026-08-24T23:19:50.175+0000] {processor.py:830} INFO - Processing file /opt/airflow/dags/dag_previsao_demanda.py for tasks to queue
[2026-08-24T23:19:50.177+0000] {logging_mixin.py:188} INFO - [2026-08-24T23:19:50.177+0000] {dagbag.py:545} INFO - Filling up the DagBag from /opt/airflow/dags/dag_previsao_demanda.py
[2026-08-24T23:19:53.219+0000] {processor.py:840} INFO - DAG(s) 'Acougue_Previsao_Demanda_FLAML' retrieved from /opt/airflow/dags/dag_previsao_demanda.py
[2026-08-24T23:19:53.252+0000] {logging_mixin.py:188} INFO - [2026-08-24T23:19:53.252+0000] {dag.py:3096} INFO - Sync 1 DAGs
[2026-08-24T23:19:53.287+0000] {logging_mixin.py:188} INFO - [2026-08-24T23:19:53.287+0000] {dag.py:3954} INFO - Setting next_dagrun for Acougue_Previsao_Demanda_FLAML to 2026-08-24 02:00:00+00:00, run_after=2026-08-25 02:00:00+00:00
[2026-08-24T23:19:53.311+0000] {processor.py:183} INFO - Processing /opt/airflow/dags/dag_previsao_demanda.py took 3.146 seconds
[2026-08-24T23:20:23.613+0000] {processor.py:161} INFO - Started process (PID=578) to work on /opt/airflow/dags/dag_previsao_demanda.py
[2026-08-24T23:20:23.615+0000] {processor.py:830} INFO - Processing file /opt/airflow/dags/dag_previsao_demanda.py for tasks to queue
[2026-08-24T23:20:23.618+0000] {logging_mixin.py:188} INFO - [2026-08-24T23:20:23.618+0000] {dagbag.py:545} INFO - Filling up the DagBag from /opt/airflow/dags/dag_previsao_demanda.py
[2026-08-24T23:20:26.156+0000] {processor.py:840} INFO - DAG(s) 'Acougue_Previsao_Demanda_FLAML' retrieved from /opt/airflow/dags/dag_previsao_demanda.py
[2026-08-24T23:20:26.184+0000] {logging_mixin.py:188} INFO - [2026-08-24T23:20:26.183+0000] {dag.py:3096} INFO - Sync 1 DAGs
[2026-08-24T23:20:26.206+0000] {logging_mixin.py:188} INFO - [2026-08-24T23:20:26.205+0000] {dag.py:3954} INFO - Setting next_dagrun for Acougue_Previsao_Demanda_FLAML to 2026-08-24 02:00:00+00:00, run_after=2026-08-25 02:00:00+00:00
[2026-08-24T23:20:26.226+0000] {processor.py:183} INFO - Processing /opt/airflow/dags/dag_previsao_demanda.py took 2.623 seconds
[2026-08-24T23:20:56.832+0000] {processor.py:161} INFO - Started process (PID=594) to work on /opt/airflow/dags/dag_previsao_demanda.py
[2026-08-24T23:20:56.833+0000] {processor.py:830} INFO - Processing file /opt/airflow/dags/dag_previsao_demanda.py for tasks to queue
[2026-08-24T23:20:56.837+0000] {logging_mixin.py:188} INFO - [2026-08-24T23:20:56.836+0000] {dagbag.py:545} INFO - Filling up the DagBag from /opt/airflow/dags/dag_previsao_demanda.py
[2026-08-24T23:20:59.452+0000] {processor.py:840} INFO - DAG(s) 'Acougue_Previsao_Demanda_FLAML' retrieved from /opt/airflow/dags/dag_previsao_demanda.py
[2026-08-24T23:20:59.485+0000] {logging_mixin.py:188} INFO - [2026-08-24T23:20:59.484+0000] {dag.py:3096} INFO - Sync 1 DAGs
[2026-08-24T23:20:59.518+0000] {logging_mixin.py:188} INFO - [2026-08-24T23:20:59.518+0000] {dag.py:3954} INFO - Setting next_dagrun for Acougue_Previsao_Demanda_FLAML to 2026-08-24 02:00:00+00:00, run_after=2026-08-25 02:00:00+00:00
[2026-08-24T23:20:59.557+0000] {processor.py:183} INFO - Processing /opt/airflow/dags/dag_previsao_demanda.py took 2.735 seconds
[2026-08-24T23:21:29.725+0000] {processor.py:161} INFO - Started process (PID=610) to work on /opt/airflow/dags/dag_previsao_demanda.py
[2026-08-24T23:21:29.728+0000] {processor.py:830} INFO - Processing file /opt/airflow/dags/dag_previsao_demanda.py for tasks to queue
[2026-08-24T23:21:29.731+0000] {logging_mixin.py:188} INFO - [2026-08-24T23:21:29.731+0000] {dagbag.py:545} INFO - Filling up the DagBag from /opt/airflow/dags/dag_previsao_demanda.py
[2026-08-24T23:21:32.518+0000] {processor.py:840} INFO - DAG(s) 'Acougue_Previsao_Demanda_FLAML' retrieved from /opt/airflow/dags/dag_previsao_demanda.py
[2026-08-24T23:21:32.547+0000] {logging_mixin.py:188} INFO - [2026-08-24T23:21:32.546+0000] {dag.py:3096} INFO - Sync 1 DAGs
[2026-08-24T23:21:32.574+0000] {logging_mixin.py:188} INFO - [2026-08-24T23:21:32.573+0000] {dag.py:3954} INFO - Setting next_dagrun for Acougue_Previsao_Demanda_FLAML to 2026-08-24 02:00:00+00:00, run_after=2026-08-25 02:00:00+00:00
[2026-08-24T23:21:32.593+0000] {processor.py:183} INFO - Processing /opt/airflow/dags/dag_previsao_demanda.py took 2.877 seconds
[2026-08-24T23:22:03.564+0000] {processor.py:161} INFO - Started process (PID=626) to work on /opt/airflow/dags/dag_previsao_demanda.py
[2026-08-24T23:22:03.568+0000] {processor.py:830} INFO - Processing file /opt/airflow/dags/dag_previsao_demanda.py for tasks to queue
[2026-08-24T23:22:03.574+0000] {logging_mixin.py:188} INFO - [2026-08-24T23:22:03.574+0000] {dagbag.py:545} INFO - Filling up the DagBag from /opt/airflow/dags/dag_previsao_demanda.py
[2026-08-24T23:22:07.036+0000] {processor.py:840} INFO - DAG(s) 'Acougue_Previsao_Demanda_FLAML' retrieved from /opt/airflow/dags/dag_previsao_demanda.py
[2026-08-24T23:22:07.075+0000] {logging_mixin.py:188} INFO - [2026-08-24T23:22:07.074+0000] {dag.py:3096} INFO - Sync 1 DAGs
[2026-08-24T23:22:07.103+0000] {logging_mixin.py:188} INFO - [2026-08-24T23:22:07.103+0000] {dag.py:3954} INFO - Setting next_dagrun for Acougue_Previsao_Demanda_FLAML to 2026-08-24 02:00:00+00:00, run_after=2026-08-25 02:00:00+00:00
[2026-08-24T23:22:07.136+0000] {processor.py:183} INFO - Processing /opt/airflow/dags/dag_previsao_demanda.py took 3.598 seconds
[2026-08-24T23:22:37.416+0000] {processor.py:161} INFO - Started process (PID=642) to work on /opt/airflow/dags/dag_previsao_demanda.py
[2026-08-24T23:22:37.419+0000] {processor.py:830} INFO - Processing file /opt/airflow/dags/dag_previsao_demanda.py for tasks to queue
[2026-08-24T23:22:37.422+0000] {logging_mixin.py:188} INFO - [2026-08-24T23:22:37.421+0000] {dagbag.py:545} INFO - Filling up the DagBag from /opt/airflow/dags/dag_previsao_demanda.py
[2026-08-24T23:22:40.229+0000] {processor.py:840} INFO - DAG(s) 'Acougue_Previsao_Demanda_FLAML' retrieved from /opt/airflow/dags/dag_previsao_demanda.py
[2026-08-24T23:22:40.280+0000] {logging_mixin.py:188} INFO - [2026-08-24T23:22:40.280+0000] {dag.py:3096} INFO - Sync 1 DAGs
[2026-08-24T23:22:40.312+0000] {logging_mixin.py:188} INFO - [2026-08-24T23:22:40.312+0000] {dag.py:3954} INFO - Setting next_dagrun for Acougue_Previsao_Demanda_FLAML to 2026-08-24 02:00:00+00:00, run_after=2026-08-25 02:00:00+00:00
[2026-08-24T23:22:40.339+0000] {processor.py:183} INFO - Processing /opt/airflow/dags/dag_previsao_demanda.py took 2.934 seconds
[2026-08-24T23:23:10.661+0000] {processor.py:161} INFO - Started process (PID=658) to work on /opt/airflow/dags/dag_previsao_demanda.py
[2026-08-24T23:23:10.665+0000] {processor.py:830} INFO - Processing file /opt/airflow/dags/dag_previsao_demanda.py for tasks to queue
[2026-08-24T23:23:10.667+0000] {logging_mixin.py:188} INFO - [2026-08-24T23:23:10.667+0000] {dagbag.py:545} INFO - Filling up the DagBag from /opt/airflow/dags/dag_previsao_demanda.py
[2026-08-24T23:23:13.236+0000] {processor.py:840} INFO - DAG(s) 'Acougue_Previsao_Demanda_FLAML' retrieved from /opt/airflow/dags/dag_previsao_demanda.py
[2026-08-24T23:23:13.271+0000] {logging_mixin.py:188} INFO - [2026-08-24T23:23:13.271+0000] {dag.py:3096} INFO - Sync 1 DAGs
[2026-08-24T23:23:13.295+0000] {logging_mixin.py:188} INFO - [2026-08-24T23:23:13.294+0000] {dag.py:3954} INFO - Setting next_dagrun for Acougue_Previsao_Demanda_FLAML to 2026-08-24 02:00:00+00:00, run_after=2026-08-25 02:00:00+00:00
[2026-08-24T23:23:13.321+0000] {processor.py:183} INFO - Processing /opt/airflow/dags/dag_previsao_demanda.py took 2.669 seconds
[2026-08-24T23:23:43.575+0000] {processor.py:161} INFO - Started process (PID=674) to work on /opt/airflow/dags/dag_previsao_demanda.py
[2026-08-24T23:23:43.577+0000] {processor.py:830} INFO - Processing file /opt/airflow/dags/dag_previsao_demanda.py for tasks to queue
[2026-08-24T23:23:43.580+0000] {logging_mixin.py:188} INFO - [2026-08-24T23:23:43.579+0000] {dagbag.py:545} INFO - Filling up the DagBag from /opt/airflow/dags/dag_previsao_demanda.py
[2026-08-24T23:23:46.255+0000] {processor.py:840} INFO - DAG(s) 'Acougue_Previsao_Demanda_FLAML' retrieved from /opt/airflow/dags/dag_previsao_demanda.py
[2026-08-24T23:23:46.287+0000] {logging_mixin.py:188} INFO - [2026-08-24T23:23:46.287+0000] {dag.py:3096} INFO - Sync 1 DAGs
[2026-08-24T23:23:46.313+0000] {logging_mixin.py:188} INFO - [2026-08-24T23:23:46.313+0000] {dag.py:3954} INFO - Setting next_dagrun for Acougue_Previsao_Demanda_FLAML to 2026-08-24 02:00:00+00:00, run_after=2026-08-25 02:00:00+00:00
[2026-08-24T23:23:46.343+0000] {processor.py:183} INFO - Processing /opt/airflow/dags/dag_previsao_demanda.py took 2.782 seconds
[2026-08-24T23:24:17.035+0000] {processor.py:161} INFO - Started process (PID=697) to work on /opt/airflow/dags/dag_previsao_demanda.py
[2026-08-24T23:24:17.036+0000] {processor.py:830} INFO - Processing file /opt/airflow/dags/dag_previsao_demanda.py for tasks to queue
[2026-08-24T23:24:17.039+0000] {logging_mixin.py:188} INFO - [2026-08-24T23:24:17.038+0000] {dagbag.py:545} INFO - Filling up the DagBag from /opt/airflow/dags/dag_previsao_demanda.py
[2026-08-24T23:24:20.081+0000] {processor.py:840} INFO - DAG(s) 'Acougue_Previsao_Demanda_FLAML' retrieved from /opt/airflow/dags/dag_previsao_demanda.py
[2026-08-24T23:24:20.112+0000] {logging_mixin.py:188} INFO - [2026-08-24T23:24:20.111+0000] {dag.py:3096} INFO - Sync 1 DAGs
[2026-08-24T23:24:20.143+0000] {logging_mixin.py:188} INFO - [2026-08-24T23:24:20.142+0000] {dag.py:3954} INFO - Setting next_dagrun for Acougue_Previsao_Demanda_FLAML to 2026-08-24 02:00:00+00:00, run_after=2026-08-25 02:00:00+00:00
[2026-08-24T23:24:20.179+0000] {processor.py:183} INFO - Processing /opt/airflow/dags/dag_previsao_demanda.py took 3.154 seconds
[2026-08-24T23:24:50.427+0000] {processor.py:161} INFO - Started process (PID=726) to work on /opt/airflow/dags/dag_previsao_demanda.py
[2026-08-24T23:24:50.429+0000] {processor.py:830} INFO - Processing file /opt/airflow/dags/dag_previsao_demanda.py for tasks to queue
[2026-08-24T23:24:50.430+0000] {logging_mixin.py:188} INFO - [2026-08-24T23:24:50.430+0000] {dagbag.py:545} INFO - Filling up the DagBag from /opt/airflow/dags/dag_previsao_demanda.py
[2026-08-24T23:24:53.187+0000] {processor.py:840} INFO - DAG(s) 'Acougue_Previsao_Demanda_FLAML' retrieved from /opt/airflow/dags/dag_previsao_demanda.py
[2026-08-24T23:24:53.215+0000] {logging_mixin.py:188} INFO - [2026-08-24T23:24:53.215+0000] {dag.py:3096} INFO - Sync 1 DAGs
[2026-08-24T23:24:53.241+0000] {logging_mixin.py:188} INFO - [2026-08-24T23:24:53.241+0000] {dag.py:3954} INFO - Setting next_dagrun for Acougue_Previsao_Demanda_FLAML to 2026-08-24 02:00:00+00:00, run_after=2026-08-25 02:00:00+00:00
[2026-08-24T23:24:53.267+0000] {processor.py:183} INFO - Processing /opt/airflow/dags/dag_previsao_demanda.py took 2.849 seconds
[2026-08-24T23:25:23.563+0000] {processor.py:161} INFO - Started process (PID=742) to work on /opt/airflow/dags/dag_previsao_demanda.py
[2026-08-24T23:25:23.568+0000] {processor.py:830} INFO - Processing file /opt/airflow/dags/dag_previsao_demanda.py for tasks to queue
[2026-08-24T23:25:23.571+0000] {logging_mixin.py:188} INFO - [2026-08-24T23:25:23.571+0000] {dagbag.py:545} INFO - Filling up the DagBag from /opt/airflow/dags/dag_previsao_demanda.py
[2026-08-24T23:25:26.168+0000] {processor.py:840} INFO - DAG(s) 'Acougue_Previsao_Demanda_FLAML' retrieved from /opt/airflow/dags/dag_previsao_demanda.py
[2026-08-24T23:25:26.197+0000] {logging_mixin.py:188} INFO - [2026-08-24T23:25:26.197+0000] {dag.py:3096} INFO - Sync 1 DAGs
[2026-08-24T23:25:26.230+0000] {logging_mixin.py:188} INFO - [2026-08-24T23:25:26.230+0000] {dag.py:3954} INFO - Setting next_dagrun for Acougue_Previsao_Demanda_FLAML to 2026-08-24 02:00:00+00:00, run_after=2026-08-25 02:00:00+00:00
[2026-08-24T23:25:26.254+0000] {processor.py:183} INFO - Processing /opt/airflow/dags/dag_previsao_demanda.py took 2.704 seconds
[2026-08-24T23:25:56.376+0000] {processor.py:161} INFO - Started process (PID=758) to work on /opt/airflow/dags/dag_previsao_demanda.py
[2026-08-24T23:25:56.377+0000] {processor.py:830} INFO - Processing file /opt/airflow/dags/dag_previsao_demanda.py for tasks to queue
[2026-08-24T23:25:56.379+0000] {logging_mixin.py:188} INFO - [2026-08-24T23:25:56.379+0000] {dagbag.py:545} INFO - Filling up the DagBag from /opt/airflow/dags/dag_previsao_demanda.py
[2026-08-24T23:25:59.138+0000] {processor.py:840} INFO - DAG(s) 'Acougue_Previsao_Demanda_FLAML' retrieved from /opt/airflow/dags/dag_previsao_demanda.py
[2026-08-24T23:25:59.174+0000] {logging_mixin.py:188} INFO - [2026-08-24T23:25:59.173+0000] {dag.py:3096} INFO - Sync 1 DAGs
[2026-08-24T23:25:59.215+0000] {logging_mixin.py:188} INFO - [2026-08-24T23:25:59.214+0000] {dag.py:3954} INFO - Setting next_dagrun for Acougue_Previsao_Demanda_FLAML to 2026-08-24 02:00:00+00:00, run_after=2026-08-25 02:00:00+00:00
[2026-08-24T23:25:59.245+0000] {processor.py:183} INFO - Processing /opt/airflow/dags/dag_previsao_demanda.py took 2.880 seconds
[2026-08-24T23:26:30.071+0000] {processor.py:161} INFO - Started process (PID=774) to work on /opt/airflow/dags/dag_previsao_demanda.py
[2026-08-24T23:26:30.072+0000] {processor.py:830} INFO - Processing file /opt/airflow/dags/dag_previsao_demanda.py for tasks to queue
[2026-08-24T23:26:30.074+0000] {logging_mixin.py:188} INFO - [2026-08-24T23:26:30.074+0000] {dagbag.py:545} INFO - Filling up the DagBag from /opt/airflow/dags/dag_previsao_demanda.py
[2026-08-24T23:26:32.604+0000] {processor.py:840} INFO - DAG(s) 'Acougue_Previsao_Demanda_FLAML' retrieved from /opt/airflow/dags/dag_previsao_demanda.py
[2026-08-24T23:26:32.638+0000] {logging_mixin.py:188} INFO - [2026-08-24T23:26:32.637+0000] {dag.py:3096} INFO - Sync 1 DAGs
[2026-08-24T23:26:32.665+0000] {logging_mixin.py:188} INFO - [2026-08-24T23:26:32.664+0000] {dag.py:3954} INFO - Setting next_dagrun for Acougue_Previsao_Demanda_FLAML to 2026-08-24 02:00:00+00:00, run_after=2026-08-25 02:00:00+00:00
[2026-08-24T23:26:32.687+0000] {processor.py:183} INFO - Processing /opt/airflow/dags/dag_previsao_demanda.py took 2.627 seconds
[2026-08-24T23:27:02.937+0000] {processor.py:161} INFO - Started process (PID=790) to work on /opt/airflow/dags/dag_previsao_demanda.py
[2026-08-24T23:27:02.947+0000] {processor.py:830} INFO - Processing file /opt/airflow/dags/dag_previsao_demanda.py for tasks to queue
[2026-08-24T23:27:02.957+0000] {logging_mixin.py:188} INFO - [2026-08-24T23:27:02.954+0000] {dagbag.py:545} INFO - Filling up the DagBag from /opt/airflow/dags/dag_previsao_demanda.py
[2026-08-24T23:27:06.285+0000] {processor.py:840} INFO - DAG(s) 'Acougue_Previsao_Demanda_FLAML' retrieved from /opt/airflow/dags/dag_previsao_demanda.py
[2026-08-24T23:27:06.319+0000] {logging_mixin.py:188} INFO - [2026-08-24T23:27:06.319+0000] {dag.py:3096} INFO - Sync 1 DAGs
[2026-08-24T23:27:06.347+0000] {logging_mixin.py:188} INFO - [2026-08-24T23:27:06.346+0000] {dag.py:3954} INFO - Setting next_dagrun for Acougue_Previsao_Demanda_FLAML to 2026-08-24 02:00:00+00:00, run_after=2026-08-25 02:00:00+00:00
[2026-08-24T23:27:06.392+0000] {processor.py:183} INFO - Processing /opt/airflow/dags/dag_previsao_demanda.py took 3.475 seconds
[2026-08-24T23:27:36.643+0000] {processor.py:161} INFO - Started process (PID=806) to work on /opt/airflow/dags/dag_previsao_demanda.py
[2026-08-24T23:27:36.645+0000] {processor.py:830} INFO - Processing file /opt/airflow/dags/dag_previsao_demanda.py for tasks to queue
[2026-08-24T23:27:36.647+0000] {logging_mixin.py:188} INFO - [2026-08-24T23:27:36.647+0000] {dagbag.py:545} INFO - Filling up the DagBag from /opt/airflow/dags/dag_previsao_demanda.py
[2026-08-24T23:27:39.229+0000] {processor.py:840} INFO - DAG(s) 'Acougue_Previsao_Demanda_FLAML' retrieved from /opt/airflow/dags/dag_previsao_demanda.py
[2026-08-24T23:27:39.255+0000] {logging_mixin.py:188} INFO - [2026-08-24T23:27:39.255+0000] {dag.py:3096} INFO - Sync 1 DAGs
[2026-08-24T23:27:39.279+0000] {logging_mixin.py:188} INFO - [2026-08-24T23:27:39.278+0000] {dag.py:3954} INFO - Setting next_dagrun for Acougue_Previsao_Demanda_FLAML to 2026-08-24 02:00:00+00:00, run_after=2026-08-25 02:00:00+00:00
[2026-08-24T23:27:39.303+0000] {processor.py:183} INFO - Processing /opt/airflow/dags/dag_previsao_demanda.py took 2.669 seconds
[2026-08-24T23:28:09.657+0000] {processor.py:161} INFO - Started process (PID=844) to work on /opt/airflow/dags/dag_previsao_demanda.py
[2026-08-24T23:28:09.659+0000] {processor.py:830} INFO - Processing file /opt/airflow/dags/dag_previsao_demanda.py for tasks to queue
[2026-08-24T23:28:09.661+0000] {logging_mixin.py:188} INFO - [2026-08-24T23:28:09.661+0000] {dagbag.py:545} INFO - Filling up the DagBag from /opt/airflow/dags/dag_previsao_demanda.py
[2026-08-24T23:28:13.145+0000] {processor.py:840} INFO - DAG(s) 'Acougue_Previsao_Demanda_FLAML' retrieved from /opt/airflow/dags/dag_previsao_demanda.py
[2026-08-24T23:28:13.179+0000] {logging_mixin.py:188} INFO - [2026-08-24T23:28:13.179+0000] {dag.py:3096} INFO - Sync 1 DAGs
[2026-08-24T23:28:13.217+0000] {logging_mixin.py:188} INFO - [2026-08-24T23:28:13.216+0000] {dag.py:3954} INFO - Setting next_dagrun for Acougue_Previsao_Demanda_FLAML to 2026-08-24 02:00:00+00:00, run_after=2026-08-25 02:00:00+00:00
[2026-08-24T23:28:13.246+0000] {processor.py:183} INFO - Processing /opt/airflow/dags/dag_previsao_demanda.py took 3.599 seconds
[2026-08-24T23:28:43.508+0000] {processor.py:161} INFO - Started process (PID=860) to work on /opt/airflow/dags/dag_previsao_demanda.py
[2026-08-24T23:28:43.509+0000] {processor.py:830} INFO - Processing file /opt/airflow/dags/dag_previsao_demanda.py for tasks to queue
[2026-08-24T23:28:43.512+0000] {logging_mixin.py:188} INFO - [2026-08-24T23:28:43.511+0000] {dagbag.py:545} INFO - Filling up the DagBag from /opt/airflow/dags/dag_previsao_demanda.py
[2026-08-24T23:28:46.372+0000] {processor.py:840} INFO - DAG(s) 'Acougue_Previsao_Demanda_FLAML' retrieved from /opt/airflow/dags/dag_previsao_demanda.py
[2026-08-24T23:28:46.414+0000] {logging_mixin.py:188} INFO - [2026-08-24T23:28:46.413+0000] {dag.py:3096} INFO - Sync 1 DAGs
[2026-08-24T23:28:46.447+0000] {logging_mixin.py:188} INFO - [2026-08-24T23:28:46.446+0000] {dag.py:3954} INFO - Setting next_dagrun for Acougue_Previsao_Demanda_FLAML to 2026-08-24 02:00:00+00:00, run_after=2026-08-25 02:00:00+00:00
[2026-08-24T23:28:46.480+0000] {processor.py:183} INFO - Processing /opt/airflow/dags/dag_previsao_demanda.py took 2.985 seconds
[2026-08-24T23:29:16.742+0000] {processor.py:161} INFO - Started process (PID=876) to work on /opt/airflow/dags/dag_previsao_demanda.py
[2026-08-24T23:29:16.744+0000] {processor.py:830} INFO - Processing file /opt/airflow/dags/dag_previsao_demanda.py for tasks to queue
[2026-08-24T23:29:16.746+0000] {logging_mixin.py:188} INFO - [2026-08-24T23:29:16.745+0000] {dagbag.py:545} INFO - Filling up the DagBag from /opt/airflow/dags/dag_previsao_demanda.py
[2026-08-24T23:29:19.497+0000] {processor.py:840} INFO - DAG(s) 'Acougue_Previsao_Demanda_FLAML' retrieved from /opt/airflow/dags/dag_previsao_demanda.py
[2026-08-24T23:29:19.525+0000] {logging_mixin.py:188} INFO - [2026-08-24T23:29:19.524+0000] {dag.py:3096} INFO - Sync 1 DAGs
[2026-08-24T23:29:19.556+0000] {logging_mixin.py:188} INFO - [2026-08-24T23:29:19.555+0000] {dag.py:3954} INFO - Setting next_dagrun for Acougue_Previsao_Demanda_FLAML to 2026-08-24 02:00:00+00:00, run_after=2026-08-25 02:00:00+00:00
[2026-08-24T23:29:19.575+0000] {processor.py:183} INFO - Processing /opt/airflow/dags/dag_previsao_demanda.py took 2.843 seconds
[2026-08-24T23:29:49.801+0000] {processor.py:161} INFO - Started process (PID=892) to work on /opt/airflow/dags/dag_previsao_demanda.py
[2026-08-24T23:29:49.803+0000] {processor.py:830} INFO - Processing file /opt/airflow/dags/dag_previsao_demanda.py for tasks to queue
[2026-08-24T23:29:49.805+0000] {logging_mixin.py:188} INFO - [2026-08-24T23:29:49.804+0000] {dagbag.py:545} INFO - Filling up the DagBag from /opt/airflow/dags/dag_previsao_demanda.py
[2026-08-24T23:29:52.634+0000] {processor.py:840} INFO - DAG(s) 'Acougue_Previsao_Demanda_FLAML' retrieved from /opt/airflow/dags/dag_previsao_demanda.py
[2026-08-24T23:29:52.666+0000] {logging_mixin.py:188} INFO - [2026-08-24T23:29:52.665+0000] {dag.py:3096} INFO - Sync 1 DAGs
[2026-08-24T23:29:52.693+0000] {logging_mixin.py:188} INFO - [2026-08-24T23:29:52.692+0000] {dag.py:3954} INFO - Setting next_dagrun for Acougue_Previsao_Demanda_FLAML to 2026-08-24 02:00:00+00:00, run_after=2026-08-25 02:00:00+00:00
[2026-08-24T23:29:52.714+0000] {processor.py:183} INFO - Processing /opt/airflow/dags/dag_previsao_demanda.py took 2.923 seconds
[2026-08-24T23:30:23.008+0000] {processor.py:161} INFO - Started process (PID=908) to work on /opt/airflow/dags/dag_previsao_demanda.py
[2026-08-24T23:30:23.010+0000] {processor.py:830} INFO - Processing file /opt/airflow/dags/dag_previsao_demanda.py for tasks to queue
[2026-08-24T23:30:23.012+0000] {logging_mixin.py:188} INFO - [2026-08-24T23:30:23.011+0000] {dagbag.py:545} INFO - Filling up the DagBag from /opt/airflow/dags/dag_previsao_demanda.py
[2026-08-24T23:30:25.589+0000] {processor.py:840} INFO - DAG(s) 'Acougue_Previsao_Demanda_FLAML' retrieved from /opt/airflow/dags/dag_previsao_demanda.py
[2026-08-24T23:30:25.616+0000] {logging_mixin.py:188} INFO - [2026-08-24T23:30:25.615+0000] {dag.py:3096} INFO - Sync 1 DAGs
[2026-08-24T23:30:25.643+0000] {logging_mixin.py:188} INFO - [2026-08-24T23:30:25.642+0000] {dag.py:3954} INFO - Setting next_dagrun for Acougue_Previsao_Demanda_FLAML to 2026-08-24 02:00:00+00:00, run_after=2026-08-25 02:00:00+00:00
[2026-08-24T23:30:25.672+0000] {processor.py:183} INFO - Processing /opt/airflow/dags/dag_previsao_demanda.py took 2.674 seconds
[2026-08-24T23:30:55.931+0000] {processor.py:161} INFO - Started process (PID=924) to work on /opt/airflow/dags/dag_previsao_demanda.py
[2026-08-24T23:30:55.933+0000] {processor.py:830} INFO - Processing file /opt/airflow/dags/dag_previsao_demanda.py for tasks to queue
[2026-08-24T23:30:55.935+0000] {logging_mixin.py:188} INFO - [2026-08-24T23:30:55.934+0000] {dagbag.py:545} INFO - Filling up the DagBag from /opt/airflow/dags/dag_previsao_demanda.py
[2026-08-24T23:30:58.885+0000] {processor.py:840} INFO - DAG(s) 'Acougue_Previsao_Demanda_FLAML' retrieved from /opt/airflow/dags/dag_previsao_demanda.py
[2026-08-24T23:30:58.919+0000] {logging_mixin.py:188} INFO - [2026-08-24T23:30:58.918+0000] {dag.py:3096} INFO - Sync 1 DAGs
[2026-08-24T23:30:58.947+0000] {logging_mixin.py:188} INFO - [2026-08-24T23:30:58.947+0000] {dag.py:3954} INFO - Setting next_dagrun for Acougue_Previsao_Demanda_FLAML to 2026-08-24 02:00:00+00:00, run_after=2026-08-25 02:00:00+00:00
[2026-08-24T23:30:58.977+0000] {processor.py:183} INFO - Processing /opt/airflow/dags/dag_previsao_demanda.py took 3.057 seconds
[2026-08-24T23:31:29.219+0000] {processor.py:161} INFO - Started process (PID=947) to work on /opt/airflow/dags/dag_previsao_demanda.py
[2026-08-24T23:31:29.220+0000] {processor.py:830} INFO - Processing file /opt/airflow/dags/dag_previsao_demanda.py for tasks to queue
[2026-08-24T23:31:29.222+0000] {logging_mixin.py:188} INFO - [2026-08-24T23:31:29.222+0000] {dagbag.py:545} INFO - Filling up the DagBag from /opt/airflow/dags/dag_previsao_demanda.py
[2026-08-24T23:31:31.867+0000] {processor.py:840} INFO - DAG(s) 'Acougue_Previsao_Demanda_FLAML' retrieved from /opt/airflow/dags/dag_previsao_demanda.py
[2026-08-24T23:31:31.893+0000] {logging_mixin.py:188} INFO - [2026-08-24T23:31:31.893+0000] {dag.py:3096} INFO - Sync 1 DAGs
[2026-08-24T23:31:31.918+0000] {logging_mixin.py:188} INFO - [2026-08-24T23:31:31.917+0000] {dag.py:3954} INFO - Setting next_dagrun for Acougue_Previsao_Demanda_FLAML to 2026-08-24 02:00:00+00:00, run_after=2026-08-25 02:00:00+00:00
[2026-08-24T23:31:31.944+0000] {processor.py:183} INFO - Processing /opt/airflow/dags/dag_previsao_demanda.py took 2.736 seconds
[2026-08-24T23:32:01.196+0000] {processor.py:161} INFO - Started process (PID=963) to work on /opt/airflow/dags/dag_previsao_demanda.py
[2026-08-24T23:32:01.199+0000] {processor.py:830} INFO - Processing file /opt/airflow/dags/dag_previsao_demanda.py for tasks to queue
[2026-08-24T23:32:01.201+0000] {logging_mixin.py:188} INFO - [2026-08-24T23:32:01.201+0000] {dagbag.py:545} INFO - Filling up the DagBag from /opt/airflow/dags/dag_previsao_demanda.py
[2026-08-24T23:32:05.117+0000] {processor.py:840} INFO - DAG(s) 'Acougue_Previsao_Demanda_FLAML' retrieved from /opt/airflow/dags/dag_previsao_demanda.py
[2026-08-24T23:32:05.157+0000] {logging_mixin.py:188} INFO - [2026-08-24T23:32:05.156+0000] {dag.py:3096} INFO - Sync 1 DAGs
[2026-08-24T23:32:05.204+0000] {logging_mixin.py:188} INFO - [2026-08-24T23:32:05.203+0000] {dag.py:3954} INFO - Setting next_dagrun for Acougue_Previsao_Demanda_FLAML to 2026-08-24 02:00:00+00:00, run_after=2026-08-25 02:00:00+00:00
[2026-08-24T23:32:05.240+0000] {processor.py:183} INFO - Processing /opt/airflow/dags/dag_previsao_demanda.py took 4.053 seconds
[2026-08-24T23:32:35.473+0000] {processor.py:161} INFO - Started process (PID=979) to work on /opt/airflow/dags/dag_previsao_demanda.py
[2026-08-24T23:32:35.475+0000] {processor.py:830} INFO - Processing file /opt/airflow/dags/dag_previsao_demanda.py for tasks to queue
[2026-08-24T23:32:35.478+0000] {logging_mixin.py:188} INFO - [2026-08-24T23:32:35.477+0000] {dagbag.py:545} INFO - Filling up the DagBag from /opt/airflow/dags/dag_previsao_demanda.py
[2026-08-24T23:32:38.284+0000] {processor.py:840} INFO - DAG(s) 'Acougue_Previsao_Demanda_FLAML' retrieved from /opt/airflow/dags/dag_previsao_demanda.py
[2026-08-24T23:32:38.313+0000] {logging_mixin.py:188} INFO - [2026-08-24T23:32:38.312+0000] {dag.py:3096} INFO - Sync 1 DAGs
[2026-08-24T23:32:38.343+0000] {logging_mixin.py:188} INFO - [2026-08-24T23:32:38.343+0000] {dag.py:3954} INFO - Setting next_dagrun for Acougue_Previsao_Demanda_FLAML to 2026-08-24 02:00:00+00:00, run_after=2026-08-25 02:00:00+00:00
[2026-08-24T23:32:38.366+0000] {processor.py:183} INFO - Processing /opt/airflow/dags/dag_previsao_demanda.py took 2.904 seconds
[2026-08-24T23:33:08.655+0000] {processor.py:161} INFO - Started process (PID=995) to work on /opt/airflow/dags/dag_previsao_demanda.py
[2026-08-24T23:33:08.657+0000] {processor.py:830} INFO - Processing file /opt/airflow/dags/dag_previsao_demanda.py for tasks to queue
[2026-08-24T23:33:08.660+0000] {logging_mixin.py:188} INFO - [2026-08-24T23:33:08.659+0000] {dagbag.py:545} INFO - Filling up the DagBag from /opt/airflow/dags/dag_previsao_demanda.py
[2026-08-24T23:33:11.209+0000] {processor.py:840} INFO - DAG(s) 'Acougue_Previsao_Demanda_FLAML' retrieved from /opt/airflow/dags/dag_previsao_demanda.py
[2026-08-24T23:33:11.243+0000] {logging_mixin.py:188} INFO - [2026-08-24T23:33:11.242+0000] {dag.py:3096} INFO - Sync 1 DAGs
[2026-08-24T23:33:11.273+0000] {logging_mixin.py:188} INFO - [2026-08-24T23:33:11.273+0000] {dag.py:3954} INFO - Setting next_dagrun for Acougue_Previsao_Demanda_FLAML to 2026-08-24 02:00:00+00:00, run_after=2026-08-25 02:00:00+00:00
[2026-08-24T23:33:11.293+0000] {processor.py:183} INFO - Processing /opt/airflow/dags/dag_previsao_demanda.py took 2.647 seconds
[2026-08-24T23:33:41.586+0000] {processor.py:161} INFO - Started process (PID=1058) to work on /opt/airflow/dags/dag_previsao_demanda.py
[2026-08-24T23:33:41.587+0000] {processor.py:830} INFO - Processing file /opt/airflow/dags/dag_previsao_demanda.py for tasks to queue
[2026-08-24T23:33:41.589+0000] {logging_mixin.py:188} INFO - [2026-08-24T23:33:41.589+0000] {dagbag.py:545} INFO - Filling up the DagBag from /opt/airflow/dags/dag_previsao_demanda.py
[2026-08-24T23:33:44.383+0000] {processor.py:840} INFO - DAG(s) 'Acougue_Previsao_Demanda_FLAML' retrieved from /opt/airflow/dags/dag_previsao_demanda.py
[2026-08-24T23:33:44.420+0000] {logging_mixin.py:188} INFO - [2026-08-24T23:33:44.419+0000] {dag.py:3096} INFO - Sync 1 DAGs
[2026-08-24T23:33:44.450+0000] {logging_mixin.py:188} INFO - [2026-08-24T23:33:44.450+0000] {dag.py:3954} INFO - Setting next_dagrun for Acougue_Previsao_Demanda_FLAML to 2026-08-24 02:00:00+00:00, run_after=2026-08-25 02:00:00+00:00
[2026-08-24T23:33:44.473+0000] {processor.py:183} INFO - Processing /opt/airflow/dags/dag_previsao_demanda.py took 2.897 seconds
[2026-08-24T23:34:14.892+0000] {processor.py:161} INFO - Started process (PID=1074) to work on /opt/airflow/dags/dag_previsao_demanda.py
[2026-08-24T23:34:14.893+0000] {processor.py:830} INFO - Processing file /opt/airflow/dags/dag_previsao_demanda.py for tasks to queue
[2026-08-24T23:34:14.895+0000] {logging_mixin.py:188} INFO - [2026-08-24T23:34:14.894+0000] {dagbag.py:545} INFO - Filling up the DagBag from /opt/airflow/dags/dag_previsao_demanda.py
[2026-08-24T23:34:17.470+0000] {processor.py:840} INFO - DAG(s) 'Acougue_Previsao_Demanda_FLAML' retrieved from /opt/airflow/dags/dag_previsao_demanda.py
[2026-08-24T23:34:17.498+0000] {logging_mixin.py:188} INFO - [2026-08-24T23:34:17.498+0000] {dag.py:3096} INFO - Sync 1 DAGs
[2026-08-24T23:34:17.523+0000] {logging_mixin.py:188} INFO - [2026-08-24T23:34:17.522+0000] {dag.py:3954} INFO - Setting next_dagrun for Acougue_Previsao_Demanda_FLAML to 2026-08-24 02:00:00+00:00, run_after=2026-08-25 02:00:00+00:00
[2026-08-24T23:34:17.543+0000] {processor.py:183} INFO - Processing /opt/airflow/dags/dag_previsao_demanda.py took 2.660 seconds
[2026-08-24T23:34:47.734+0000] {processor.py:161} INFO - Started process (PID=1090) to work on /opt/airflow/dags/dag_previsao_demanda.py
[2026-08-24T23:34:47.736+0000] {processor.py:830} INFO - Processing file /opt/airflow/dags/dag_previsao_demanda.py for tasks to queue
[2026-08-24T23:34:47.738+0000] {logging_mixin.py:188} INFO - [2026-08-24T23:34:47.737+0000] {dagbag.py:545} INFO - Filling up the DagBag from /opt/airflow/dags/dag_previsao_demanda.py
[2026-08-24T23:34:50.406+0000] {processor.py:840} INFO - DAG(s) 'Acougue_Previsao_Demanda_FLAML' retrieved from /opt/airflow/dags/dag_previsao_demanda.py
[2026-08-24T23:34:50.436+0000] {logging_mixin.py:188} INFO - [2026-08-24T23:34:50.435+0000] {dag.py:3096} INFO - Sync 1 DAGs
[2026-08-24T23:34:50.466+0000] {logging_mixin.py:188} INFO - [2026-08-24T23:34:50.466+0000] {dag.py:3954} INFO - Setting next_dagrun for Acougue_Previsao_Demanda_FLAML to 2026-08-24 02:00:00+00:00, run_after=2026-08-25 02:00:00+00:00
[2026-08-24T23:34:50.490+0000] {processor.py:183} INFO - Processing /opt/airflow/dags/dag_previsao_demanda.py took 2.764 seconds
[2026-08-24T23:35:20.743+0000] {processor.py:161} INFO - Started process (PID=1106) to work on /opt/airflow/dags/dag_previsao_demanda.py
[2026-08-24T23:35:20.745+0000] {processor.py:830} INFO - Processing file /opt/airflow/dags/dag_previsao_demanda.py for tasks to queue
[2026-08-24T23:35:20.748+0000] {logging_mixin.py:188} INFO - [2026-08-24T23:35:20.747+0000] {dagbag.py:545} INFO - Filling up the DagBag from /opt/airflow/dags/dag_previsao_demanda.py
[2026-08-24T23:35:23.594+0000] {processor.py:840} INFO - DAG(s) 'Acougue_Previsao_Demanda_FLAML' retrieved from /opt/airflow/dags/dag_previsao_demanda.py
[2026-08-24T23:35:23.625+0000] {logging_mixin.py:188} INFO - [2026-08-24T23:35:23.624+0000] {dag.py:3096} INFO - Sync 1 DAGs
[2026-08-24T23:35:23.652+0000] {logging_mixin.py:188} INFO - [2026-08-24T23:35:23.652+0000] {dag.py:3954} INFO - Setting next_dagrun for Acougue_Previsao_Demanda_FLAML to 2026-08-24 02:00:00+00:00, run_after=2026-08-25 02:00:00+00:00
[2026-08-24T23:35:23.672+0000] {processor.py:183} INFO - Processing /opt/airflow/dags/dag_previsao_demanda.py took 2.938 seconds
[2026-08-24T23:35:53.924+0000] {processor.py:161} INFO - Started process (PID=1143) to work on /opt/airflow/dags/dag_previsao_demanda.py
[2026-08-24T23:35:53.925+0000] {processor.py:830} INFO - Processing file /opt/airflow/dags/dag_previsao_demanda.py for tasks to queue
[2026-08-24T23:35:53.928+0000] {logging_mixin.py:188} INFO - [2026-08-24T23:35:53.927+0000] {dagbag.py:545} INFO - Filling up the DagBag from /opt/airflow/dags/dag_previsao_demanda.py
[2026-08-24T23:35:57.005+0000] {processor.py:840} INFO - DAG(s) 'Acougue_Previsao_Demanda_FLAML' retrieved from /opt/airflow/dags/dag_previsao_demanda.py
[2026-08-24T23:35:57.037+0000] {logging_mixin.py:188} INFO - [2026-08-24T23:35:57.036+0000] {dag.py:3096} INFO - Sync 1 DAGs
[2026-08-24T23:35:57.064+0000] {logging_mixin.py:188} INFO - [2026-08-24T23:35:57.063+0000] {dag.py:3954} INFO - Setting next_dagrun for Acougue_Previsao_Demanda_FLAML to 2026-08-24 02:00:00+00:00, run_after=2026-08-25 02:00:00+00:00
[2026-08-24T23:35:57.081+0000] {processor.py:183} INFO - Processing /opt/airflow/dags/dag_previsao_demanda.py took 3.167 seconds
[2026-08-24T23:36:27.373+0000] {processor.py:161} INFO - Started process (PID=1168) to work on /opt/airflow/dags/dag_previsao_demanda.py
[2026-08-24T23:36:27.379+0000] {processor.py:830} INFO - Processing file /opt/airflow/dags/dag_previsao_demanda.py for tasks to queue
[2026-08-24T23:36:27.382+0000] {logging_mixin.py:188} INFO - [2026-08-24T23:36:27.382+0000] {dagbag.py:545} INFO - Filling up the DagBag from /opt/airflow/dags/dag_previsao_demanda.py
[2026-08-24T23:36:30.354+0000] {processor.py:840} INFO - DAG(s) 'Acougue_Previsao_Demanda_FLAML' retrieved from /opt/airflow/dags/dag_previsao_demanda.py
[2026-08-24T23:36:30.399+0000] {logging_mixin.py:188} INFO - [2026-08-24T23:36:30.399+0000] {dag.py:3096} INFO - Sync 1 DAGs
[2026-08-24T23:36:30.436+0000] {logging_mixin.py:188} INFO - [2026-08-24T23:36:30.436+0000] {dag.py:3954} INFO - Setting next_dagrun for Acougue_Previsao_Demanda_FLAML to 2026-08-24 02:00:00+00:00, run_after=2026-08-25 02:00:00+00:00
[2026-08-24T23:36:30.458+0000] {processor.py:183} INFO - Processing /opt/airflow/dags/dag_previsao_demanda.py took 3.113 seconds
[2026-08-24T23:37:00.687+0000] {processor.py:161} INFO - Started process (PID=1184) to work on /opt/airflow/dags/dag_previsao_demanda.py
[2026-08-24T23:37:00.691+0000] {processor.py:830} INFO - Processing file /opt/airflow/dags/dag_previsao_demanda.py for tasks to queue
[2026-08-24T23:37:00.694+0000] {logging_mixin.py:188} INFO - [2026-08-24T23:37:00.693+0000] {dagbag.py:545} INFO - Filling up the DagBag from /opt/airflow/dags/dag_previsao_demanda.py
[2026-08-24T23:37:05.546+0000] {processor.py:840} INFO - DAG(s) 'Acougue_Previsao_Demanda_FLAML' retrieved from /opt/airflow/dags/dag_previsao_demanda.py
[2026-08-24T23:37:05.580+0000] {logging_mixin.py:188} INFO - [2026-08-24T23:37:05.579+0000] {dag.py:3096} INFO - Sync 1 DAGs
[2026-08-24T23:37:05.610+0000] {logging_mixin.py:188} INFO - [2026-08-24T23:37:05.610+0000] {dag.py:3954} INFO - Setting next_dagrun for Acougue_Previsao_Demanda_FLAML to 2026-08-24 02:00:00+00:00, run_after=2026-08-25 02:00:00+00:00
[2026-08-24T23:37:05.629+0000] {processor.py:183} INFO - Processing /opt/airflow/dags/dag_previsao_demanda.py took 4.970 seconds
[2026-08-24T23:37:35.888+0000] {processor.py:161} INFO - Started process (PID=1200) to work on /opt/airflow/dags/dag_previsao_demanda.py
[2026-08-24T23:37:35.890+0000] {processor.py:830} INFO - Processing file /opt/airflow/dags/dag_previsao_demanda.py for tasks to queue
[2026-08-24T23:37:35.892+0000] {logging_mixin.py:188} INFO - [2026-08-24T23:37:35.892+0000] {dagbag.py:545} INFO - Filling up the DagBag from /opt/airflow/dags/dag_previsao_demanda.py
[2026-08-24T23:37:39.534+0000] {processor.py:840} INFO - DAG(s) 'Acougue_Previsao_Demanda_FLAML' retrieved from /opt/airflow/dags/dag_previsao_demanda.py
[2026-08-24T23:37:39.594+0000] {logging_mixin.py:188} INFO - [2026-08-24T23:37:39.593+0000] {dag.py:3096} INFO - Sync 1 DAGs
[2026-08-24T23:37:39.661+0000] {logging_mixin.py:188} INFO - [2026-08-24T23:37:39.661+0000] {dag.py:3954} INFO - Setting next_dagrun for Acougue_Previsao_Demanda_FLAML to 2026-08-24 02:00:00+00:00, run_after=2026-08-25 02:00:00+00:00
[2026-08-24T23:37:39.682+0000] {processor.py:183} INFO - Processing /opt/airflow/dags/dag_previsao_demanda.py took 3.806 seconds
[2026-08-24T23:38:10.096+0000] {processor.py:161} INFO - Started process (PID=1217) to work on /opt/airflow/dags/dag_previsao_demanda.py
[2026-08-24T23:38:10.101+0000] {processor.py:830} INFO - Processing file /opt/airflow/dags/dag_previsao_demanda.py for tasks to queue
[2026-08-24T23:38:10.104+0000] {logging_mixin.py:188} INFO - [2026-08-24T23:38:10.103+0000] {dagbag.py:545} INFO - Filling up the DagBag from /opt/airflow/dags/dag_previsao_demanda.py
[2026-08-24T23:38:14.769+0000] {processor.py:840} INFO - DAG(s) 'Acougue_Previsao_Demanda_FLAML' retrieved from /opt/airflow/dags/dag_previsao_demanda.py
[2026-08-24T23:38:14.792+0000] {logging_mixin.py:188} INFO - [2026-08-24T23:38:14.792+0000] {dag.py:3096} INFO - Sync 1 DAGs
[2026-08-24T23:38:14.813+0000] {logging_mixin.py:188} INFO - [2026-08-24T23:38:14.813+0000] {dag.py:3954} INFO - Setting next_dagrun for Acougue_Previsao_Demanda_FLAML to 2026-08-24 02:00:00+00:00, run_after=2026-08-25 02:00:00+00:00
[2026-08-24T23:38:14.831+0000] {processor.py:183} INFO - Processing /opt/airflow/dags/dag_previsao_demanda.py took 4.758 seconds
[2026-08-24T23:38:40.579+0000] {processor.py:161} INFO - Started process (PID=1233) to work on /opt/airflow/dags/dag_previsao_demanda.py
[2026-08-24T23:38:40.583+0000] {processor.py:830} INFO - Processing file /opt/airflow/dags/dag_previsao_demanda.py for tasks to queue
[2026-08-24T23:38:40.586+0000] {logging_mixin.py:188} INFO - [2026-08-24T23:38:40.585+0000] {dagbag.py:545} INFO - Filling up the DagBag from /opt/airflow/dags/dag_previsao_demanda.py
[2026-08-24T23:38:46.162+0000] {processor.py:840} INFO - DAG(s) 'Acougue_Previsao_Demanda_FLAML' retrieved from /opt/airflow/dags/dag_previsao_demanda.py
[2026-08-24T23:38:46.190+0000] {logging_mixin.py:188} INFO - [2026-08-24T23:38:46.189+0000] {taskinstance.py:2907} ERROR - {'DAG Id': 'Acougue_Previsao_Demanda_FLAML', 'Task Id': 'treinar_e_prever_demanda', 'Run Id': 'manual__2026-08-24T23:35:39.885539+00:00', 'Hostname': '4c78a5469a97'}
[2026-08-24T23:38:46.215+0000] {logging_mixin.py:188} INFO - [2026-08-24T23:38:46.215+0000] {taskinstance.py:1206} INFO - Marking task as UP_FOR_RETRY. dag_id=Acougue_Previsao_Demanda_FLAML, task_id=treinar_e_prever_demanda, run_id=manual__2026-08-24T23:35:39.885539+00:00, execution_date=20260824T233539, start_date=20260824T233543, end_date=20260824T233846
[2026-08-24T23:38:46.226+0000] {processor.py:791} INFO - Executed failure callback for <TaskInstance: Acougue_Previsao_Demanda_FLAML.treinar_e_prever_demanda manual__2026-08-24T23:35:39.885539+00:00 [up_for_retry]> in state up_for_retry
[2026-08-24T23:38:46.242+0000] {logging_mixin.py:188} INFO - [2026-08-24T23:38:46.242+0000] {dag.py:3096} INFO - Sync 1 DAGs
[2026-08-24T23:38:46.263+0000] {logging_mixin.py:188} INFO - [2026-08-24T23:38:46.263+0000] {dag.py:3954} INFO - Setting next_dagrun for Acougue_Previsao_Demanda_FLAML to 2026-08-24 02:00:00+00:00, run_after=2026-08-25 02:00:00+00:00
[2026-08-24T23:38:46.278+0000] {processor.py:183} INFO - Processing /opt/airflow/dags/dag_previsao_demanda.py took 5.720 seconds
[2026-08-24T23:39:16.525+0000] {processor.py:161} INFO - Started process (PID=1256) to work on /opt/airflow/dags/dag_previsao_demanda.py
[2026-08-24T23:39:16.527+0000] {processor.py:830} INFO - Processing file /opt/airflow/dags/dag_previsao_demanda.py for tasks to queue
[2026-08-24T23:39:16.529+0000] {logging_mixin.py:188} INFO - [2026-08-24T23:39:16.529+0000] {dagbag.py:545} INFO - Filling up the DagBag from /opt/airflow/dags/dag_previsao_demanda.py
[2026-08-24T23:39:19.287+0000] {processor.py:840} INFO - DAG(s) 'Acougue_Previsao_Demanda_FLAML' retrieved from /opt/airflow/dags/dag_previsao_demanda.py
[2026-08-24T23:39:19.332+0000] {logging_mixin.py:188} INFO - [2026-08-24T23:39:19.332+0000] {dag.py:3096} INFO - Sync 1 DAGs
[2026-08-24T23:39:19.367+0000] {logging_mixin.py:188} INFO - [2026-08-24T23:39:19.367+0000] {dag.py:3954} INFO - Setting next_dagrun for Acougue_Previsao_Demanda_FLAML to 2026-08-24 02:00:00+00:00, run_after=2026-08-25 02:00:00+00:00
[2026-08-24T23:39:19.402+0000] {processor.py:183} INFO - Processing /opt/airflow/dags/dag_previsao_demanda.py took 2.886 seconds
[2026-08-24T23:39:49.662+0000] {processor.py:161} INFO - Started process (PID=1272) to work on /opt/airflow/dags/dag_previsao_demanda.py
[2026-08-24T23:39:49.664+0000] {processor.py:830} INFO - Processing file /opt/airflow/dags/dag_previsao_demanda.py for tasks to queue
[2026-08-24T23:39:49.666+0000] {logging_mixin.py:188} INFO - [2026-08-24T23:39:49.666+0000] {dagbag.py:545} INFO - Filling up the DagBag from /opt/airflow/dags/dag_previsao_demanda.py
[2026-08-24T23:39:52.339+0000] {processor.py:840} INFO - DAG(s) 'Acougue_Previsao_Demanda_FLAML' retrieved from /opt/airflow/dags/dag_previsao_demanda.py
[2026-08-24T23:39:52.373+0000] {logging_mixin.py:188} INFO - [2026-08-24T23:39:52.372+0000] {dag.py:3096} INFO - Sync 1 DAGs
[2026-08-24T23:39:52.400+0000] {logging_mixin.py:188} INFO - [2026-08-24T23:39:52.399+0000] {dag.py:3954} INFO - Setting next_dagrun for Acougue_Previsao_Demanda_FLAML to 2026-08-24 02:00:00+00:00, run_after=2026-08-25 02:00:00+00:00
[2026-08-24T23:39:52.427+0000] {processor.py:183} INFO - Processing /opt/airflow/dags/dag_previsao_demanda.py took 2.775 seconds
[2026-08-24T23:40:22.730+0000] {processor.py:161} INFO - Started process (PID=1288) to work on /opt/airflow/dags/dag_previsao_demanda.py
[2026-08-24T23:40:22.732+0000] {processor.py:830} INFO - Processing file /opt/airflow/dags/dag_previsao_demanda.py for tasks to queue
[2026-08-24T23:40:22.734+0000] {logging_mixin.py:188} INFO - [2026-08-24T23:40:22.733+0000] {dagbag.py:545} INFO - Filling up the DagBag from /opt/airflow/dags/dag_previsao_demanda.py
[2026-08-24T23:40:25.331+0000] {processor.py:840} INFO - DAG(s) 'Acougue_Previsao_Demanda_FLAML' retrieved from /opt/airflow/dags/dag_previsao_demanda.py
[2026-08-24T23:40:25.359+0000] {logging_mixin.py:188} INFO - [2026-08-24T23:40:25.358+0000] {dag.py:3096} INFO - Sync 1 DAGs
[2026-08-24T23:40:25.391+0000] {logging_mixin.py:188} INFO - [2026-08-24T23:40:25.391+0000] {dag.py:3954} INFO - Setting next_dagrun for Acougue_Previsao_Demanda_FLAML to 2026-08-24 02:00:00+00:00, run_after=2026-08-25 02:00:00+00:00
[2026-08-24T23:40:25.415+0000] {processor.py:183} INFO - Processing /opt/airflow/dags/dag_previsao_demanda.py took 2.694 seconds
[2026-08-24T23:40:55.704+0000] {processor.py:161} INFO - Started process (PID=1304) to work on /opt/airflow/dags/dag_previsao_demanda.py
[2026-08-24T23:40:55.706+0000] {processor.py:830} INFO - Processing file /opt/airflow/dags/dag_previsao_demanda.py for tasks to queue
[2026-08-24T23:40:55.708+0000] {logging_mixin.py:188} INFO - [2026-08-24T23:40:55.708+0000] {dagbag.py:545} INFO - Filling up the DagBag from /opt/airflow/dags/dag_previsao_demanda.py
[2026-08-24T23:40:58.253+0000] {processor.py:840} INFO - DAG(s) 'Acougue_Previsao_Demanda_FLAML' retrieved from /opt/airflow/dags/dag_previsao_demanda.py
[2026-08-24T23:40:58.287+0000] {logging_mixin.py:188} INFO - [2026-08-24T23:40:58.286+0000] {dag.py:3096} INFO - Sync 1 DAGs
[2026-08-24T23:40:58.313+0000] {logging_mixin.py:188} INFO - [2026-08-24T23:40:58.312+0000] {dag.py:3954} INFO - Setting next_dagrun for Acougue_Previsao_Demanda_FLAML to 2026-08-24 02:00:00+00:00, run_after=2026-08-25 02:00:00+00:00
[2026-08-24T23:40:58.339+0000] {processor.py:183} INFO - Processing /opt/airflow/dags/dag_previsao_demanda.py took 2.642 seconds
[2026-08-24T23:41:28.590+0000] {processor.py:161} INFO - Started process (PID=1320) to work on /opt/airflow/dags/dag_previsao_demanda.py
[2026-08-24T23:41:28.592+0000] {processor.py:830} INFO - Processing file /opt/airflow/dags/dag_previsao_demanda.py for tasks to queue
[2026-08-24T23:41:28.594+0000] {logging_mixin.py:188} INFO - [2026-08-24T23:41:28.593+0000] {dagbag.py:545} INFO - Filling up the DagBag from /opt/airflow/dags/dag_previsao_demanda.py
[2026-08-24T23:41:31.127+0000] {processor.py:840} INFO - DAG(s) 'Acougue_Previsao_Demanda_FLAML' retrieved from /opt/airflow/dags/dag_previsao_demanda.py
[2026-08-24T23:41:31.157+0000] {logging_mixin.py:188} INFO - [2026-08-24T23:41:31.156+0000] {dag.py:3096} INFO - Sync 1 DAGs
[2026-08-24T23:41:31.187+0000] {logging_mixin.py:188} INFO - [2026-08-24T23:41:31.186+0000] {dag.py:3954} INFO - Setting next_dagrun for Acougue_Previsao_Demanda_FLAML to 2026-08-24 02:00:00+00:00, run_after=2026-08-25 02:00:00+00:00
[2026-08-24T23:41:31.216+0000] {processor.py:183} INFO - Processing /opt/airflow/dags/dag_previsao_demanda.py took 2.634 seconds
[2026-08-24T23:42:01.471+0000] {processor.py:161} INFO - Started process (PID=1336) to work on /opt/airflow/dags/dag_previsao_demanda.py
[2026-08-24T23:42:01.474+0000] {processor.py:830} INFO - Processing file /opt/airflow/dags/dag_previsao_demanda.py for tasks to queue
[2026-08-24T23:42:01.477+0000] {logging_mixin.py:188} INFO - [2026-08-24T23:42:01.476+0000] {dagbag.py:545} INFO - Filling up the DagBag from /opt/airflow/dags/dag_previsao_demanda.py
[2026-08-24T23:42:06.341+0000] {processor.py:840} INFO - DAG(s) 'Acougue_Previsao_Demanda_FLAML' retrieved from /opt/airflow/dags/dag_previsao_demanda.py
[2026-08-24T23:42:06.389+0000] {logging_mixin.py:188} INFO - [2026-08-24T23:42:06.388+0000] {dag.py:3096} INFO - Sync 1 DAGs
[2026-08-24T23:42:06.431+0000] {logging_mixin.py:188} INFO - [2026-08-24T23:42:06.430+0000] {dag.py:3954} INFO - Setting next_dagrun for Acougue_Previsao_Demanda_FLAML to 2026-08-24 02:00:00+00:00, run_after=2026-08-25 02:00:00+00:00
[2026-08-24T23:42:06.478+0000] {processor.py:183} INFO - Processing /opt/airflow/dags/dag_previsao_demanda.py took 5.020 seconds
[2026-08-24T23:42:36.738+0000] {processor.py:161} INFO - Started process (PID=1352) to work on /opt/airflow/dags/dag_previsao_demanda.py
[2026-08-24T23:42:36.739+0000] {processor.py:830} INFO - Processing file /opt/airflow/dags/dag_previsao_demanda.py for tasks to queue
[2026-08-24T23:42:36.741+0000] {logging_mixin.py:188} INFO - [2026-08-24T23:42:36.741+0000] {dagbag.py:545} INFO - Filling up the DagBag from /opt/airflow/dags/dag_previsao_demanda.py
[2026-08-24T23:42:39.337+0000] {processor.py:840} INFO - DAG(s) 'Acougue_Previsao_Demanda_FLAML' retrieved from /opt/airflow/dags/dag_previsao_demanda.py
[2026-08-24T23:42:39.364+0000] {logging_mixin.py:188} INFO - [2026-08-24T23:42:39.364+0000] {dag.py:3096} INFO - Sync 1 DAGs
[2026-08-24T23:42:39.392+0000] {logging_mixin.py:188} INFO - [2026-08-24T23:42:39.392+0000] {dag.py:3954} INFO - Setting next_dagrun for Acougue_Previsao_Demanda_FLAML to 2026-08-24 02:00:00+00:00, run_after=2026-08-25 02:00:00+00:00
[2026-08-24T23:42:39.415+0000] {processor.py:183} INFO - Processing /opt/airflow/dags/dag_previsao_demanda.py took 2.687 seconds
[2026-08-24T23:43:09.660+0000] {processor.py:161} INFO - Started process (PID=1368) to work on /opt/airflow/dags/dag_previsao_demanda.py
[2026-08-24T23:43:09.661+0000] {processor.py:830} INFO - Processing file /opt/airflow/dags/dag_previsao_demanda.py for tasks to queue
[2026-08-24T23:43:09.664+0000] {logging_mixin.py:188} INFO - [2026-08-24T23:43:09.663+0000] {dagbag.py:545} INFO - Filling up the DagBag from /opt/airflow/dags/dag_previsao_demanda.py
[2026-08-24T23:43:12.464+0000] {processor.py:840} INFO - DAG(s) 'Acougue_Previsao_Demanda_FLAML' retrieved from /opt/airflow/dags/dag_previsao_demanda.py
[2026-08-24T23:43:12.511+0000] {logging_mixin.py:188} INFO - [2026-08-24T23:43:12.509+0000] {dag.py:3096} INFO - Sync 1 DAGs
[2026-08-24T23:43:12.560+0000] {logging_mixin.py:188} INFO - [2026-08-24T23:43:12.560+0000] {dag.py:3954} INFO - Setting next_dagrun for Acougue_Previsao_Demanda_FLAML to 2026-08-24 02:00:00+00:00, run_after=2026-08-25 02:00:00+00:00
[2026-08-24T23:43:12.592+0000] {processor.py:183} INFO - Processing /opt/airflow/dags/dag_previsao_demanda.py took 2.942 seconds
[2026-08-24T23:43:40.855+0000] {processor.py:161} INFO - Started process (PID=1384) to work on /opt/airflow/dags/dag_previsao_demanda.py
[2026-08-24T23:43:40.858+0000] {processor.py:830} INFO - Processing file /opt/airflow/dags/dag_previsao_demanda.py for tasks to queue
[2026-08-24T23:43:40.862+0000] {logging_mixin.py:188} INFO - [2026-08-24T23:43:40.861+0000] {dagbag.py:545} INFO - Filling up the DagBag from /opt/airflow/dags/dag_previsao_demanda.py
[2026-08-24T23:43:43.634+0000] {processor.py:840} INFO - DAG(s) 'Acougue_Previsao_Demanda_FLAML' retrieved from /opt/airflow/dags/dag_previsao_demanda.py
[2026-08-24T23:43:43.665+0000] {logging_mixin.py:188} INFO - [2026-08-24T23:43:43.664+0000] {dag.py:3096} INFO - Sync 1 DAGs
[2026-08-24T23:43:43.707+0000] {logging_mixin.py:188} INFO - [2026-08-24T23:43:43.707+0000] {dag.py:3954} INFO - Setting next_dagrun for Acougue_Previsao_Demanda_FLAML to 2026-08-24 02:00:00+00:00, run_after=2026-08-25 02:00:00+00:00
[2026-08-24T23:43:43.739+0000] {processor.py:183} INFO - Processing /opt/airflow/dags/dag_previsao_demanda.py took 2.897 seconds
[2026-08-24T23:44:14.083+0000] {processor.py:161} INFO - Started process (PID=1431) to work on /opt/airflow/dags/dag_previsao_demanda.py
[2026-08-24T23:44:14.085+0000] {processor.py:830} INFO - Processing file /opt/airflow/dags/dag_previsao_demanda.py for tasks to queue
[2026-08-24T23:44:14.088+0000] {logging_mixin.py:188} INFO - [2026-08-24T23:44:14.087+0000] {dagbag.py:545} INFO - Filling up the DagBag from /opt/airflow/dags/dag_previsao_demanda.py
[2026-08-24T23:44:16.921+0000] {processor.py:840} INFO - DAG(s) 'Acougue_Previsao_Demanda_FLAML' retrieved from /opt/airflow/dags/dag_previsao_demanda.py
[2026-08-24T23:44:16.950+0000] {logging_mixin.py:188} INFO - [2026-08-24T23:44:16.950+0000] {dag.py:3096} INFO - Sync 1 DAGs
[2026-08-24T23:44:16.975+0000] {logging_mixin.py:188} INFO - [2026-08-24T23:44:16.975+0000] {dag.py:3954} INFO - Setting next_dagrun for Acougue_Previsao_Demanda_FLAML to 2026-08-24 02:00:00+00:00, run_after=2026-08-25 02:00:00+00:00
[2026-08-24T23:44:16.991+0000] {processor.py:183} INFO - Processing /opt/airflow/dags/dag_previsao_demanda.py took 2.918 seconds
[2026-08-24T23:44:47.269+0000] {processor.py:161} INFO - Started process (PID=1451) to work on /opt/airflow/dags/dag_previsao_demanda.py
[2026-08-24T23:44:47.270+0000] {processor.py:830} INFO - Processing file /opt/airflow/dags/dag_previsao_demanda.py for tasks to queue
[2026-08-24T23:44:47.273+0000] {logging_mixin.py:188} INFO - [2026-08-24T23:44:47.272+0000] {dagbag.py:545} INFO - Filling up the DagBag from /opt/airflow/dags/dag_previsao_demanda.py
[2026-08-24T23:44:50.933+0000] {processor.py:840} INFO - DAG(s) 'Acougue_Previsao_Demanda_FLAML' retrieved from /opt/airflow/dags/dag_previsao_demanda.py
[2026-08-24T23:44:50.983+0000] {logging_mixin.py:188} INFO - [2026-08-24T23:44:50.982+0000] {dag.py:3096} INFO - Sync 1 DAGs
[2026-08-24T23:44:51.033+0000] {logging_mixin.py:188} INFO - [2026-08-24T23:44:51.032+0000] {dag.py:3954} INFO - Setting next_dagrun for Acougue_Previsao_Demanda_FLAML to 2026-08-24 02:00:00+00:00, run_after=2026-08-25 02:00:00+00:00
[2026-08-24T23:44:51.078+0000] {processor.py:183} INFO - Processing /opt/airflow/dags/dag_previsao_demanda.py took 3.820 seconds
[2026-08-24T23:45:21.578+0000] {processor.py:161} INFO - Started process (PID=1467) to work on /opt/airflow/dags/dag_previsao_demanda.py
[2026-08-24T23:45:21.579+0000] {processor.py:830} INFO - Processing file /opt/airflow/dags/dag_previsao_demanda.py for tasks to queue
[2026-08-24T23:45:21.585+0000] {logging_mixin.py:188} INFO - [2026-08-24T23:45:21.583+0000] {dagbag.py:545} INFO - Filling up the DagBag from /opt/airflow/dags/dag_previsao_demanda.py
[2026-08-24T23:45:25.573+0000] {processor.py:840} INFO - DAG(s) 'Acougue_Previsao_Demanda_FLAML' retrieved from /opt/airflow/dags/dag_previsao_demanda.py
[2026-08-24T23:45:25.626+0000] {logging_mixin.py:188} INFO - [2026-08-24T23:45:25.625+0000] {dag.py:3096} INFO - Sync 1 DAGs
[2026-08-24T23:45:25.661+0000] {logging_mixin.py:188} INFO - [2026-08-24T23:45:25.661+0000] {dag.py:3954} INFO - Setting next_dagrun for Acougue_Previsao_Demanda_FLAML to 2026-08-24 02:00:00+00:00, run_after=2026-08-25 02:00:00+00:00
[2026-08-24T23:45:25.684+0000] {processor.py:183} INFO - Processing /opt/airflow/dags/dag_previsao_demanda.py took 4.130 seconds
[2026-08-24T23:45:55.867+0000] {processor.py:161} INFO - Started process (PID=1484) to work on /opt/airflow/dags/dag_previsao_demanda.py
[2026-08-24T23:45:55.868+0000] {processor.py:830} INFO - Processing file /opt/airflow/dags/dag_previsao_demanda.py for tasks to queue
[2026-08-24T23:45:55.872+0000] {logging_mixin.py:188} INFO - [2026-08-24T23:45:55.872+0000] {dagbag.py:545} INFO - Filling up the DagBag from /opt/airflow/dags/dag_previsao_demanda.py
[2026-08-24T23:45:59.365+0000] {processor.py:840} INFO - DAG(s) 'Acougue_Previsao_Demanda_FLAML' retrieved from /opt/airflow/dags/dag_previsao_demanda.py
[2026-08-24T23:45:59.427+0000] {logging_mixin.py:188} INFO - [2026-08-24T23:45:59.425+0000] {dag.py:3096} INFO - Sync 1 DAGs
[2026-08-24T23:45:59.510+0000] {logging_mixin.py:188} INFO - [2026-08-24T23:45:59.510+0000] {dag.py:3954} INFO - Setting next_dagrun for Acougue_Previsao_Demanda_FLAML to 2026-08-24 02:00:00+00:00, run_after=2026-08-25 02:00:00+00:00
[2026-08-24T23:45:59.566+0000] {processor.py:183} INFO - Processing /opt/airflow/dags/dag_previsao_demanda.py took 3.715 seconds
[2026-08-24T23:46:30.278+0000] {processor.py:161} INFO - Started process (PID=1500) to work on /opt/airflow/dags/dag_previsao_demanda.py
[2026-08-24T23:46:30.281+0000] {processor.py:830} INFO - Processing file /opt/airflow/dags/dag_previsao_demanda.py for tasks to queue
[2026-08-24T23:46:30.286+0000] {logging_mixin.py:188} INFO - [2026-08-24T23:46:30.285+0000] {dagbag.py:545} INFO - Filling up the DagBag from /opt/airflow/dags/dag_previsao_demanda.py
[2026-08-24T23:46:34.419+0000] {processor.py:840} INFO - DAG(s) 'Acougue_Previsao_Demanda_FLAML' retrieved from /opt/airflow/dags/dag_previsao_demanda.py
[2026-08-24T23:46:34.451+0000] {logging_mixin.py:188} INFO - [2026-08-24T23:46:34.450+0000] {dag.py:3096} INFO - Sync 1 DAGs
[2026-08-24T23:46:34.475+0000] {logging_mixin.py:188} INFO - [2026-08-24T23:46:34.475+0000] {dag.py:3954} INFO - Setting next_dagrun for Acougue_Previsao_Demanda_FLAML to 2026-08-24 02:00:00+00:00, run_after=2026-08-25 02:00:00+00:00
[2026-08-24T23:46:34.499+0000] {processor.py:183} INFO - Processing /opt/airflow/dags/dag_previsao_demanda.py took 4.240 seconds
[2026-08-24T23:47:04.636+0000] {processor.py:161} INFO - Started process (PID=1523) to work on /opt/airflow/dags/dag_previsao_demanda.py
[2026-08-24T23:47:04.637+0000] {processor.py:830} INFO - Processing file /opt/airflow/dags/dag_previsao_demanda.py for tasks to queue
[2026-08-24T23:47:04.639+0000] {logging_mixin.py:188} INFO - [2026-08-24T23:47:04.638+0000] {dagbag.py:545} INFO - Filling up the DagBag from /opt/airflow/dags/dag_previsao_demanda.py
[2026-08-24T23:47:08.169+0000] {processor.py:840} INFO - DAG(s) 'Acougue_Previsao_Demanda_FLAML' retrieved from /opt/airflow/dags/dag_previsao_demanda.py
[2026-08-24T23:47:08.204+0000] {logging_mixin.py:188} INFO - [2026-08-24T23:47:08.203+0000] {dag.py:3096} INFO - Sync 1 DAGs
[2026-08-24T23:47:08.226+0000] {logging_mixin.py:188} INFO - [2026-08-24T23:47:08.225+0000] {dag.py:3954} INFO - Setting next_dagrun for Acougue_Previsao_Demanda_FLAML to 2026-08-24 02:00:00+00:00, run_after=2026-08-25 02:00:00+00:00
[2026-08-24T23:47:08.246+0000] {processor.py:183} INFO - Processing /opt/airflow/dags/dag_previsao_demanda.py took 3.621 seconds
[2026-08-24T23:47:39.114+0000] {processor.py:161} INFO - Started process (PID=1539) to work on /opt/airflow/dags/dag_previsao_demanda.py
[2026-08-24T23:47:39.118+0000] {processor.py:830} INFO - Processing file /opt/airflow/dags/dag_previsao_demanda.py for tasks to queue
[2026-08-24T23:47:39.121+0000] {logging_mixin.py:188} INFO - [2026-08-24T23:47:39.120+0000] {dagbag.py:545} INFO - Filling up the DagBag from /opt/airflow/dags/dag_previsao_demanda.py
[2026-08-24T23:47:42.008+0000] {processor.py:840} INFO - DAG(s) 'Acougue_Previsao_Demanda_FLAML' retrieved from /opt/airflow/dags/dag_previsao_demanda.py
[2026-08-24T23:47:42.045+0000] {logging_mixin.py:188} INFO - [2026-08-24T23:47:42.045+0000] {dag.py:3096} INFO - Sync 1 DAGs
[2026-08-24T23:47:42.071+0000] {logging_mixin.py:188} INFO - [2026-08-24T23:47:42.070+0000] {dag.py:3954} INFO - Setting next_dagrun for Acougue_Previsao_Demanda_FLAML to 2026-08-24 02:00:00+00:00, run_after=2026-08-25 02:00:00+00:00
[2026-08-24T23:47:42.089+0000] {processor.py:183} INFO - Processing /opt/airflow/dags/dag_previsao_demanda.py took 2.983 seconds
[2026-08-24T23:47:54.659+0000] {processor.py:161} INFO - Started process (PID=1548) to work on /opt/airflow/dags/dag_previsao_demanda.py
[2026-08-24T23:47:54.660+0000] {processor.py:830} INFO - Processing file /opt/airflow/dags/dag_previsao_demanda.py for tasks to queue
[2026-08-24T23:47:54.662+0000] {logging_mixin.py:188} INFO - [2026-08-24T23:47:54.662+0000] {dagbag.py:545} INFO - Filling up the DagBag from /opt/airflow/dags/dag_previsao_demanda.py
[2026-08-24T23:48:02.545+0000] {processor.py:840} INFO - DAG(s) 'Acougue_Previsao_Demanda_FLAML' retrieved from /opt/airflow/dags/dag_previsao_demanda.py
[2026-08-24T23:48:02.637+0000] {logging_mixin.py:188} INFO - [2026-08-24T23:48:02.636+0000] {taskinstance.py:2907} ERROR - {'DAG Id': 'Acougue_Previsao_Demanda_FLAML', 'Task Id': 'treinar_e_prever_demanda', 'Run Id': 'manual__2026-08-24T23:43:50.506189+00:00', 'Hostname': '4c78a5469a97'}
[2026-08-24T23:48:02.744+0000] {logging_mixin.py:188} INFO - [2026-08-24T23:48:02.744+0000] {taskinstance.py:1206} INFO - Marking task as UP_FOR_RETRY. dag_id=Acougue_Previsao_Demanda_FLAML, task_id=treinar_e_prever_demanda, run_id=manual__2026-08-24T23:43:50.506189+00:00, execution_date=20260824T234350, start_date=20260824T234354, end_date=20260824T234802
[2026-08-24T23:48:02.838+0000] {processor.py:791} INFO - Executed failure callback for <TaskInstance: Acougue_Previsao_Demanda_FLAML.treinar_e_prever_demanda manual__2026-08-24T23:43:50.506189+00:00 [up_for_retry]> in state up_for_retry
[2026-08-24T23:48:03.095+0000] {logging_mixin.py:188} INFO - [2026-08-24T23:48:03.094+0000] {dag.py:3096} INFO - Sync 1 DAGs
[2026-08-24T23:48:03.132+0000] {logging_mixin.py:188} INFO - [2026-08-24T23:48:03.131+0000] {dag.py:3954} INFO - Setting next_dagrun for Acougue_Previsao_Demanda_FLAML to 2026-08-24 02:00:00+00:00, run_after=2026-08-25 02:00:00+00:00
[2026-08-24T23:48:03.191+0000] {processor.py:183} INFO - Processing /opt/airflow/dags/dag_previsao_demanda.py took 8.558 seconds
[2026-08-24T23:48:33.940+0000] {processor.py:161} INFO - Started process (PID=1564) to work on /opt/airflow/dags/dag_previsao_demanda.py
[2026-08-24T23:48:33.941+0000] {processor.py:830} INFO - Processing file /opt/airflow/dags/dag_previsao_demanda.py for tasks to queue
[2026-08-24T23:48:33.943+0000] {logging_mixin.py:188} INFO - [2026-08-24T23:48:33.943+0000] {dagbag.py:545} INFO - Filling up the DagBag from /opt/airflow/dags/dag_previsao_demanda.py
[2026-08-24T23:48:36.662+0000] {processor.py:840} INFO - DAG(s) 'Acougue_Previsao_Demanda_FLAML' retrieved from /opt/airflow/dags/dag_previsao_demanda.py
[2026-08-24T23:48:36.693+0000] {logging_mixin.py:188} INFO - [2026-08-24T23:48:36.693+0000] {dag.py:3096} INFO - Sync 1 DAGs
[2026-08-24T23:48:36.716+0000] {logging_mixin.py:188} INFO - [2026-08-24T23:48:36.716+0000] {dag.py:3954} INFO - Setting next_dagrun for Acougue_Previsao_Demanda_FLAML to 2026-08-24 02:00:00+00:00, run_after=2026-08-25 02:00:00+00:00
[2026-08-24T23:48:36.735+0000] {processor.py:183} INFO - Processing /opt/airflow/dags/dag_previsao_demanda.py took 2.806 seconds
[2026-08-24T23:49:06.993+0000] {processor.py:161} INFO - Started process (PID=1580) to work on /opt/airflow/dags/dag_previsao_demanda.py
[2026-08-24T23:49:06.994+0000] {processor.py:830} INFO - Processing file /opt/airflow/dags/dag_previsao_demanda.py for tasks to queue
[2026-08-24T23:49:06.997+0000] {logging_mixin.py:188} INFO - [2026-08-24T23:49:06.996+0000] {dagbag.py:545} INFO - Filling up the DagBag from /opt/airflow/dags/dag_previsao_demanda.py
[2026-08-24T23:49:09.706+0000] {processor.py:840} INFO - DAG(s) 'Acougue_Previsao_Demanda_FLAML' retrieved from /opt/airflow/dags/dag_previsao_demanda.py
[2026-08-24T23:49:09.739+0000] {logging_mixin.py:188} INFO - [2026-08-24T23:49:09.738+0000] {dag.py:3096} INFO - Sync 1 DAGs
[2026-08-24T23:49:09.763+0000] {logging_mixin.py:188} INFO - [2026-08-24T23:49:09.763+0000] {dag.py:3954} INFO - Setting next_dagrun for Acougue_Previsao_Demanda_FLAML to 2026-08-24 02:00:00+00:00, run_after=2026-08-25 02:00:00+00:00
[2026-08-24T23:49:09.782+0000] {processor.py:183} INFO - Processing /opt/airflow/dags/dag_previsao_demanda.py took 2.798 seconds
[2026-08-24T23:49:40.021+0000] {processor.py:161} INFO - Started process (PID=1626) to work on /opt/airflow/dags/dag_previsao_demanda.py
[2026-08-24T23:49:40.025+0000] {processor.py:830} INFO - Processing file /opt/airflow/dags/dag_previsao_demanda.py for tasks to queue
[2026-08-24T23:49:40.030+0000] {logging_mixin.py:188} INFO - [2026-08-24T23:49:40.027+0000] {dagbag.py:545} INFO - Filling up the DagBag from /opt/airflow/dags/dag_previsao_demanda.py
[2026-08-24T23:49:44.284+0000] {processor.py:840} INFO - DAG(s) 'Acougue_Previsao_Demanda_FLAML' retrieved from /opt/airflow/dags/dag_previsao_demanda.py
[2026-08-24T23:49:44.338+0000] {logging_mixin.py:188} INFO - [2026-08-24T23:49:44.335+0000] {dag.py:3096} INFO - Sync 1 DAGs
[2026-08-24T23:49:44.366+0000] {logging_mixin.py:188} INFO - [2026-08-24T23:49:44.366+0000] {dag.py:3954} INFO - Setting next_dagrun for Acougue_Previsao_Demanda_FLAML to 2026-08-24 02:00:00+00:00, run_after=2026-08-25 02:00:00+00:00
[2026-08-24T23:49:44.399+0000] {processor.py:183} INFO - Processing /opt/airflow/dags/dag_previsao_demanda.py took 4.417 seconds
[2026-08-24T23:50:14.793+0000] {processor.py:161} INFO - Started process (PID=1674) to work on /opt/airflow/dags/dag_previsao_demanda.py
[2026-08-24T23:50:14.798+0000] {processor.py:830} INFO - Processing file /opt/airflow/dags/dag_previsao_demanda.py for tasks to queue
[2026-08-24T23:50:14.803+0000] {logging_mixin.py:188} INFO - [2026-08-24T23:50:14.803+0000] {dagbag.py:545} INFO - Filling up the DagBag from /opt/airflow/dags/dag_previsao_demanda.py
[2026-08-24T23:50:21.941+0000] {processor.py:840} INFO - DAG(s) 'Acougue_Previsao_Demanda_FLAML' retrieved from /opt/airflow/dags/dag_previsao_demanda.py
[2026-08-24T23:50:22.009+0000] {logging_mixin.py:188} INFO - [2026-08-24T23:50:22.009+0000] {dag.py:3096} INFO - Sync 1 DAGs
[2026-08-24T23:50:22.083+0000] {logging_mixin.py:188} INFO - [2026-08-24T23:50:22.082+0000] {dag.py:3954} INFO - Setting next_dagrun for Acougue_Previsao_Demanda_FLAML to 2026-08-24 02:00:00+00:00, run_after=2026-08-25 02:00:00+00:00
[2026-08-24T23:50:22.140+0000] {processor.py:183} INFO - Processing /opt/airflow/dags/dag_previsao_demanda.py took 7.379 seconds
[2026-08-24T23:50:36.083+0000] {processor.py:161} INFO - Started process (PID=1685) to work on /opt/airflow/dags/dag_previsao_demanda.py
[2026-08-24T23:50:36.091+0000] {processor.py:830} INFO - Processing file /opt/airflow/dags/dag_previsao_demanda.py for tasks to queue
[2026-08-24T23:50:36.106+0000] {logging_mixin.py:188} INFO - [2026-08-24T23:50:36.105+0000] {dagbag.py:545} INFO - Filling up the DagBag from /opt/airflow/dags/dag_previsao_demanda.py
[2026-08-24T23:50:43.801+0000] {processor.py:840} INFO - DAG(s) 'Acougue_Previsao_Demanda_FLAML' retrieved from /opt/airflow/dags/dag_previsao_demanda.py
[2026-08-24T23:50:43.856+0000] {logging_mixin.py:188} INFO - [2026-08-24T23:50:43.855+0000] {taskinstance.py:2907} ERROR - {'DAG Id': 'Acougue_Previsao_Demanda_FLAML', 'Task Id': 'treinar_e_prever_demanda', 'Run Id': 'manual__2026-08-24T23:49:29.561142+00:00', 'Hostname': '4c78a5469a97'}
[2026-08-24T23:50:43.920+0000] {logging_mixin.py:188} INFO - [2026-08-24T23:50:43.920+0000] {taskinstance.py:1206} INFO - Marking task as UP_FOR_RETRY. dag_id=Acougue_Previsao_Demanda_FLAML, task_id=treinar_e_prever_demanda, run_id=manual__2026-08-24T23:49:29.561142+00:00, execution_date=20260824T234929, start_date=20260824T234933, end_date=20260824T235043
[2026-08-24T23:50:43.938+0000] {processor.py:791} INFO - Executed failure callback for <TaskInstance: Acougue_Previsao_Demanda_FLAML.treinar_e_prever_demanda manual__2026-08-24T23:49:29.561142+00:00 [up_for_retry]> in state up_for_retry
[2026-08-24T23:50:43.997+0000] {logging_mixin.py:188} INFO - [2026-08-24T23:50:43.996+0000] {dag.py:3096} INFO - Sync 1 DAGs
[2026-08-24T23:50:44.046+0000] {logging_mixin.py:188} INFO - [2026-08-24T23:50:44.045+0000] {dag.py:3954} INFO - Setting next_dagrun for Acougue_Previsao_Demanda_FLAML to 2026-08-24 02:00:00+00:00, run_after=2026-08-25 02:00:00+00:00
[2026-08-24T23:50:44.089+0000] {processor.py:183} INFO - Processing /opt/airflow/dags/dag_previsao_demanda.py took 8.064 seconds
[2026-08-24T23:51:14.513+0000] {processor.py:161} INFO - Started process (PID=1703) to work on /opt/airflow/dags/dag_previsao_demanda.py
[2026-08-24T23:51:14.516+0000] {processor.py:830} INFO - Processing file /opt/airflow/dags/dag_previsao_demanda.py for tasks to queue
[2026-08-24T23:51:14.521+0000] {logging_mixin.py:188} INFO - [2026-08-24T23:51:14.520+0000] {dagbag.py:545} INFO - Filling up the DagBag from /opt/airflow/dags/dag_previsao_demanda.py
[2026-08-24T23:51:18.952+0000] {processor.py:840} INFO - DAG(s) 'Acougue_Previsao_Demanda_FLAML' retrieved from /opt/airflow/dags/dag_previsao_demanda.py
[2026-08-24T23:51:18.988+0000] {logging_mixin.py:188} INFO - [2026-08-24T23:51:18.987+0000] {dag.py:3096} INFO - Sync 1 DAGs
[2026-08-24T23:51:19.018+0000] {logging_mixin.py:188} INFO - [2026-08-24T23:51:19.018+0000] {dag.py:3954} INFO - Setting next_dagrun for Acougue_Previsao_Demanda_FLAML to 2026-08-24 02:00:00+00:00, run_after=2026-08-25 02:00:00+00:00
[2026-08-24T23:51:19.045+0000] {processor.py:183} INFO - Processing /opt/airflow/dags/dag_previsao_demanda.py took 4.550 seconds
[2026-08-24T23:51:49.227+0000] {processor.py:161} INFO - Started process (PID=1726) to work on /opt/airflow/dags/dag_previsao_demanda.py
[2026-08-24T23:51:49.228+0000] {processor.py:830} INFO - Processing file /opt/airflow/dags/dag_previsao_demanda.py for tasks to queue
[2026-08-24T23:51:49.231+0000] {logging_mixin.py:188} INFO - [2026-08-24T23:51:49.231+0000] {dagbag.py:545} INFO - Filling up the DagBag from /opt/airflow/dags/dag_previsao_demanda.py
[2026-08-24T23:51:52.299+0000] {processor.py:840} INFO - DAG(s) 'Acougue_Previsao_Demanda_FLAML' retrieved from /opt/airflow/dags/dag_previsao_demanda.py
[2026-08-24T23:51:52.333+0000] {logging_mixin.py:188} INFO - [2026-08-24T23:51:52.332+0000] {dag.py:3096} INFO - Sync 1 DAGs
[2026-08-24T23:51:52.364+0000] {logging_mixin.py:188} INFO - [2026-08-24T23:51:52.364+0000] {dag.py:3954} INFO - Setting next_dagrun for Acougue_Previsao_Demanda_FLAML to 2026-08-24 02:00:00+00:00, run_after=2026-08-25 02:00:00+00:00
[2026-08-24T23:51:52.386+0000] {processor.py:183} INFO - Processing /opt/airflow/dags/dag_previsao_demanda.py took 3.175 seconds
[2026-08-24T23:52:22.778+0000] {processor.py:161} INFO - Started process (PID=1743) to work on /opt/airflow/dags/dag_previsao_demanda.py
[2026-08-24T23:52:22.779+0000] {processor.py:830} INFO - Processing file /opt/airflow/dags/dag_previsao_demanda.py for tasks to queue
[2026-08-24T23:52:22.783+0000] {logging_mixin.py:188} INFO - [2026-08-24T23:52:22.781+0000] {dagbag.py:545} INFO - Filling up the DagBag from /opt/airflow/dags/dag_previsao_demanda.py
[2026-08-24T23:52:26.524+0000] {processor.py:840} INFO - DAG(s) 'Acougue_Previsao_Demanda_FLAML' retrieved from /opt/airflow/dags/dag_previsao_demanda.py
[2026-08-24T23:52:26.585+0000] {logging_mixin.py:188} INFO - [2026-08-24T23:52:26.584+0000] {dag.py:3096} INFO - Sync 1 DAGs
[2026-08-24T23:52:26.635+0000] {logging_mixin.py:188} INFO - [2026-08-24T23:52:26.635+0000] {dag.py:3954} INFO - Setting next_dagrun for Acougue_Previsao_Demanda_FLAML to 2026-08-24 02:00:00+00:00, run_after=2026-08-25 02:00:00+00:00
[2026-08-24T23:52:26.686+0000] {processor.py:183} INFO - Processing /opt/airflow/dags/dag_previsao_demanda.py took 3.929 seconds
[2026-08-24T23:52:56.856+0000] {processor.py:161} INFO - Started process (PID=1759) to work on /opt/airflow/dags/dag_previsao_demanda.py
[2026-08-24T23:52:56.862+0000] {processor.py:830} INFO - Processing file /opt/airflow/dags/dag_previsao_demanda.py for tasks to queue
[2026-08-24T23:52:56.867+0000] {logging_mixin.py:188} INFO - [2026-08-24T23:52:56.867+0000] {dagbag.py:545} INFO - Filling up the DagBag from /opt/airflow/dags/dag_previsao_demanda.py
[2026-08-24T23:53:00.621+0000] {processor.py:840} INFO - DAG(s) 'Acougue_Previsao_Demanda_FLAML' retrieved from /opt/airflow/dags/dag_previsao_demanda.py
[2026-08-24T23:53:00.695+0000] {logging_mixin.py:188} INFO - [2026-08-24T23:53:00.691+0000] {dag.py:3096} INFO - Sync 1 DAGs
[2026-08-24T23:53:00.778+0000] {logging_mixin.py:188} INFO - [2026-08-24T23:53:00.778+0000] {dag.py:3954} INFO - Setting next_dagrun for Acougue_Previsao_Demanda_FLAML to 2026-08-24 02:00:00+00:00, run_after=2026-08-25 02:00:00+00:00
[2026-08-24T23:53:00.937+0000] {processor.py:183} INFO - Processing /opt/airflow/dags/dag_previsao_demanda.py took 4.101 seconds
[2026-08-24T23:53:31.169+0000] {processor.py:161} INFO - Started process (PID=1775) to work on /opt/airflow/dags/dag_previsao_demanda.py
[2026-08-24T23:53:31.171+0000] {processor.py:830} INFO - Processing file /opt/airflow/dags/dag_previsao_demanda.py for tasks to queue
[2026-08-24T23:53:31.174+0000] {logging_mixin.py:188} INFO - [2026-08-24T23:53:31.173+0000] {dagbag.py:545} INFO - Filling up the DagBag from /opt/airflow/dags/dag_previsao_demanda.py
[2026-08-24T23:53:33.942+0000] {processor.py:840} INFO - DAG(s) 'Acougue_Previsao_Demanda_FLAML' retrieved from /opt/airflow/dags/dag_previsao_demanda.py
[2026-08-24T23:53:33.969+0000] {logging_mixin.py:188} INFO - [2026-08-24T23:53:33.968+0000] {dag.py:3096} INFO - Sync 1 DAGs
[2026-08-24T23:53:33.994+0000] {logging_mixin.py:188} INFO - [2026-08-24T23:53:33.994+0000] {dag.py:3954} INFO - Setting next_dagrun for Acougue_Previsao_Demanda_FLAML to 2026-08-24 02:00:00+00:00, run_after=2026-08-25 02:00:00+00:00
[2026-08-24T23:53:34.014+0000] {processor.py:183} INFO - Processing /opt/airflow/dags/dag_previsao_demanda.py took 2.879 seconds
[2026-08-24T23:53:57.633+0000] {processor.py:161} INFO - Started process (PID=1791) to work on /opt/airflow/dags/dag_previsao_demanda.py
[2026-08-24T23:53:57.635+0000] {processor.py:830} INFO - Processing file /opt/airflow/dags/dag_previsao_demanda.py for tasks to queue
[2026-08-24T23:53:57.637+0000] {logging_mixin.py:188} INFO - [2026-08-24T23:53:57.637+0000] {dagbag.py:545} INFO - Filling up the DagBag from /opt/airflow/dags/dag_previsao_demanda.py
[2026-08-24T23:54:09.163+0000] {processor.py:840} INFO - DAG(s) 'Acougue_Previsao_Demanda_FLAML' retrieved from /opt/airflow/dags/dag_previsao_demanda.py
[2026-08-24T23:54:09.195+0000] {logging_mixin.py:188} INFO - [2026-08-24T23:54:09.194+0000] {taskinstance.py:2907} ERROR - {'DAG Id': 'Acougue_Previsao_Demanda_FLAML', 'Task Id': 'treinar_e_prever_demanda', 'Run Id': 'manual__2026-08-24T23:49:39.499801+00:00', 'Hostname': '4c78a5469a97'}
[2026-08-24T23:54:09.219+0000] {logging_mixin.py:188} INFO - [2026-08-24T23:54:09.218+0000] {taskinstance.py:1206} INFO - Marking task as UP_FOR_RETRY. dag_id=Acougue_Previsao_Demanda_FLAML, task_id=treinar_e_prever_demanda, run_id=manual__2026-08-24T23:49:39.499801+00:00, execution_date=20260824T234939, start_date=20260824T234944, end_date=20260824T235409
[2026-08-24T23:54:09.234+0000] {processor.py:791} INFO - Executed failure callback for <TaskInstance: Acougue_Previsao_Demanda_FLAML.treinar_e_prever_demanda manual__2026-08-24T23:49:39.499801+00:00 [up_for_retry]> in state up_for_retry
[2026-08-24T23:54:09.284+0000] {logging_mixin.py:188} INFO - [2026-08-24T23:54:09.283+0000] {dag.py:3096} INFO - Sync 1 DAGs
[2026-08-24T23:54:09.549+0000] {logging_mixin.py:188} INFO - [2026-08-24T23:54:09.548+0000] {dag.py:3954} INFO - Setting next_dagrun for Acougue_Previsao_Demanda_FLAML to 2026-08-24 02:00:00+00:00, run_after=2026-08-25 02:00:00+00:00
[2026-08-24T23:54:09.592+0000] {processor.py:183} INFO - Processing /opt/airflow/dags/dag_previsao_demanda.py took 11.984 seconds
[2026-08-24T23:54:39.739+0000] {processor.py:161} INFO - Started process (PID=1807) to work on /opt/airflow/dags/dag_previsao_demanda.py
[2026-08-24T23:54:39.740+0000] {processor.py:830} INFO - Processing file /opt/airflow/dags/dag_previsao_demanda.py for tasks to queue
[2026-08-24T23:54:39.743+0000] {logging_mixin.py:188} INFO - [2026-08-24T23:54:39.742+0000] {dagbag.py:545} INFO - Filling up the DagBag from /opt/airflow/dags/dag_previsao_demanda.py
[2026-08-24T23:54:42.400+0000] {processor.py:840} INFO - DAG(s) 'Acougue_Previsao_Demanda_FLAML' retrieved from /opt/airflow/dags/dag_previsao_demanda.py
[2026-08-24T23:54:42.444+0000] {logging_mixin.py:188} INFO - [2026-08-24T23:54:42.440+0000] {taskinstance.py:2907} ERROR - {'DAG Id': 'Acougue_Previsao_Demanda_FLAML', 'Task Id': 'treinar_e_prever_demanda', 'Run Id': 'manual__2026-08-24T23:49:39.499801+00:00', 'Hostname': '4c78a5469a97'}
[2026-08-24T23:54:42.474+0000] {logging_mixin.py:188} INFO - [2026-08-24T23:54:42.474+0000] {taskinstance.py:1206} INFO - Marking task as FAILED. dag_id=Acougue_Previsao_Demanda_FLAML, task_id=treinar_e_prever_demanda, run_id=manual__2026-08-24T23:49:39.499801+00:00, execution_date=20260824T234939, start_date=20260824T234944, end_date=20260824T235442
[2026-08-24T23:54:42.484+0000] {processor.py:791} INFO - Executed failure callback for <TaskInstance: Acougue_Previsao_Demanda_FLAML.treinar_e_prever_demanda manual__2026-08-24T23:49:39.499801+00:00 [failed]> in state failed
[2026-08-24T23:54:42.510+0000] {logging_mixin.py:188} INFO - [2026-08-24T23:54:42.510+0000] {dag.py:3096} INFO - Sync 1 DAGs
[2026-08-24T23:54:42.535+0000] {logging_mixin.py:188} INFO - [2026-08-24T23:54:42.534+0000] {dag.py:3954} INFO - Setting next_dagrun for Acougue_Previsao_Demanda_FLAML to 2026-08-24 02:00:00+00:00, run_after=2026-08-25 02:00:00+00:00
[2026-08-24T23:54:42.562+0000] {processor.py:183} INFO - Processing /opt/airflow/dags/dag_previsao_demanda.py took 2.836 seconds
[2026-08-24T23:55:13.074+0000] {processor.py:161} INFO - Started process (PID=1823) to work on /opt/airflow/dags/dag_previsao_demanda.py
[2026-08-24T23:55:13.076+0000] {processor.py:830} INFO - Processing file /opt/airflow/dags/dag_previsao_demanda.py for tasks to queue
[2026-08-24T23:55:13.079+0000] {logging_mixin.py:188} INFO - [2026-08-24T23:55:13.078+0000] {dagbag.py:545} INFO - Filling up the DagBag from /opt/airflow/dags/dag_previsao_demanda.py
[2026-08-24T23:55:15.754+0000] {processor.py:840} INFO - DAG(s) 'Acougue_Previsao_Demanda_FLAML' retrieved from /opt/airflow/dags/dag_previsao_demanda.py
[2026-08-24T23:55:15.790+0000] {logging_mixin.py:188} INFO - [2026-08-24T23:55:15.789+0000] {dag.py:3096} INFO - Sync 1 DAGs
[2026-08-24T23:55:15.823+0000] {logging_mixin.py:188} INFO - [2026-08-24T23:55:15.823+0000] {dag.py:3954} INFO - Setting next_dagrun for Acougue_Previsao_Demanda_FLAML to 2026-08-24 02:00:00+00:00, run_after=2026-08-25 02:00:00+00:00
[2026-08-24T23:55:15.852+0000] {processor.py:183} INFO - Processing /opt/airflow/dags/dag_previsao_demanda.py took 2.791 seconds
[2026-08-24T23:55:46.086+0000] {processor.py:161} INFO - Started process (PID=1839) to work on /opt/airflow/dags/dag_previsao_demanda.py
[2026-08-24T23:55:46.087+0000] {processor.py:830} INFO - Processing file /opt/airflow/dags/dag_previsao_demanda.py for tasks to queue
[2026-08-24T23:55:46.089+0000] {logging_mixin.py:188} INFO - [2026-08-24T23:55:46.089+0000] {dagbag.py:545} INFO - Filling up the DagBag from /opt/airflow/dags/dag_previsao_demanda.py
[2026-08-24T23:55:48.696+0000] {processor.py:840} INFO - DAG(s) 'Acougue_Previsao_Demanda_FLAML' retrieved from /opt/airflow/dags/dag_previsao_demanda.py
[2026-08-24T23:55:48.729+0000] {logging_mixin.py:188} INFO - [2026-08-24T23:55:48.729+0000] {dag.py:3096} INFO - Sync 1 DAGs
[2026-08-24T23:55:48.762+0000] {logging_mixin.py:188} INFO - [2026-08-24T23:55:48.762+0000] {dag.py:3954} INFO - Setting next_dagrun for Acougue_Previsao_Demanda_FLAML to 2026-08-24 02:00:00+00:00, run_after=2026-08-25 02:00:00+00:00
[2026-08-24T23:55:48.785+0000] {processor.py:183} INFO - Processing /opt/airflow/dags/dag_previsao_demanda.py took 2.708 seconds
[2026-08-24T23:56:19.112+0000] {processor.py:161} INFO - Started process (PID=1855) to work on /opt/airflow/dags/dag_previsao_demanda.py
[2026-08-24T23:56:19.114+0000] {processor.py:830} INFO - Processing file /opt/airflow/dags/dag_previsao_demanda.py for tasks to queue
[2026-08-24T23:56:19.116+0000] {logging_mixin.py:188} INFO - [2026-08-24T23:56:19.115+0000] {dagbag.py:545} INFO - Filling up the DagBag from /opt/airflow/dags/dag_previsao_demanda.py
[2026-08-24T23:56:22.044+0000] {processor.py:840} INFO - DAG(s) 'Acougue_Previsao_Demanda_FLAML' retrieved from /opt/airflow/dags/dag_previsao_demanda.py
[2026-08-24T23:56:22.085+0000] {logging_mixin.py:188} INFO - [2026-08-24T23:56:22.084+0000] {dag.py:3096} INFO - Sync 1 DAGs
[2026-08-24T23:56:22.121+0000] {logging_mixin.py:188} INFO - [2026-08-24T23:56:22.121+0000] {dag.py:3954} INFO - Setting next_dagrun for Acougue_Previsao_Demanda_FLAML to 2026-08-24 02:00:00+00:00, run_after=2026-08-25 02:00:00+00:00
[2026-08-24T23:56:22.151+0000] {processor.py:183} INFO - Processing /opt/airflow/dags/dag_previsao_demanda.py took 3.048 seconds
[2026-08-24T23:56:52.380+0000] {processor.py:161} INFO - Started process (PID=1871) to work on /opt/airflow/dags/dag_previsao_demanda.py
[2026-08-24T23:56:52.382+0000] {processor.py:830} INFO - Processing file /opt/airflow/dags/dag_previsao_demanda.py for tasks to queue
[2026-08-24T23:56:52.385+0000] {logging_mixin.py:188} INFO - [2026-08-24T23:56:52.384+0000] {dagbag.py:545} INFO - Filling up the DagBag from /opt/airflow/dags/dag_previsao_demanda.py
[2026-08-24T23:56:54.932+0000] {processor.py:840} INFO - DAG(s) 'Acougue_Previsao_Demanda_FLAML' retrieved from /opt/airflow/dags/dag_previsao_demanda.py
[2026-08-24T23:56:54.962+0000] {logging_mixin.py:188} INFO - [2026-08-24T23:56:54.962+0000] {dag.py:3096} INFO - Sync 1 DAGs
[2026-08-24T23:56:54.987+0000] {logging_mixin.py:188} INFO - [2026-08-24T23:56:54.987+0000] {dag.py:3954} INFO - Setting next_dagrun for Acougue_Previsao_Demanda_FLAML to 2026-08-24 02:00:00+00:00, run_after=2026-08-25 02:00:00+00:00
[2026-08-24T23:56:55.020+0000] {processor.py:183} INFO - Processing /opt/airflow/dags/dag_previsao_demanda.py took 2.651 seconds
[2026-08-24T23:57:25.600+0000] {processor.py:161} INFO - Started process (PID=1887) to work on /opt/airflow/dags/dag_previsao_demanda.py
[2026-08-24T23:57:25.602+0000] {processor.py:830} INFO - Processing file /opt/airflow/dags/dag_previsao_demanda.py for tasks to queue
[2026-08-24T23:57:25.604+0000] {logging_mixin.py:188} INFO - [2026-08-24T23:57:25.604+0000] {dagbag.py:545} INFO - Filling up the DagBag from /opt/airflow/dags/dag_previsao_demanda.py
[2026-08-24T23:57:28.169+0000] {processor.py:840} INFO - DAG(s) 'Acougue_Previsao_Demanda_FLAML' retrieved from /opt/airflow/dags/dag_previsao_demanda.py
[2026-08-24T23:57:28.197+0000] {logging_mixin.py:188} INFO - [2026-08-24T23:57:28.196+0000] {dag.py:3096} INFO - Sync 1 DAGs
[2026-08-24T23:57:28.448+0000] {logging_mixin.py:188} INFO - [2026-08-24T23:57:28.448+0000] {dag.py:3954} INFO - Setting next_dagrun for Acougue_Previsao_Demanda_FLAML to 2026-08-24 02:00:00+00:00, run_after=2026-08-25 02:00:00+00:00
[2026-08-24T23:57:28.470+0000] {processor.py:183} INFO - Processing /opt/airflow/dags/dag_previsao_demanda.py took 2.881 seconds
[2026-08-24T23:57:58.798+0000] {processor.py:161} INFO - Started process (PID=1930) to work on /opt/airflow/dags/dag_previsao_demanda.py
[2026-08-24T23:57:58.801+0000] {processor.py:830} INFO - Processing file /opt/airflow/dags/dag_previsao_demanda.py for tasks to queue
[2026-08-24T23:57:58.808+0000] {logging_mixin.py:188} INFO - [2026-08-24T23:57:58.805+0000] {dagbag.py:545} INFO - Filling up the DagBag from /opt/airflow/dags/dag_previsao_demanda.py
[2026-08-24T23:58:04.144+0000] {processor.py:840} INFO - DAG(s) 'Acougue_Previsao_Demanda_FLAML' retrieved from /opt/airflow/dags/dag_previsao_demanda.py
[2026-08-24T23:58:04.199+0000] {logging_mixin.py:188} INFO - [2026-08-24T23:58:04.199+0000] {dag.py:3096} INFO - Sync 1 DAGs
[2026-08-24T23:58:04.667+0000] {logging_mixin.py:188} INFO - [2026-08-24T23:58:04.667+0000] {dag.py:3954} INFO - Setting next_dagrun for Acougue_Previsao_Demanda_FLAML to 2026-08-24 02:00:00+00:00, run_after=2026-08-25 02:00:00+00:00
[2026-08-24T23:58:04.724+0000] {processor.py:183} INFO - Processing /opt/airflow/dags/dag_previsao_demanda.py took 5.955 seconds
[2026-08-24T23:58:35.177+0000] {processor.py:161} INFO - Started process (PID=1957) to work on /opt/airflow/dags/dag_previsao_demanda.py
[2026-08-24T23:58:35.181+0000] {processor.py:830} INFO - Processing file /opt/airflow/dags/dag_previsao_demanda.py for tasks to queue
[2026-08-24T23:58:35.186+0000] {logging_mixin.py:188} INFO - [2026-08-24T23:58:35.185+0000] {dagbag.py:545} INFO - Filling up the DagBag from /opt/airflow/dags/dag_previsao_demanda.py
[2026-08-24T23:58:38.990+0000] {processor.py:840} INFO - DAG(s) 'Acougue_Previsao_Demanda_FLAML' retrieved from /opt/airflow/dags/dag_previsao_demanda.py
[2026-08-24T23:58:39.018+0000] {logging_mixin.py:188} INFO - [2026-08-24T23:58:39.017+0000] {dag.py:3096} INFO - Sync 1 DAGs
[2026-08-24T23:58:39.044+0000] {logging_mixin.py:188} INFO - [2026-08-24T23:58:39.043+0000] {dag.py:3954} INFO - Setting next_dagrun for Acougue_Previsao_Demanda_FLAML to 2026-08-24 02:00:00+00:00, run_after=2026-08-25 02:00:00+00:00
[2026-08-24T23:58:39.068+0000] {processor.py:183} INFO - Processing /opt/airflow/dags/dag_previsao_demanda.py took 3.914 seconds
[2026-08-24T23:59:09.538+0000] {processor.py:161} INFO - Started process (PID=1973) to work on /opt/airflow/dags/dag_previsao_demanda.py
[2026-08-24T23:59:09.541+0000] {processor.py:830} INFO - Processing file /opt/airflow/dags/dag_previsao_demanda.py for tasks to queue
[2026-08-24T23:59:09.549+0000] {logging_mixin.py:188} INFO - [2026-08-24T23:59:09.548+0000] {dagbag.py:545} INFO - Filling up the DagBag from /opt/airflow/dags/dag_previsao_demanda.py
[2026-08-24T23:59:13.195+0000] {processor.py:840} INFO - DAG(s) 'Acougue_Previsao_Demanda_FLAML' retrieved from /opt/airflow/dags/dag_previsao_demanda.py
[2026-08-24T23:59:13.245+0000] {logging_mixin.py:188} INFO - [2026-08-24T23:59:13.244+0000] {dag.py:3096} INFO - Sync 1 DAGs
[2026-08-24T23:59:13.520+0000] {logging_mixin.py:188} INFO - [2026-08-24T23:59:13.520+0000] {dag.py:3954} INFO - Setting next_dagrun for Acougue_Previsao_Demanda_FLAML to 2026-08-24 02:00:00+00:00, run_after=2026-08-25 02:00:00+00:00
[2026-08-24T23:59:13.563+0000] {processor.py:183} INFO - Processing /opt/airflow/dags/dag_previsao_demanda.py took 4.045 seconds
[2026-08-24T23:59:43.734+0000] {processor.py:161} INFO - Started process (PID=1990) to work on /opt/airflow/dags/dag_previsao_demanda.py
[2026-08-24T23:59:43.736+0000] {processor.py:830} INFO - Processing file /opt/airflow/dags/dag_previsao_demanda.py for tasks to queue
[2026-08-24T23:59:43.738+0000] {logging_mixin.py:188} INFO - [2026-08-24T23:59:43.738+0000] {dagbag.py:545} INFO - Filling up the DagBag from /opt/airflow/dags/dag_previsao_demanda.py
[2026-08-24T23:59:47.111+0000] {processor.py:840} INFO - DAG(s) 'Acougue_Previsao_Demanda_FLAML' retrieved from /opt/airflow/dags/dag_previsao_demanda.py
[2026-08-24T23:59:47.140+0000] {logging_mixin.py:188} INFO - [2026-08-24T23:59:47.140+0000] {dag.py:3096} INFO - Sync 1 DAGs
[2026-08-24T23:59:47.169+0000] {logging_mixin.py:188} INFO - [2026-08-24T23:59:47.169+0000] {dag.py:3954} INFO - Setting next_dagrun for Acougue_Previsao_Demanda_FLAML to 2026-08-24 02:00:00+00:00, run_after=2026-08-25 02:00:00+00:00
[2026-08-24T23:59:47.193+0000] {processor.py:183} INFO - Processing /opt/airflow/dags/dag_previsao_demanda.py took 3.469 seconds
