[2026-08-24T21:54:15.393+0000] {processor.py:161} INFO - Started process (PID=157) to work on /opt/airflow/dags/IA_Treino_Demanda_DAG.py
[2026-08-24T21:54:15.399+0000] {processor.py:830} INFO - Processing file /opt/airflow/dags/IA_Treino_Demanda_DAG.py for tasks to queue
[2026-08-24T21:54:15.415+0000] {logging_mixin.py:188} INFO - [2026-08-24T21:54:15.411+0000] {dagbag.py:545} INFO - Filling up the DagBag from /opt/airflow/dags/IA_Treino_Demanda_DAG.py
[2026-08-24T21:54:18.653+0000] {processor.py:840} INFO - DAG(s) 'Acougue_Previsao_Demanda' retrieved from /opt/airflow/dags/IA_Treino_Demanda_DAG.py
[2026-08-24T21:54:18.719+0000] {logging_mixin.py:188} INFO - [2026-08-24T21:54:18.718+0000] {dag.py:3096} INFO - Sync 1 DAGs
[2026-08-24T21:54:18.781+0000] {logging_mixin.py:188} INFO - [2026-08-24T21:54:18.781+0000] {dag.py:3954} INFO - Setting next_dagrun for Acougue_Previsao_Demanda to 2026-08-24 00:00:00+00:00, run_after=2026-08-25 00:00:00+00:00
[2026-08-24T21:54:18.805+0000] {processor.py:183} INFO - Processing /opt/airflow/dags/IA_Treino_Demanda_DAG.py took 3.473 seconds
[2026-08-24T21:54:49.043+0000] {processor.py:161} INFO - Started process (PID=165) to work on /opt/airflow/dags/IA_Treino_Demanda_DAG.py
[2026-08-24T21:54:49.045+0000] {processor.py:830} INFO - Processing file /opt/airflow/dags/IA_Treino_Demanda_DAG.py for tasks to queue
[2026-08-24T21:54:49.047+0000] {logging_mixin.py:188} INFO - [2026-08-24T21:54:49.046+0000] {dagbag.py:545} INFO - Filling up the DagBag from /opt/airflow/dags/IA_Treino_Demanda_DAG.py
[2026-08-24T21:54:49.514+0000] {processor.py:840} INFO - DAG(s) 'Acougue_Previsao_Demanda' retrieved from /opt/airflow/dags/IA_Treino_Demanda_DAG.py
[2026-08-24T21:54:49.785+0000] {logging_mixin.py:188} INFO - [2026-08-24T21:54:49.784+0000] {dag.py:3096} INFO - Sync 1 DAGs
[2026-08-24T21:54:49.813+0000] {logging_mixin.py:188} INFO - [2026-08-24T21:54:49.813+0000] {dag.py:3954} INFO - Setting next_dagrun for Acougue_Previsao_Demanda to 2026-08-24 00:00:00+00:00, run_after=2026-08-25 00:00:00+00:00
[2026-08-24T21:54:49.837+0000] {processor.py:183} INFO - Processing /opt/airflow/dags/IA_Treino_Demanda_DAG.py took 0.803 seconds
[2026-08-24T21:55:20.013+0000] {processor.py:161} INFO - Started process (PID=172) to work on /opt/airflow/dags/IA_Treino_Demanda_DAG.py
[2026-08-24T21:55:20.015+0000] {processor.py:830} INFO - Processing file /opt/airflow/dags/IA_Treino_Demanda_DAG.py for tasks to queue
[2026-08-24T21:55:20.019+0000] {logging_mixin.py:188} INFO - [2026-08-24T21:55:20.018+0000] {dagbag.py:545} INFO - Filling up the DagBag from /opt/airflow/dags/IA_Treino_Demanda_DAG.py
[2026-08-24T21:55:20.502+0000] {processor.py:840} INFO - DAG(s) 'Acougue_Previsao_Demanda' retrieved from /opt/airflow/dags/IA_Treino_Demanda_DAG.py
[2026-08-24T21:55:20.537+0000] {logging_mixin.py:188} INFO - [2026-08-24T21:55:20.536+0000] {dag.py:3096} INFO - Sync 1 DAGs
[2026-08-24T21:55:20.574+0000] {logging_mixin.py:188} INFO - [2026-08-24T21:55:20.573+0000] {dag.py:3954} INFO - Setting next_dagrun for Acougue_Previsao_Demanda to 2026-08-24 00:00:00+00:00, run_after=2026-08-25 00:00:00+00:00
[2026-08-24T21:55:20.599+0000] {processor.py:183} INFO - Processing /opt/airflow/dags/IA_Treino_Demanda_DAG.py took 0.599 seconds
[2026-08-24T21:55:50.809+0000] {processor.py:161} INFO - Started process (PID=179) to work on /opt/airflow/dags/IA_Treino_Demanda_DAG.py
[2026-08-24T21:55:50.811+0000] {processor.py:830} INFO - Processing file /opt/airflow/dags/IA_Treino_Demanda_DAG.py for tasks to queue
[2026-08-24T21:55:50.813+0000] {logging_mixin.py:188} INFO - [2026-08-24T21:55:50.813+0000] {dagbag.py:545} INFO - Filling up the DagBag from /opt/airflow/dags/IA_Treino_Demanda_DAG.py
[2026-08-24T21:55:51.418+0000] {processor.py:840} INFO - DAG(s) 'Acougue_Previsao_Demanda' retrieved from /opt/airflow/dags/IA_Treino_Demanda_DAG.py
[2026-08-24T21:55:51.468+0000] {logging_mixin.py:188} INFO - [2026-08-24T21:55:51.467+0000] {dag.py:3096} INFO - Sync 1 DAGs
[2026-08-24T21:55:51.499+0000] {logging_mixin.py:188} INFO - [2026-08-24T21:55:51.499+0000] {dag.py:3954} INFO - Setting next_dagrun for Acougue_Previsao_Demanda to 2026-08-24 00:00:00+00:00, run_after=2026-08-25 00:00:00+00:00
[2026-08-24T21:55:51.532+0000] {processor.py:183} INFO - Processing /opt/airflow/dags/IA_Treino_Demanda_DAG.py took 0.731 seconds
[2026-08-24T21:56:21.772+0000] {processor.py:161} INFO - Started process (PID=186) to work on /opt/airflow/dags/IA_Treino_Demanda_DAG.py
[2026-08-24T21:56:21.775+0000] {processor.py:830} INFO - Processing file /opt/airflow/dags/IA_Treino_Demanda_DAG.py for tasks to queue
[2026-08-24T21:56:21.779+0000] {logging_mixin.py:188} INFO - [2026-08-24T21:56:21.778+0000] {dagbag.py:545} INFO - Filling up the DagBag from /opt/airflow/dags/IA_Treino_Demanda_DAG.py
[2026-08-24T21:56:22.201+0000] {processor.py:840} INFO - DAG(s) 'Acougue_Previsao_Demanda' retrieved from /opt/airflow/dags/IA_Treino_Demanda_DAG.py
[2026-08-24T21:56:22.245+0000] {logging_mixin.py:188} INFO - [2026-08-24T21:56:22.245+0000] {dag.py:3096} INFO - Sync 1 DAGs
[2026-08-24T21:56:22.284+0000] {logging_mixin.py:188} INFO - [2026-08-24T21:56:22.284+0000] {dag.py:3954} INFO - Setting next_dagrun for Acougue_Previsao_Demanda to 2026-08-24 00:00:00+00:00, run_after=2026-08-25 00:00:00+00:00
[2026-08-24T21:56:22.325+0000] {processor.py:183} INFO - Processing /opt/airflow/dags/IA_Treino_Demanda_DAG.py took 0.564 seconds
[2026-08-24T21:56:52.533+0000] {processor.py:161} INFO - Started process (PID=193) to work on /opt/airflow/dags/IA_Treino_Demanda_DAG.py
[2026-08-24T21:56:52.535+0000] {processor.py:830} INFO - Processing file /opt/airflow/dags/IA_Treino_Demanda_DAG.py for tasks to queue
[2026-08-24T21:56:52.540+0000] {logging_mixin.py:188} INFO - [2026-08-24T21:56:52.539+0000] {dagbag.py:545} INFO - Filling up the DagBag from /opt/airflow/dags/IA_Treino_Demanda_DAG.py
[2026-08-24T21:56:52.968+0000] {processor.py:840} INFO - DAG(s) 'Acougue_Previsao_Demanda' retrieved from /opt/airflow/dags/IA_Treino_Demanda_DAG.py
[2026-08-24T21:56:53.005+0000] {logging_mixin.py:188} INFO - [2026-08-24T21:56:53.004+0000] {dag.py:3096} INFO - Sync 1 DAGs
[2026-08-24T21:56:53.040+0000] {logging_mixin.py:188} INFO - [2026-08-24T21:56:53.040+0000] {dag.py:3954} INFO - Setting next_dagrun for Acougue_Previsao_Demanda to 2026-08-24 00:00:00+00:00, run_after=2026-08-25 00:00:00+00:00
[2026-08-24T21:56:53.074+0000] {processor.py:183} INFO - Processing /opt/airflow/dags/IA_Treino_Demanda_DAG.py took 0.550 seconds
[2026-08-24T21:57:23.149+0000] {processor.py:161} INFO - Started process (PID=200) to work on /opt/airflow/dags/IA_Treino_Demanda_DAG.py
[2026-08-24T21:57:23.152+0000] {processor.py:830} INFO - Processing file /opt/airflow/dags/IA_Treino_Demanda_DAG.py for tasks to queue
[2026-08-24T21:57:23.155+0000] {logging_mixin.py:188} INFO - [2026-08-24T21:57:23.155+0000] {dagbag.py:545} INFO - Filling up the DagBag from /opt/airflow/dags/IA_Treino_Demanda_DAG.py
[2026-08-24T21:57:23.573+0000] {processor.py:840} INFO - DAG(s) 'Acougue_Previsao_Demanda' retrieved from /opt/airflow/dags/IA_Treino_Demanda_DAG.py
[2026-08-24T21:57:23.617+0000] {logging_mixin.py:188} INFO - [2026-08-24T21:57:23.616+0000] {dag.py:3096} INFO - Sync 1 DAGs
[2026-08-24T21:57:23.650+0000] {logging_mixin.py:188} INFO - [2026-08-24T21:57:23.649+0000] {dag.py:3954} INFO - Setting next_dagrun for Acougue_Previsao_Demanda to 2026-08-24 00:00:00+00:00, run_after=2026-08-25 00:00:00+00:00
[2026-08-24T21:57:23.670+0000] {processor.py:183} INFO - Processing /opt/airflow/dags/IA_Treino_Demanda_DAG.py took 0.532 seconds
[2026-08-24T21:57:53.888+0000] {processor.py:161} INFO - Started process (PID=207) to work on /opt/airflow/dags/IA_Treino_Demanda_DAG.py
[2026-08-24T21:57:53.890+0000] {processor.py:830} INFO - Processing file /opt/airflow/dags/IA_Treino_Demanda_DAG.py for tasks to queue
[2026-08-24T21:57:53.892+0000] {logging_mixin.py:188} INFO - [2026-08-24T21:57:53.891+0000] {dagbag.py:545} INFO - Filling up the DagBag from /opt/airflow/dags/IA_Treino_Demanda_DAG.py
[2026-08-24T21:57:54.317+0000] {processor.py:840} INFO - DAG(s) 'Acougue_Previsao_Demanda' retrieved from /opt/airflow/dags/IA_Treino_Demanda_DAG.py
[2026-08-24T21:57:54.354+0000] {logging_mixin.py:188} INFO - [2026-08-24T21:57:54.353+0000] {dag.py:3096} INFO - Sync 1 DAGs
[2026-08-24T21:57:54.385+0000] {logging_mixin.py:188} INFO - [2026-08-24T21:57:54.384+0000] {dag.py:3954} INFO - Setting next_dagrun for Acougue_Previsao_Demanda to 2026-08-24 00:00:00+00:00, run_after=2026-08-25 00:00:00+00:00
[2026-08-24T21:57:54.411+0000] {processor.py:183} INFO - Processing /opt/airflow/dags/IA_Treino_Demanda_DAG.py took 0.531 seconds
[2026-08-24T21:58:24.654+0000] {processor.py:161} INFO - Started process (PID=214) to work on /opt/airflow/dags/IA_Treino_Demanda_DAG.py
[2026-08-24T21:58:24.656+0000] {processor.py:830} INFO - Processing file /opt/airflow/dags/IA_Treino_Demanda_DAG.py for tasks to queue
[2026-08-24T21:58:24.658+0000] {logging_mixin.py:188} INFO - [2026-08-24T21:58:24.658+0000] {dagbag.py:545} INFO - Filling up the DagBag from /opt/airflow/dags/IA_Treino_Demanda_DAG.py
[2026-08-24T21:58:25.018+0000] {processor.py:840} INFO - DAG(s) 'Acougue_Previsao_Demanda' retrieved from /opt/airflow/dags/IA_Treino_Demanda_DAG.py
[2026-08-24T21:58:25.052+0000] {logging_mixin.py:188} INFO - [2026-08-24T21:58:25.051+0000] {dag.py:3096} INFO - Sync 1 DAGs
[2026-08-24T21:58:25.078+0000] {logging_mixin.py:188} INFO - [2026-08-24T21:58:25.078+0000] {dag.py:3954} INFO - Setting next_dagrun for Acougue_Previsao_Demanda to 2026-08-24 00:00:00+00:00, run_after=2026-08-25 00:00:00+00:00
[2026-08-24T21:58:25.102+0000] {processor.py:183} INFO - Processing /opt/airflow/dags/IA_Treino_Demanda_DAG.py took 0.458 seconds
[2026-08-24T21:58:55.274+0000] {processor.py:161} INFO - Started process (PID=221) to work on /opt/airflow/dags/IA_Treino_Demanda_DAG.py
[2026-08-24T21:58:55.275+0000] {processor.py:830} INFO - Processing file /opt/airflow/dags/IA_Treino_Demanda_DAG.py for tasks to queue
[2026-08-24T21:58:55.277+0000] {logging_mixin.py:188} INFO - [2026-08-24T21:58:55.277+0000] {dagbag.py:545} INFO - Filling up the DagBag from /opt/airflow/dags/IA_Treino_Demanda_DAG.py
[2026-08-24T21:58:55.654+0000] {processor.py:840} INFO - DAG(s) 'Acougue_Previsao_Demanda' retrieved from /opt/airflow/dags/IA_Treino_Demanda_DAG.py
[2026-08-24T21:58:55.684+0000] {logging_mixin.py:188} INFO - [2026-08-24T21:58:55.684+0000] {dag.py:3096} INFO - Sync 1 DAGs
[2026-08-24T21:58:55.706+0000] {logging_mixin.py:188} INFO - [2026-08-24T21:58:55.706+0000] {dag.py:3954} INFO - Setting next_dagrun for Acougue_Previsao_Demanda to 2026-08-24 00:00:00+00:00, run_after=2026-08-25 00:00:00+00:00
[2026-08-24T21:58:55.722+0000] {processor.py:183} INFO - Processing /opt/airflow/dags/IA_Treino_Demanda_DAG.py took 0.456 seconds
[2026-08-24T21:59:25.994+0000] {processor.py:161} INFO - Started process (PID=228) to work on /opt/airflow/dags/IA_Treino_Demanda_DAG.py
[2026-08-24T21:59:25.998+0000] {processor.py:830} INFO - Processing file /opt/airflow/dags/IA_Treino_Demanda_DAG.py for tasks to queue
[2026-08-24T21:59:26.002+0000] {logging_mixin.py:188} INFO - [2026-08-24T21:59:26.002+0000] {dagbag.py:545} INFO - Filling up the DagBag from /opt/airflow/dags/IA_Treino_Demanda_DAG.py
[2026-08-24T21:59:26.427+0000] {processor.py:840} INFO - DAG(s) 'Acougue_Previsao_Demanda' retrieved from /opt/airflow/dags/IA_Treino_Demanda_DAG.py
[2026-08-24T21:59:26.461+0000] {logging_mixin.py:188} INFO - [2026-08-24T21:59:26.460+0000] {dag.py:3096} INFO - Sync 1 DAGs
[2026-08-24T21:59:26.484+0000] {logging_mixin.py:188} INFO - [2026-08-24T21:59:26.483+0000] {dag.py:3954} INFO - Setting next_dagrun for Acougue_Previsao_Demanda to 2026-08-24 00:00:00+00:00, run_after=2026-08-25 00:00:00+00:00
[2026-08-24T21:59:26.500+0000] {processor.py:183} INFO - Processing /opt/airflow/dags/IA_Treino_Demanda_DAG.py took 0.521 seconds
[2026-08-24T21:59:56.723+0000] {processor.py:161} INFO - Started process (PID=235) to work on /opt/airflow/dags/IA_Treino_Demanda_DAG.py
[2026-08-24T21:59:56.725+0000] {processor.py:830} INFO - Processing file /opt/airflow/dags/IA_Treino_Demanda_DAG.py for tasks to queue
[2026-08-24T21:59:56.727+0000] {logging_mixin.py:188} INFO - [2026-08-24T21:59:56.726+0000] {dagbag.py:545} INFO - Filling up the DagBag from /opt/airflow/dags/IA_Treino_Demanda_DAG.py
[2026-08-24T21:59:57.112+0000] {processor.py:840} INFO - DAG(s) 'Acougue_Previsao_Demanda' retrieved from /opt/airflow/dags/IA_Treino_Demanda_DAG.py
[2026-08-24T21:59:57.152+0000] {logging_mixin.py:188} INFO - [2026-08-24T21:59:57.151+0000] {dag.py:3096} INFO - Sync 1 DAGs
[2026-08-24T21:59:57.184+0000] {logging_mixin.py:188} INFO - [2026-08-24T21:59:57.184+0000] {dag.py:3954} INFO - Setting next_dagrun for Acougue_Previsao_Demanda to 2026-08-24 00:00:00+00:00, run_after=2026-08-25 00:00:00+00:00
[2026-08-24T21:59:57.204+0000] {processor.py:183} INFO - Processing /opt/airflow/dags/IA_Treino_Demanda_DAG.py took 0.491 seconds
[2026-08-24T22:00:27.619+0000] {processor.py:161} INFO - Started process (PID=242) to work on /opt/airflow/dags/IA_Treino_Demanda_DAG.py
[2026-08-24T22:00:27.621+0000] {processor.py:830} INFO - Processing file /opt/airflow/dags/IA_Treino_Demanda_DAG.py for tasks to queue
[2026-08-24T22:00:27.625+0000] {logging_mixin.py:188} INFO - [2026-08-24T22:00:27.624+0000] {dagbag.py:545} INFO - Filling up the DagBag from /opt/airflow/dags/IA_Treino_Demanda_DAG.py
[2026-08-24T22:00:28.038+0000] {processor.py:840} INFO - DAG(s) 'Acougue_Previsao_Demanda' retrieved from /opt/airflow/dags/IA_Treino_Demanda_DAG.py
[2026-08-24T22:00:28.079+0000] {logging_mixin.py:188} INFO - [2026-08-24T22:00:28.078+0000] {dag.py:3096} INFO - Sync 1 DAGs
[2026-08-24T22:00:28.111+0000] {logging_mixin.py:188} INFO - [2026-08-24T22:00:28.110+0000] {dag.py:3954} INFO - Setting next_dagrun for Acougue_Previsao_Demanda to 2026-08-24 00:00:00+00:00, run_after=2026-08-25 00:00:00+00:00
[2026-08-24T22:00:28.134+0000] {processor.py:183} INFO - Processing /opt/airflow/dags/IA_Treino_Demanda_DAG.py took 0.523 seconds
[2026-08-24T22:00:58.352+0000] {processor.py:161} INFO - Started process (PID=249) to work on /opt/airflow/dags/IA_Treino_Demanda_DAG.py
[2026-08-24T22:00:58.354+0000] {processor.py:830} INFO - Processing file /opt/airflow/dags/IA_Treino_Demanda_DAG.py for tasks to queue
[2026-08-24T22:00:58.357+0000] {logging_mixin.py:188} INFO - [2026-08-24T22:00:58.356+0000] {dagbag.py:545} INFO - Filling up the DagBag from /opt/airflow/dags/IA_Treino_Demanda_DAG.py
[2026-08-24T22:00:58.794+0000] {processor.py:840} INFO - DAG(s) 'Acougue_Previsao_Demanda' retrieved from /opt/airflow/dags/IA_Treino_Demanda_DAG.py
[2026-08-24T22:00:58.831+0000] {logging_mixin.py:188} INFO - [2026-08-24T22:00:58.830+0000] {dag.py:3096} INFO - Sync 1 DAGs
[2026-08-24T22:00:58.866+0000] {logging_mixin.py:188} INFO - [2026-08-24T22:00:58.865+0000] {dag.py:3954} INFO - Setting next_dagrun for Acougue_Previsao_Demanda to 2026-08-24 00:00:00+00:00, run_after=2026-08-25 00:00:00+00:00
[2026-08-24T22:00:58.903+0000] {processor.py:183} INFO - Processing /opt/airflow/dags/IA_Treino_Demanda_DAG.py took 0.559 seconds
[2026-08-24T22:01:29.030+0000] {processor.py:161} INFO - Started process (PID=256) to work on /opt/airflow/dags/IA_Treino_Demanda_DAG.py
[2026-08-24T22:01:29.031+0000] {processor.py:830} INFO - Processing file /opt/airflow/dags/IA_Treino_Demanda_DAG.py for tasks to queue
[2026-08-24T22:01:29.033+0000] {logging_mixin.py:188} INFO - [2026-08-24T22:01:29.033+0000] {dagbag.py:545} INFO - Filling up the DagBag from /opt/airflow/dags/IA_Treino_Demanda_DAG.py
[2026-08-24T22:01:29.574+0000] {processor.py:840} INFO - DAG(s) 'Acougue_Previsao_Demanda' retrieved from /opt/airflow/dags/IA_Treino_Demanda_DAG.py
[2026-08-24T22:01:29.615+0000] {logging_mixin.py:188} INFO - [2026-08-24T22:01:29.614+0000] {dag.py:3096} INFO - Sync 1 DAGs
[2026-08-24T22:01:29.648+0000] {logging_mixin.py:188} INFO - [2026-08-24T22:01:29.647+0000] {dag.py:3954} INFO - Setting next_dagrun for Acougue_Previsao_Demanda to 2026-08-24 00:00:00+00:00, run_after=2026-08-25 00:00:00+00:00
[2026-08-24T22:01:29.682+0000] {processor.py:183} INFO - Processing /opt/airflow/dags/IA_Treino_Demanda_DAG.py took 0.661 seconds
[2026-08-24T22:01:59.926+0000] {processor.py:161} INFO - Started process (PID=263) to work on /opt/airflow/dags/IA_Treino_Demanda_DAG.py
[2026-08-24T22:01:59.927+0000] {processor.py:830} INFO - Processing file /opt/airflow/dags/IA_Treino_Demanda_DAG.py for tasks to queue
[2026-08-24T22:01:59.929+0000] {logging_mixin.py:188} INFO - [2026-08-24T22:01:59.929+0000] {dagbag.py:545} INFO - Filling up the DagBag from /opt/airflow/dags/IA_Treino_Demanda_DAG.py
[2026-08-24T22:02:00.544+0000] {processor.py:840} INFO - DAG(s) 'Acougue_Previsao_Demanda' retrieved from /opt/airflow/dags/IA_Treino_Demanda_DAG.py
[2026-08-24T22:02:00.625+0000] {logging_mixin.py:188} INFO - [2026-08-24T22:02:00.624+0000] {dag.py:3096} INFO - Sync 1 DAGs
[2026-08-24T22:02:00.679+0000] {logging_mixin.py:188} INFO - [2026-08-24T22:02:00.678+0000] {dag.py:3954} INFO - Setting next_dagrun for Acougue_Previsao_Demanda to 2026-08-24 00:00:00+00:00, run_after=2026-08-25 00:00:00+00:00
[2026-08-24T22:02:00.741+0000] {processor.py:183} INFO - Processing /opt/airflow/dags/IA_Treino_Demanda_DAG.py took 0.827 seconds
[2026-08-24T22:02:31.065+0000] {processor.py:161} INFO - Started process (PID=270) to work on /opt/airflow/dags/IA_Treino_Demanda_DAG.py
[2026-08-24T22:02:31.067+0000] {processor.py:830} INFO - Processing file /opt/airflow/dags/IA_Treino_Demanda_DAG.py for tasks to queue
[2026-08-24T22:02:31.069+0000] {logging_mixin.py:188} INFO - [2026-08-24T22:02:31.069+0000] {dagbag.py:545} INFO - Filling up the DagBag from /opt/airflow/dags/IA_Treino_Demanda_DAG.py
[2026-08-24T22:02:31.479+0000] {processor.py:840} INFO - DAG(s) 'Acougue_Previsao_Demanda' retrieved from /opt/airflow/dags/IA_Treino_Demanda_DAG.py
[2026-08-24T22:02:31.513+0000] {logging_mixin.py:188} INFO - [2026-08-24T22:02:31.512+0000] {dag.py:3096} INFO - Sync 1 DAGs
[2026-08-24T22:02:31.540+0000] {logging_mixin.py:188} INFO - [2026-08-24T22:02:31.539+0000] {dag.py:3954} INFO - Setting next_dagrun for Acougue_Previsao_Demanda to 2026-08-24 00:00:00+00:00, run_after=2026-08-25 00:00:00+00:00
[2026-08-24T22:02:31.562+0000] {processor.py:183} INFO - Processing /opt/airflow/dags/IA_Treino_Demanda_DAG.py took 0.506 seconds
[2026-08-24T22:03:01.879+0000] {processor.py:161} INFO - Started process (PID=277) to work on /opt/airflow/dags/IA_Treino_Demanda_DAG.py
[2026-08-24T22:03:01.891+0000] {processor.py:830} INFO - Processing file /opt/airflow/dags/IA_Treino_Demanda_DAG.py for tasks to queue
[2026-08-24T22:03:01.905+0000] {logging_mixin.py:188} INFO - [2026-08-24T22:03:01.903+0000] {dagbag.py:545} INFO - Filling up the DagBag from /opt/airflow/dags/IA_Treino_Demanda_DAG.py
[2026-08-24T22:03:02.619+0000] {processor.py:840} INFO - DAG(s) 'Acougue_Previsao_Demanda' retrieved from /opt/airflow/dags/IA_Treino_Demanda_DAG.py
[2026-08-24T22:03:02.669+0000] {logging_mixin.py:188} INFO - [2026-08-24T22:03:02.668+0000] {dag.py:3096} INFO - Sync 1 DAGs
[2026-08-24T22:03:02.702+0000] {logging_mixin.py:188} INFO - [2026-08-24T22:03:02.701+0000] {dag.py:3954} INFO - Setting next_dagrun for Acougue_Previsao_Demanda to 2026-08-24 00:00:00+00:00, run_after=2026-08-25 00:00:00+00:00
[2026-08-24T22:03:02.746+0000] {processor.py:183} INFO - Processing /opt/airflow/dags/IA_Treino_Demanda_DAG.py took 0.886 seconds
[2026-08-24T22:03:33.057+0000] {processor.py:161} INFO - Started process (PID=284) to work on /opt/airflow/dags/IA_Treino_Demanda_DAG.py
[2026-08-24T22:03:33.059+0000] {processor.py:830} INFO - Processing file /opt/airflow/dags/IA_Treino_Demanda_DAG.py for tasks to queue
[2026-08-24T22:03:33.062+0000] {logging_mixin.py:188} INFO - [2026-08-24T22:03:33.061+0000] {dagbag.py:545} INFO - Filling up the DagBag from /opt/airflow/dags/IA_Treino_Demanda_DAG.py
[2026-08-24T22:03:33.476+0000] {processor.py:840} INFO - DAG(s) 'Acougue_Previsao_Demanda' retrieved from /opt/airflow/dags/IA_Treino_Demanda_DAG.py
[2026-08-24T22:03:33.517+0000] {logging_mixin.py:188} INFO - [2026-08-24T22:03:33.517+0000] {dag.py:3096} INFO - Sync 1 DAGs
[2026-08-24T22:03:33.548+0000] {logging_mixin.py:188} INFO - [2026-08-24T22:03:33.547+0000] {dag.py:3954} INFO - Setting next_dagrun for Acougue_Previsao_Demanda to 2026-08-24 00:00:00+00:00, run_after=2026-08-25 00:00:00+00:00
[2026-08-24T22:03:33.581+0000] {processor.py:183} INFO - Processing /opt/airflow/dags/IA_Treino_Demanda_DAG.py took 0.534 seconds
[2026-08-24T22:04:03.892+0000] {processor.py:161} INFO - Started process (PID=291) to work on /opt/airflow/dags/IA_Treino_Demanda_DAG.py
[2026-08-24T22:04:03.898+0000] {processor.py:830} INFO - Processing file /opt/airflow/dags/IA_Treino_Demanda_DAG.py for tasks to queue
[2026-08-24T22:04:03.910+0000] {logging_mixin.py:188} INFO - [2026-08-24T22:04:03.908+0000] {dagbag.py:545} INFO - Filling up the DagBag from /opt/airflow/dags/IA_Treino_Demanda_DAG.py
[2026-08-24T22:04:04.603+0000] {processor.py:840} INFO - DAG(s) 'Acougue_Previsao_Demanda' retrieved from /opt/airflow/dags/IA_Treino_Demanda_DAG.py
[2026-08-24T22:04:04.658+0000] {logging_mixin.py:188} INFO - [2026-08-24T22:04:04.658+0000] {dag.py:3096} INFO - Sync 1 DAGs
[2026-08-24T22:04:04.741+0000] {logging_mixin.py:188} INFO - [2026-08-24T22:04:04.739+0000] {dag.py:3954} INFO - Setting next_dagrun for Acougue_Previsao_Demanda to 2026-08-24 00:00:00+00:00, run_after=2026-08-25 00:00:00+00:00
[2026-08-24T22:04:04.811+0000] {processor.py:183} INFO - Processing /opt/airflow/dags/IA_Treino_Demanda_DAG.py took 0.942 seconds
[2026-08-24T22:04:35.152+0000] {processor.py:161} INFO - Started process (PID=306) to work on /opt/airflow/dags/IA_Treino_Demanda_DAG.py
[2026-08-24T22:04:35.155+0000] {processor.py:830} INFO - Processing file /opt/airflow/dags/IA_Treino_Demanda_DAG.py for tasks to queue
[2026-08-24T22:04:35.157+0000] {logging_mixin.py:188} INFO - [2026-08-24T22:04:35.157+0000] {dagbag.py:545} INFO - Filling up the DagBag from /opt/airflow/dags/IA_Treino_Demanda_DAG.py
[2026-08-24T22:04:35.668+0000] {processor.py:840} INFO - DAG(s) 'Acougue_Previsao_Demanda' retrieved from /opt/airflow/dags/IA_Treino_Demanda_DAG.py
[2026-08-24T22:04:35.713+0000] {logging_mixin.py:188} INFO - [2026-08-24T22:04:35.712+0000] {dag.py:3096} INFO - Sync 1 DAGs
[2026-08-24T22:04:35.752+0000] {logging_mixin.py:188} INFO - [2026-08-24T22:04:35.752+0000] {dag.py:3954} INFO - Setting next_dagrun for Acougue_Previsao_Demanda to 2026-08-24 00:00:00+00:00, run_after=2026-08-25 00:00:00+00:00
[2026-08-24T22:04:35.780+0000] {processor.py:183} INFO - Processing /opt/airflow/dags/IA_Treino_Demanda_DAG.py took 0.638 seconds
[2026-08-24T22:05:06.142+0000] {processor.py:161} INFO - Started process (PID=321) to work on /opt/airflow/dags/IA_Treino_Demanda_DAG.py
[2026-08-24T22:05:06.144+0000] {processor.py:830} INFO - Processing file /opt/airflow/dags/IA_Treino_Demanda_DAG.py for tasks to queue
[2026-08-24T22:05:06.147+0000] {logging_mixin.py:188} INFO - [2026-08-24T22:05:06.146+0000] {dagbag.py:545} INFO - Filling up the DagBag from /opt/airflow/dags/IA_Treino_Demanda_DAG.py
[2026-08-24T22:05:06.635+0000] {processor.py:840} INFO - DAG(s) 'Acougue_Previsao_Demanda' retrieved from /opt/airflow/dags/IA_Treino_Demanda_DAG.py
[2026-08-24T22:05:06.676+0000] {logging_mixin.py:188} INFO - [2026-08-24T22:05:06.675+0000] {dag.py:3096} INFO - Sync 1 DAGs
[2026-08-24T22:05:06.715+0000] {logging_mixin.py:188} INFO - [2026-08-24T22:05:06.714+0000] {dag.py:3954} INFO - Setting next_dagrun for Acougue_Previsao_Demanda to 2026-08-24 00:00:00+00:00, run_after=2026-08-25 00:00:00+00:00
[2026-08-24T22:05:06.757+0000] {processor.py:183} INFO - Processing /opt/airflow/dags/IA_Treino_Demanda_DAG.py took 0.627 seconds
[2026-08-24T22:05:36.877+0000] {processor.py:161} INFO - Started process (PID=336) to work on /opt/airflow/dags/IA_Treino_Demanda_DAG.py
[2026-08-24T22:05:36.880+0000] {processor.py:830} INFO - Processing file /opt/airflow/dags/IA_Treino_Demanda_DAG.py for tasks to queue
[2026-08-24T22:05:36.885+0000] {logging_mixin.py:188} INFO - [2026-08-24T22:05:36.884+0000] {dagbag.py:545} INFO - Filling up the DagBag from /opt/airflow/dags/IA_Treino_Demanda_DAG.py
[2026-08-24T22:05:37.334+0000] {processor.py:840} INFO - DAG(s) 'Acougue_Previsao_Demanda' retrieved from /opt/airflow/dags/IA_Treino_Demanda_DAG.py
[2026-08-24T22:05:37.365+0000] {logging_mixin.py:188} INFO - [2026-08-24T22:05:37.365+0000] {dag.py:3096} INFO - Sync 1 DAGs
[2026-08-24T22:05:37.394+0000] {logging_mixin.py:188} INFO - [2026-08-24T22:05:37.394+0000] {dag.py:3954} INFO - Setting next_dagrun for Acougue_Previsao_Demanda to 2026-08-24 00:00:00+00:00, run_after=2026-08-25 00:00:00+00:00
[2026-08-24T22:05:37.417+0000] {processor.py:183} INFO - Processing /opt/airflow/dags/IA_Treino_Demanda_DAG.py took 0.552 seconds
[2026-08-24T22:06:07.682+0000] {processor.py:161} INFO - Started process (PID=351) to work on /opt/airflow/dags/IA_Treino_Demanda_DAG.py
[2026-08-24T22:06:07.684+0000] {processor.py:830} INFO - Processing file /opt/airflow/dags/IA_Treino_Demanda_DAG.py for tasks to queue
[2026-08-24T22:06:07.687+0000] {logging_mixin.py:188} INFO - [2026-08-24T22:06:07.686+0000] {dagbag.py:545} INFO - Filling up the DagBag from /opt/airflow/dags/IA_Treino_Demanda_DAG.py
[2026-08-24T22:06:08.208+0000] {processor.py:840} INFO - DAG(s) 'Acougue_Previsao_Demanda' retrieved from /opt/airflow/dags/IA_Treino_Demanda_DAG.py
[2026-08-24T22:06:08.242+0000] {logging_mixin.py:188} INFO - [2026-08-24T22:06:08.242+0000] {dag.py:3096} INFO - Sync 1 DAGs
[2026-08-24T22:06:08.276+0000] {logging_mixin.py:188} INFO - [2026-08-24T22:06:08.275+0000] {dag.py:3954} INFO - Setting next_dagrun for Acougue_Previsao_Demanda to 2026-08-24 00:00:00+00:00, run_after=2026-08-25 00:00:00+00:00
[2026-08-24T22:06:08.296+0000] {processor.py:183} INFO - Processing /opt/airflow/dags/IA_Treino_Demanda_DAG.py took 0.624 seconds
[2026-08-24T22:06:38.548+0000] {processor.py:161} INFO - Started process (PID=366) to work on /opt/airflow/dags/IA_Treino_Demanda_DAG.py
[2026-08-24T22:06:38.549+0000] {processor.py:830} INFO - Processing file /opt/airflow/dags/IA_Treino_Demanda_DAG.py for tasks to queue
[2026-08-24T22:06:38.552+0000] {logging_mixin.py:188} INFO - [2026-08-24T22:06:38.552+0000] {dagbag.py:545} INFO - Filling up the DagBag from /opt/airflow/dags/IA_Treino_Demanda_DAG.py
[2026-08-24T22:06:38.960+0000] {processor.py:840} INFO - DAG(s) 'Acougue_Previsao_Demanda' retrieved from /opt/airflow/dags/IA_Treino_Demanda_DAG.py
[2026-08-24T22:06:39.003+0000] {logging_mixin.py:188} INFO - [2026-08-24T22:06:39.002+0000] {dag.py:3096} INFO - Sync 1 DAGs
[2026-08-24T22:06:39.035+0000] {logging_mixin.py:188} INFO - [2026-08-24T22:06:39.034+0000] {dag.py:3954} INFO - Setting next_dagrun for Acougue_Previsao_Demanda to 2026-08-24 00:00:00+00:00, run_after=2026-08-25 00:00:00+00:00
[2026-08-24T22:06:39.067+0000] {processor.py:183} INFO - Processing /opt/airflow/dags/IA_Treino_Demanda_DAG.py took 0.527 seconds
[2026-08-24T22:07:09.335+0000] {processor.py:161} INFO - Started process (PID=381) to work on /opt/airflow/dags/IA_Treino_Demanda_DAG.py
[2026-08-24T22:07:09.339+0000] {processor.py:830} INFO - Processing file /opt/airflow/dags/IA_Treino_Demanda_DAG.py for tasks to queue
[2026-08-24T22:07:09.342+0000] {logging_mixin.py:188} INFO - [2026-08-24T22:07:09.342+0000] {dagbag.py:545} INFO - Filling up the DagBag from /opt/airflow/dags/IA_Treino_Demanda_DAG.py
[2026-08-24T22:07:09.796+0000] {processor.py:840} INFO - DAG(s) 'Acougue_Previsao_Demanda' retrieved from /opt/airflow/dags/IA_Treino_Demanda_DAG.py
[2026-08-24T22:07:09.832+0000] {logging_mixin.py:188} INFO - [2026-08-24T22:07:09.832+0000] {dag.py:3096} INFO - Sync 1 DAGs
[2026-08-24T22:07:09.867+0000] {logging_mixin.py:188} INFO - [2026-08-24T22:07:09.866+0000] {dag.py:3954} INFO - Setting next_dagrun for Acougue_Previsao_Demanda to 2026-08-24 00:00:00+00:00, run_after=2026-08-25 00:00:00+00:00
[2026-08-24T22:07:09.889+0000] {processor.py:183} INFO - Processing /opt/airflow/dags/IA_Treino_Demanda_DAG.py took 0.570 seconds
[2026-08-24T22:07:40.133+0000] {processor.py:161} INFO - Started process (PID=396) to work on /opt/airflow/dags/IA_Treino_Demanda_DAG.py
[2026-08-24T22:07:40.134+0000] {processor.py:830} INFO - Processing file /opt/airflow/dags/IA_Treino_Demanda_DAG.py for tasks to queue
[2026-08-24T22:07:40.136+0000] {logging_mixin.py:188} INFO - [2026-08-24T22:07:40.136+0000] {dagbag.py:545} INFO - Filling up the DagBag from /opt/airflow/dags/IA_Treino_Demanda_DAG.py
[2026-08-24T22:07:40.535+0000] {processor.py:840} INFO - DAG(s) 'Acougue_Previsao_Demanda' retrieved from /opt/airflow/dags/IA_Treino_Demanda_DAG.py
[2026-08-24T22:07:40.571+0000] {logging_mixin.py:188} INFO - [2026-08-24T22:07:40.570+0000] {dag.py:3096} INFO - Sync 1 DAGs
[2026-08-24T22:07:40.600+0000] {logging_mixin.py:188} INFO - [2026-08-24T22:07:40.599+0000] {dag.py:3954} INFO - Setting next_dagrun for Acougue_Previsao_Demanda to 2026-08-24 00:00:00+00:00, run_after=2026-08-25 00:00:00+00:00
[2026-08-24T22:07:40.622+0000] {processor.py:183} INFO - Processing /opt/airflow/dags/IA_Treino_Demanda_DAG.py took 0.497 seconds
[2026-08-24T22:08:10.932+0000] {processor.py:161} INFO - Started process (PID=409) to work on /opt/airflow/dags/IA_Treino_Demanda_DAG.py
[2026-08-24T22:08:10.939+0000] {processor.py:830} INFO - Processing file /opt/airflow/dags/IA_Treino_Demanda_DAG.py for tasks to queue
[2026-08-24T22:08:10.946+0000] {logging_mixin.py:188} INFO - [2026-08-24T22:08:10.945+0000] {dagbag.py:545} INFO - Filling up the DagBag from /opt/airflow/dags/IA_Treino_Demanda_DAG.py
[2026-08-24T22:08:11.897+0000] {processor.py:840} INFO - DAG(s) 'Acougue_Previsao_Demanda' retrieved from /opt/airflow/dags/IA_Treino_Demanda_DAG.py
[2026-08-24T22:08:11.982+0000] {logging_mixin.py:188} INFO - [2026-08-24T22:08:11.982+0000] {dag.py:3096} INFO - Sync 1 DAGs
[2026-08-24T22:08:12.081+0000] {logging_mixin.py:188} INFO - [2026-08-24T22:08:12.081+0000] {dag.py:3954} INFO - Setting next_dagrun for Acougue_Previsao_Demanda to 2026-08-24 00:00:00+00:00, run_after=2026-08-25 00:00:00+00:00
[2026-08-24T22:08:12.142+0000] {processor.py:183} INFO - Processing /opt/airflow/dags/IA_Treino_Demanda_DAG.py took 1.231 seconds
[2026-08-24T22:08:42.418+0000] {processor.py:161} INFO - Started process (PID=418) to work on /opt/airflow/dags/IA_Treino_Demanda_DAG.py
[2026-08-24T22:08:42.423+0000] {processor.py:830} INFO - Processing file /opt/airflow/dags/IA_Treino_Demanda_DAG.py for tasks to queue
[2026-08-24T22:08:42.427+0000] {logging_mixin.py:188} INFO - [2026-08-24T22:08:42.426+0000] {dagbag.py:545} INFO - Filling up the DagBag from /opt/airflow/dags/IA_Treino_Demanda_DAG.py
[2026-08-24T22:08:42.958+0000] {processor.py:840} INFO - DAG(s) 'Acougue_Previsao_Demanda' retrieved from /opt/airflow/dags/IA_Treino_Demanda_DAG.py
[2026-08-24T22:08:43.044+0000] {logging_mixin.py:188} INFO - [2026-08-24T22:08:43.043+0000] {dag.py:3096} INFO - Sync 1 DAGs
[2026-08-24T22:08:43.128+0000] {logging_mixin.py:188} INFO - [2026-08-24T22:08:43.123+0000] {dag.py:3954} INFO - Setting next_dagrun for Acougue_Previsao_Demanda to 2026-08-24 00:00:00+00:00, run_after=2026-08-25 00:00:00+00:00
[2026-08-24T22:08:43.215+0000] {processor.py:183} INFO - Processing /opt/airflow/dags/IA_Treino_Demanda_DAG.py took 0.805 seconds
[2026-08-24T22:09:13.516+0000] {processor.py:161} INFO - Started process (PID=433) to work on /opt/airflow/dags/IA_Treino_Demanda_DAG.py
[2026-08-24T22:09:13.518+0000] {processor.py:830} INFO - Processing file /opt/airflow/dags/IA_Treino_Demanda_DAG.py for tasks to queue
[2026-08-24T22:09:13.521+0000] {logging_mixin.py:188} INFO - [2026-08-24T22:09:13.520+0000] {dagbag.py:545} INFO - Filling up the DagBag from /opt/airflow/dags/IA_Treino_Demanda_DAG.py
[2026-08-24T22:09:13.965+0000] {processor.py:840} INFO - DAG(s) 'Acougue_Previsao_Demanda' retrieved from /opt/airflow/dags/IA_Treino_Demanda_DAG.py
[2026-08-24T22:09:14.008+0000] {logging_mixin.py:188} INFO - [2026-08-24T22:09:14.007+0000] {dag.py:3096} INFO - Sync 1 DAGs
[2026-08-24T22:09:14.038+0000] {logging_mixin.py:188} INFO - [2026-08-24T22:09:14.037+0000] {dag.py:3954} INFO - Setting next_dagrun for Acougue_Previsao_Demanda to 2026-08-24 00:00:00+00:00, run_after=2026-08-25 00:00:00+00:00
[2026-08-24T22:09:14.065+0000] {processor.py:183} INFO - Processing /opt/airflow/dags/IA_Treino_Demanda_DAG.py took 0.558 seconds
[2026-08-24T22:09:44.120+0000] {processor.py:161} INFO - Started process (PID=448) to work on /opt/airflow/dags/IA_Treino_Demanda_DAG.py
[2026-08-24T22:09:44.122+0000] {processor.py:830} INFO - Processing file /opt/airflow/dags/IA_Treino_Demanda_DAG.py for tasks to queue
[2026-08-24T22:09:44.124+0000] {logging_mixin.py:188} INFO - [2026-08-24T22:09:44.123+0000] {dagbag.py:545} INFO - Filling up the DagBag from /opt/airflow/dags/IA_Treino_Demanda_DAG.py
[2026-08-24T22:09:44.561+0000] {processor.py:840} INFO - DAG(s) 'Acougue_Previsao_Demanda' retrieved from /opt/airflow/dags/IA_Treino_Demanda_DAG.py
[2026-08-24T22:09:44.598+0000] {logging_mixin.py:188} INFO - [2026-08-24T22:09:44.598+0000] {dag.py:3096} INFO - Sync 1 DAGs
[2026-08-24T22:09:44.631+0000] {logging_mixin.py:188} INFO - [2026-08-24T22:09:44.630+0000] {dag.py:3954} INFO - Setting next_dagrun for Acougue_Previsao_Demanda to 2026-08-24 00:00:00+00:00, run_after=2026-08-25 00:00:00+00:00
[2026-08-24T22:09:44.650+0000] {processor.py:183} INFO - Processing /opt/airflow/dags/IA_Treino_Demanda_DAG.py took 0.540 seconds
[2026-08-24T22:10:14.845+0000] {processor.py:161} INFO - Started process (PID=463) to work on /opt/airflow/dags/IA_Treino_Demanda_DAG.py
[2026-08-24T22:10:14.852+0000] {processor.py:830} INFO - Processing file /opt/airflow/dags/IA_Treino_Demanda_DAG.py for tasks to queue
[2026-08-24T22:10:14.868+0000] {logging_mixin.py:188} INFO - [2026-08-24T22:10:14.864+0000] {dagbag.py:545} INFO - Filling up the DagBag from /opt/airflow/dags/IA_Treino_Demanda_DAG.py
[2026-08-24T22:10:15.754+0000] {processor.py:840} INFO - DAG(s) 'Acougue_Previsao_Demanda' retrieved from /opt/airflow/dags/IA_Treino_Demanda_DAG.py
[2026-08-24T22:10:15.793+0000] {logging_mixin.py:188} INFO - [2026-08-24T22:10:15.792+0000] {dag.py:3096} INFO - Sync 1 DAGs
[2026-08-24T22:10:15.819+0000] {logging_mixin.py:188} INFO - [2026-08-24T22:10:15.818+0000] {dag.py:3954} INFO - Setting next_dagrun for Acougue_Previsao_Demanda to 2026-08-24 00:00:00+00:00, run_after=2026-08-25 00:00:00+00:00
[2026-08-24T22:10:15.853+0000] {processor.py:183} INFO - Processing /opt/airflow/dags/IA_Treino_Demanda_DAG.py took 1.039 seconds
[2026-08-24T22:10:46.123+0000] {processor.py:161} INFO - Started process (PID=478) to work on /opt/airflow/dags/IA_Treino_Demanda_DAG.py
[2026-08-24T22:10:46.127+0000] {processor.py:830} INFO - Processing file /opt/airflow/dags/IA_Treino_Demanda_DAG.py for tasks to queue
[2026-08-24T22:10:46.132+0000] {logging_mixin.py:188} INFO - [2026-08-24T22:10:46.131+0000] {dagbag.py:545} INFO - Filling up the DagBag from /opt/airflow/dags/IA_Treino_Demanda_DAG.py
[2026-08-24T22:10:46.615+0000] {processor.py:840} INFO - DAG(s) 'Acougue_Previsao_Demanda' retrieved from /opt/airflow/dags/IA_Treino_Demanda_DAG.py
[2026-08-24T22:10:46.653+0000] {logging_mixin.py:188} INFO - [2026-08-24T22:10:46.653+0000] {dag.py:3096} INFO - Sync 1 DAGs
[2026-08-24T22:10:46.684+0000] {logging_mixin.py:188} INFO - [2026-08-24T22:10:46.683+0000] {dag.py:3954} INFO - Setting next_dagrun for Acougue_Previsao_Demanda to 2026-08-24 00:00:00+00:00, run_after=2026-08-25 00:00:00+00:00
[2026-08-24T22:10:46.701+0000] {processor.py:183} INFO - Processing /opt/airflow/dags/IA_Treino_Demanda_DAG.py took 0.594 seconds
[2026-08-24T22:11:17.348+0000] {processor.py:161} INFO - Started process (PID=493) to work on /opt/airflow/dags/IA_Treino_Demanda_DAG.py
[2026-08-24T22:11:17.350+0000] {processor.py:830} INFO - Processing file /opt/airflow/dags/IA_Treino_Demanda_DAG.py for tasks to queue
[2026-08-24T22:11:17.352+0000] {logging_mixin.py:188} INFO - [2026-08-24T22:11:17.351+0000] {dagbag.py:545} INFO - Filling up the DagBag from /opt/airflow/dags/IA_Treino_Demanda_DAG.py
[2026-08-24T22:11:17.771+0000] {processor.py:840} INFO - DAG(s) 'Acougue_Previsao_Demanda' retrieved from /opt/airflow/dags/IA_Treino_Demanda_DAG.py
[2026-08-24T22:11:17.807+0000] {logging_mixin.py:188} INFO - [2026-08-24T22:11:17.806+0000] {dag.py:3096} INFO - Sync 1 DAGs
[2026-08-24T22:11:17.834+0000] {logging_mixin.py:188} INFO - [2026-08-24T22:11:17.834+0000] {dag.py:3954} INFO - Setting next_dagrun for Acougue_Previsao_Demanda to 2026-08-24 00:00:00+00:00, run_after=2026-08-25 00:00:00+00:00
[2026-08-24T22:11:17.858+0000] {processor.py:183} INFO - Processing /opt/airflow/dags/IA_Treino_Demanda_DAG.py took 0.521 seconds
[2026-08-24T22:11:48.081+0000] {processor.py:161} INFO - Started process (PID=508) to work on /opt/airflow/dags/IA_Treino_Demanda_DAG.py
[2026-08-24T22:11:48.082+0000] {processor.py:830} INFO - Processing file /opt/airflow/dags/IA_Treino_Demanda_DAG.py for tasks to queue
[2026-08-24T22:11:48.085+0000] {logging_mixin.py:188} INFO - [2026-08-24T22:11:48.084+0000] {dagbag.py:545} INFO - Filling up the DagBag from /opt/airflow/dags/IA_Treino_Demanda_DAG.py
[2026-08-24T22:11:48.485+0000] {processor.py:840} INFO - DAG(s) 'Acougue_Previsao_Demanda' retrieved from /opt/airflow/dags/IA_Treino_Demanda_DAG.py
[2026-08-24T22:11:48.523+0000] {logging_mixin.py:188} INFO - [2026-08-24T22:11:48.522+0000] {dag.py:3096} INFO - Sync 1 DAGs
[2026-08-24T22:11:48.553+0000] {logging_mixin.py:188} INFO - [2026-08-24T22:11:48.552+0000] {dag.py:3954} INFO - Setting next_dagrun for Acougue_Previsao_Demanda to 2026-08-24 00:00:00+00:00, run_after=2026-08-25 00:00:00+00:00
[2026-08-24T22:11:48.581+0000] {processor.py:183} INFO - Processing /opt/airflow/dags/IA_Treino_Demanda_DAG.py took 0.511 seconds
[2026-08-24T22:12:18.842+0000] {processor.py:161} INFO - Started process (PID=523) to work on /opt/airflow/dags/IA_Treino_Demanda_DAG.py
[2026-08-24T22:12:18.845+0000] {processor.py:830} INFO - Processing file /opt/airflow/dags/IA_Treino_Demanda_DAG.py for tasks to queue
[2026-08-24T22:12:18.847+0000] {logging_mixin.py:188} INFO - [2026-08-24T22:12:18.847+0000] {dagbag.py:545} INFO - Filling up the DagBag from /opt/airflow/dags/IA_Treino_Demanda_DAG.py
[2026-08-24T22:12:19.255+0000] {processor.py:840} INFO - DAG(s) 'Acougue_Previsao_Demanda' retrieved from /opt/airflow/dags/IA_Treino_Demanda_DAG.py
[2026-08-24T22:12:19.288+0000] {logging_mixin.py:188} INFO - [2026-08-24T22:12:19.287+0000] {dag.py:3096} INFO - Sync 1 DAGs
[2026-08-24T22:12:19.317+0000] {logging_mixin.py:188} INFO - [2026-08-24T22:12:19.317+0000] {dag.py:3954} INFO - Setting next_dagrun for Acougue_Previsao_Demanda to 2026-08-24 00:00:00+00:00, run_after=2026-08-25 00:00:00+00:00
[2026-08-24T22:12:19.341+0000] {processor.py:183} INFO - Processing /opt/airflow/dags/IA_Treino_Demanda_DAG.py took 0.508 seconds
[2026-08-24T22:12:49.587+0000] {processor.py:161} INFO - Started process (PID=538) to work on /opt/airflow/dags/IA_Treino_Demanda_DAG.py
[2026-08-24T22:12:49.589+0000] {processor.py:830} INFO - Processing file /opt/airflow/dags/IA_Treino_Demanda_DAG.py for tasks to queue
[2026-08-24T22:12:49.592+0000] {logging_mixin.py:188} INFO - [2026-08-24T22:12:49.592+0000] {dagbag.py:545} INFO - Filling up the DagBag from /opt/airflow/dags/IA_Treino_Demanda_DAG.py
[2026-08-24T22:12:50.024+0000] {processor.py:840} INFO - DAG(s) 'Acougue_Previsao_Demanda' retrieved from /opt/airflow/dags/IA_Treino_Demanda_DAG.py
[2026-08-24T22:12:50.060+0000] {logging_mixin.py:188} INFO - [2026-08-24T22:12:50.059+0000] {dag.py:3096} INFO - Sync 1 DAGs
[2026-08-24T22:12:50.093+0000] {logging_mixin.py:188} INFO - [2026-08-24T22:12:50.092+0000] {dag.py:3954} INFO - Setting next_dagrun for Acougue_Previsao_Demanda to 2026-08-24 00:00:00+00:00, run_after=2026-08-25 00:00:00+00:00
[2026-08-24T22:12:50.116+0000] {processor.py:183} INFO - Processing /opt/airflow/dags/IA_Treino_Demanda_DAG.py took 0.541 seconds
[2026-08-24T22:13:20.393+0000] {processor.py:161} INFO - Started process (PID=553) to work on /opt/airflow/dags/IA_Treino_Demanda_DAG.py
[2026-08-24T22:13:20.395+0000] {processor.py:830} INFO - Processing file /opt/airflow/dags/IA_Treino_Demanda_DAG.py for tasks to queue
[2026-08-24T22:13:20.398+0000] {logging_mixin.py:188} INFO - [2026-08-24T22:13:20.398+0000] {dagbag.py:545} INFO - Filling up the DagBag from /opt/airflow/dags/IA_Treino_Demanda_DAG.py
[2026-08-24T22:13:20.878+0000] {processor.py:840} INFO - DAG(s) 'Acougue_Previsao_Demanda' retrieved from /opt/airflow/dags/IA_Treino_Demanda_DAG.py
[2026-08-24T22:13:20.920+0000] {logging_mixin.py:188} INFO - [2026-08-24T22:13:20.919+0000] {dag.py:3096} INFO - Sync 1 DAGs
[2026-08-24T22:13:20.944+0000] {logging_mixin.py:188} INFO - [2026-08-24T22:13:20.944+0000] {dag.py:3954} INFO - Setting next_dagrun for Acougue_Previsao_Demanda to 2026-08-24 00:00:00+00:00, run_after=2026-08-25 00:00:00+00:00
[2026-08-24T22:13:20.967+0000] {processor.py:183} INFO - Processing /opt/airflow/dags/IA_Treino_Demanda_DAG.py took 0.583 seconds
[2026-08-24T22:13:51.209+0000] {processor.py:161} INFO - Started process (PID=568) to work on /opt/airflow/dags/IA_Treino_Demanda_DAG.py
[2026-08-24T22:13:51.211+0000] {processor.py:830} INFO - Processing file /opt/airflow/dags/IA_Treino_Demanda_DAG.py for tasks to queue
[2026-08-24T22:13:51.213+0000] {logging_mixin.py:188} INFO - [2026-08-24T22:13:51.213+0000] {dagbag.py:545} INFO - Filling up the DagBag from /opt/airflow/dags/IA_Treino_Demanda_DAG.py
[2026-08-24T22:13:51.651+0000] {processor.py:840} INFO - DAG(s) 'Acougue_Previsao_Demanda' retrieved from /opt/airflow/dags/IA_Treino_Demanda_DAG.py
[2026-08-24T22:13:51.687+0000] {logging_mixin.py:188} INFO - [2026-08-24T22:13:51.687+0000] {dag.py:3096} INFO - Sync 1 DAGs
[2026-08-24T22:13:51.712+0000] {logging_mixin.py:188} INFO - [2026-08-24T22:13:51.712+0000] {dag.py:3954} INFO - Setting next_dagrun for Acougue_Previsao_Demanda to 2026-08-24 00:00:00+00:00, run_after=2026-08-25 00:00:00+00:00
[2026-08-24T22:13:51.742+0000] {processor.py:183} INFO - Processing /opt/airflow/dags/IA_Treino_Demanda_DAG.py took 0.547 seconds
[2026-08-24T22:14:22.005+0000] {processor.py:161} INFO - Started process (PID=583) to work on /opt/airflow/dags/IA_Treino_Demanda_DAG.py
[2026-08-24T22:14:22.007+0000] {processor.py:830} INFO - Processing file /opt/airflow/dags/IA_Treino_Demanda_DAG.py for tasks to queue
[2026-08-24T22:14:22.014+0000] {logging_mixin.py:188} INFO - [2026-08-24T22:14:22.014+0000] {dagbag.py:545} INFO - Filling up the DagBag from /opt/airflow/dags/IA_Treino_Demanda_DAG.py
[2026-08-24T22:14:22.400+0000] {processor.py:840} INFO - DAG(s) 'Acougue_Previsao_Demanda' retrieved from /opt/airflow/dags/IA_Treino_Demanda_DAG.py
[2026-08-24T22:14:22.443+0000] {logging_mixin.py:188} INFO - [2026-08-24T22:14:22.440+0000] {dag.py:3096} INFO - Sync 1 DAGs
[2026-08-24T22:14:22.483+0000] {logging_mixin.py:188} INFO - [2026-08-24T22:14:22.483+0000] {dag.py:3954} INFO - Setting next_dagrun for Acougue_Previsao_Demanda to 2026-08-24 00:00:00+00:00, run_after=2026-08-25 00:00:00+00:00
[2026-08-24T22:14:22.565+0000] {processor.py:183} INFO - Processing /opt/airflow/dags/IA_Treino_Demanda_DAG.py took 0.570 seconds
[2026-08-24T22:14:52.779+0000] {processor.py:161} INFO - Started process (PID=598) to work on /opt/airflow/dags/IA_Treino_Demanda_DAG.py
[2026-08-24T22:14:52.782+0000] {processor.py:830} INFO - Processing file /opt/airflow/dags/IA_Treino_Demanda_DAG.py for tasks to queue
[2026-08-24T22:14:52.784+0000] {logging_mixin.py:188} INFO - [2026-08-24T22:14:52.784+0000] {dagbag.py:545} INFO - Filling up the DagBag from /opt/airflow/dags/IA_Treino_Demanda_DAG.py
[2026-08-24T22:14:53.267+0000] {processor.py:840} INFO - DAG(s) 'Acougue_Previsao_Demanda' retrieved from /opt/airflow/dags/IA_Treino_Demanda_DAG.py
[2026-08-24T22:14:53.299+0000] {logging_mixin.py:188} INFO - [2026-08-24T22:14:53.298+0000] {dag.py:3096} INFO - Sync 1 DAGs
[2026-08-24T22:14:53.332+0000] {logging_mixin.py:188} INFO - [2026-08-24T22:14:53.332+0000] {dag.py:3954} INFO - Setting next_dagrun for Acougue_Previsao_Demanda to 2026-08-24 00:00:00+00:00, run_after=2026-08-25 00:00:00+00:00
[2026-08-24T22:14:53.357+0000] {processor.py:183} INFO - Processing /opt/airflow/dags/IA_Treino_Demanda_DAG.py took 0.592 seconds
[2026-08-24T22:15:23.457+0000] {processor.py:161} INFO - Started process (PID=611) to work on /opt/airflow/dags/IA_Treino_Demanda_DAG.py
[2026-08-24T22:15:23.460+0000] {processor.py:830} INFO - Processing file /opt/airflow/dags/IA_Treino_Demanda_DAG.py for tasks to queue
[2026-08-24T22:15:23.467+0000] {logging_mixin.py:188} INFO - [2026-08-24T22:15:23.464+0000] {dagbag.py:545} INFO - Filling up the DagBag from /opt/airflow/dags/IA_Treino_Demanda_DAG.py
[2026-08-24T22:15:23.962+0000] {processor.py:840} INFO - DAG(s) 'Acougue_Previsao_Demanda' retrieved from /opt/airflow/dags/IA_Treino_Demanda_DAG.py
[2026-08-24T22:15:24.000+0000] {logging_mixin.py:188} INFO - [2026-08-24T22:15:24.000+0000] {dag.py:3096} INFO - Sync 1 DAGs
[2026-08-24T22:15:24.034+0000] {logging_mixin.py:188} INFO - [2026-08-24T22:15:24.034+0000] {dag.py:3954} INFO - Setting next_dagrun for Acougue_Previsao_Demanda to 2026-08-24 00:00:00+00:00, run_after=2026-08-25 00:00:00+00:00
[2026-08-24T22:15:24.061+0000] {processor.py:183} INFO - Processing /opt/airflow/dags/IA_Treino_Demanda_DAG.py took 0.615 seconds
[2026-08-24T22:15:54.315+0000] {processor.py:161} INFO - Started process (PID=620) to work on /opt/airflow/dags/IA_Treino_Demanda_DAG.py
[2026-08-24T22:15:54.319+0000] {processor.py:830} INFO - Processing file /opt/airflow/dags/IA_Treino_Demanda_DAG.py for tasks to queue
[2026-08-24T22:15:54.323+0000] {logging_mixin.py:188} INFO - [2026-08-24T22:15:54.322+0000] {dagbag.py:545} INFO - Filling up the DagBag from /opt/airflow/dags/IA_Treino_Demanda_DAG.py
[2026-08-24T22:15:54.779+0000] {processor.py:840} INFO - DAG(s) 'Acougue_Previsao_Demanda' retrieved from /opt/airflow/dags/IA_Treino_Demanda_DAG.py
[2026-08-24T22:15:54.819+0000] {logging_mixin.py:188} INFO - [2026-08-24T22:15:54.818+0000] {dag.py:3096} INFO - Sync 1 DAGs
[2026-08-24T22:15:54.855+0000] {logging_mixin.py:188} INFO - [2026-08-24T22:15:54.854+0000] {dag.py:3954} INFO - Setting next_dagrun for Acougue_Previsao_Demanda to 2026-08-24 00:00:00+00:00, run_after=2026-08-25 00:00:00+00:00
[2026-08-24T22:15:54.884+0000] {processor.py:183} INFO - Processing /opt/airflow/dags/IA_Treino_Demanda_DAG.py took 0.592 seconds
[2026-08-24T22:16:25.184+0000] {processor.py:161} INFO - Started process (PID=635) to work on /opt/airflow/dags/IA_Treino_Demanda_DAG.py
[2026-08-24T22:16:25.186+0000] {processor.py:830} INFO - Processing file /opt/airflow/dags/IA_Treino_Demanda_DAG.py for tasks to queue
[2026-08-24T22:16:25.188+0000] {logging_mixin.py:188} INFO - [2026-08-24T22:16:25.188+0000] {dagbag.py:545} INFO - Filling up the DagBag from /opt/airflow/dags/IA_Treino_Demanda_DAG.py
[2026-08-24T22:16:25.635+0000] {processor.py:840} INFO - DAG(s) 'Acougue_Previsao_Demanda' retrieved from /opt/airflow/dags/IA_Treino_Demanda_DAG.py
[2026-08-24T22:16:25.677+0000] {logging_mixin.py:188} INFO - [2026-08-24T22:16:25.676+0000] {dag.py:3096} INFO - Sync 1 DAGs
[2026-08-24T22:16:25.717+0000] {logging_mixin.py:188} INFO - [2026-08-24T22:16:25.717+0000] {dag.py:3954} INFO - Setting next_dagrun for Acougue_Previsao_Demanda to 2026-08-24 00:00:00+00:00, run_after=2026-08-25 00:00:00+00:00
[2026-08-24T22:16:25.739+0000] {processor.py:183} INFO - Processing /opt/airflow/dags/IA_Treino_Demanda_DAG.py took 0.566 seconds
[2026-08-24T22:16:55.963+0000] {processor.py:161} INFO - Started process (PID=650) to work on /opt/airflow/dags/IA_Treino_Demanda_DAG.py
[2026-08-24T22:16:55.965+0000] {processor.py:830} INFO - Processing file /opt/airflow/dags/IA_Treino_Demanda_DAG.py for tasks to queue
[2026-08-24T22:16:55.968+0000] {logging_mixin.py:188} INFO - [2026-08-24T22:16:55.968+0000] {dagbag.py:545} INFO - Filling up the DagBag from /opt/airflow/dags/IA_Treino_Demanda_DAG.py
[2026-08-24T22:16:56.392+0000] {processor.py:840} INFO - DAG(s) 'Acougue_Previsao_Demanda' retrieved from /opt/airflow/dags/IA_Treino_Demanda_DAG.py
[2026-08-24T22:16:56.436+0000] {logging_mixin.py:188} INFO - [2026-08-24T22:16:56.435+0000] {dag.py:3096} INFO - Sync 1 DAGs
[2026-08-24T22:16:56.474+0000] {logging_mixin.py:188} INFO - [2026-08-24T22:16:56.473+0000] {dag.py:3954} INFO - Setting next_dagrun for Acougue_Previsao_Demanda to 2026-08-24 00:00:00+00:00, run_after=2026-08-25 00:00:00+00:00
[2026-08-24T22:16:56.517+0000] {processor.py:183} INFO - Processing /opt/airflow/dags/IA_Treino_Demanda_DAG.py took 0.566 seconds
[2026-08-24T22:17:26.768+0000] {processor.py:161} INFO - Started process (PID=665) to work on /opt/airflow/dags/IA_Treino_Demanda_DAG.py
[2026-08-24T22:17:26.770+0000] {processor.py:830} INFO - Processing file /opt/airflow/dags/IA_Treino_Demanda_DAG.py for tasks to queue
[2026-08-24T22:17:26.772+0000] {logging_mixin.py:188} INFO - [2026-08-24T22:17:26.772+0000] {dagbag.py:545} INFO - Filling up the DagBag from /opt/airflow/dags/IA_Treino_Demanda_DAG.py
[2026-08-24T22:17:27.154+0000] {processor.py:840} INFO - DAG(s) 'Acougue_Previsao_Demanda' retrieved from /opt/airflow/dags/IA_Treino_Demanda_DAG.py
[2026-08-24T22:17:27.193+0000] {logging_mixin.py:188} INFO - [2026-08-24T22:17:27.192+0000] {dag.py:3096} INFO - Sync 1 DAGs
[2026-08-24T22:17:27.234+0000] {logging_mixin.py:188} INFO - [2026-08-24T22:17:27.233+0000] {dag.py:3954} INFO - Setting next_dagrun for Acougue_Previsao_Demanda to 2026-08-24 00:00:00+00:00, run_after=2026-08-25 00:00:00+00:00
[2026-08-24T22:17:27.460+0000] {processor.py:183} INFO - Processing /opt/airflow/dags/IA_Treino_Demanda_DAG.py took 0.700 seconds
[2026-08-24T22:17:57.930+0000] {processor.py:161} INFO - Started process (PID=680) to work on /opt/airflow/dags/IA_Treino_Demanda_DAG.py
[2026-08-24T22:17:57.932+0000] {processor.py:830} INFO - Processing file /opt/airflow/dags/IA_Treino_Demanda_DAG.py for tasks to queue
[2026-08-24T22:17:57.934+0000] {logging_mixin.py:188} INFO - [2026-08-24T22:17:57.934+0000] {dagbag.py:545} INFO - Filling up the DagBag from /opt/airflow/dags/IA_Treino_Demanda_DAG.py
[2026-08-24T22:17:58.364+0000] {processor.py:840} INFO - DAG(s) 'Acougue_Previsao_Demanda' retrieved from /opt/airflow/dags/IA_Treino_Demanda_DAG.py
[2026-08-24T22:17:58.404+0000] {logging_mixin.py:188} INFO - [2026-08-24T22:17:58.404+0000] {dag.py:3096} INFO - Sync 1 DAGs
[2026-08-24T22:17:58.437+0000] {logging_mixin.py:188} INFO - [2026-08-24T22:17:58.437+0000] {dag.py:3954} INFO - Setting next_dagrun for Acougue_Previsao_Demanda to 2026-08-24 00:00:00+00:00, run_after=2026-08-25 00:00:00+00:00
[2026-08-24T22:17:58.468+0000] {processor.py:183} INFO - Processing /opt/airflow/dags/IA_Treino_Demanda_DAG.py took 0.545 seconds
[2026-08-24T22:18:28.792+0000] {processor.py:161} INFO - Started process (PID=695) to work on /opt/airflow/dags/IA_Treino_Demanda_DAG.py
[2026-08-24T22:18:28.795+0000] {processor.py:830} INFO - Processing file /opt/airflow/dags/IA_Treino_Demanda_DAG.py for tasks to queue
[2026-08-24T22:18:28.798+0000] {logging_mixin.py:188} INFO - [2026-08-24T22:18:28.798+0000] {dagbag.py:545} INFO - Filling up the DagBag from /opt/airflow/dags/IA_Treino_Demanda_DAG.py
[2026-08-24T22:18:29.212+0000] {processor.py:840} INFO - DAG(s) 'Acougue_Previsao_Demanda' retrieved from /opt/airflow/dags/IA_Treino_Demanda_DAG.py
[2026-08-24T22:18:29.252+0000] {logging_mixin.py:188} INFO - [2026-08-24T22:18:29.252+0000] {dag.py:3096} INFO - Sync 1 DAGs
[2026-08-24T22:18:29.289+0000] {logging_mixin.py:188} INFO - [2026-08-24T22:18:29.288+0000] {dag.py:3954} INFO - Setting next_dagrun for Acougue_Previsao_Demanda to 2026-08-24 00:00:00+00:00, run_after=2026-08-25 00:00:00+00:00
[2026-08-24T22:18:29.311+0000] {processor.py:183} INFO - Processing /opt/airflow/dags/IA_Treino_Demanda_DAG.py took 0.533 seconds
[2026-08-24T22:18:59.569+0000] {processor.py:161} INFO - Started process (PID=710) to work on /opt/airflow/dags/IA_Treino_Demanda_DAG.py
[2026-08-24T22:18:59.572+0000] {processor.py:830} INFO - Processing file /opt/airflow/dags/IA_Treino_Demanda_DAG.py for tasks to queue
[2026-08-24T22:18:59.574+0000] {logging_mixin.py:188} INFO - [2026-08-24T22:18:59.574+0000] {dagbag.py:545} INFO - Filling up the DagBag from /opt/airflow/dags/IA_Treino_Demanda_DAG.py
[2026-08-24T22:18:59.972+0000] {processor.py:840} INFO - DAG(s) 'Acougue_Previsao_Demanda' retrieved from /opt/airflow/dags/IA_Treino_Demanda_DAG.py
[2026-08-24T22:19:00.014+0000] {logging_mixin.py:188} INFO - [2026-08-24T22:19:00.013+0000] {dag.py:3096} INFO - Sync 1 DAGs
[2026-08-24T22:19:00.061+0000] {logging_mixin.py:188} INFO - [2026-08-24T22:19:00.061+0000] {dag.py:3954} INFO - Setting next_dagrun for Acougue_Previsao_Demanda to 2026-08-24 00:00:00+00:00, run_after=2026-08-25 00:00:00+00:00
[2026-08-24T22:19:00.099+0000] {processor.py:183} INFO - Processing /opt/airflow/dags/IA_Treino_Demanda_DAG.py took 0.544 seconds
[2026-08-24T22:19:30.456+0000] {processor.py:161} INFO - Started process (PID=725) to work on /opt/airflow/dags/IA_Treino_Demanda_DAG.py
[2026-08-24T22:19:30.458+0000] {processor.py:830} INFO - Processing file /opt/airflow/dags/IA_Treino_Demanda_DAG.py for tasks to queue
[2026-08-24T22:19:30.460+0000] {logging_mixin.py:188} INFO - [2026-08-24T22:19:30.460+0000] {dagbag.py:545} INFO - Filling up the DagBag from /opt/airflow/dags/IA_Treino_Demanda_DAG.py
[2026-08-24T22:19:30.938+0000] {processor.py:840} INFO - DAG(s) 'Acougue_Previsao_Demanda' retrieved from /opt/airflow/dags/IA_Treino_Demanda_DAG.py
[2026-08-24T22:19:30.983+0000] {logging_mixin.py:188} INFO - [2026-08-24T22:19:30.981+0000] {dag.py:3096} INFO - Sync 1 DAGs
[2026-08-24T22:19:31.019+0000] {logging_mixin.py:188} INFO - [2026-08-24T22:19:31.019+0000] {dag.py:3954} INFO - Setting next_dagrun for Acougue_Previsao_Demanda to 2026-08-24 00:00:00+00:00, run_after=2026-08-25 00:00:00+00:00
[2026-08-24T22:19:31.047+0000] {processor.py:183} INFO - Processing /opt/airflow/dags/IA_Treino_Demanda_DAG.py took 0.604 seconds
[2026-08-24T22:20:01.378+0000] {processor.py:161} INFO - Started process (PID=740) to work on /opt/airflow/dags/IA_Treino_Demanda_DAG.py
[2026-08-24T22:20:01.380+0000] {processor.py:830} INFO - Processing file /opt/airflow/dags/IA_Treino_Demanda_DAG.py for tasks to queue
[2026-08-24T22:20:01.384+0000] {logging_mixin.py:188} INFO - [2026-08-24T22:20:01.384+0000] {dagbag.py:545} INFO - Filling up the DagBag from /opt/airflow/dags/IA_Treino_Demanda_DAG.py
[2026-08-24T22:20:02.765+0000] {processor.py:840} INFO - DAG(s) 'Acougue_Previsao_Demanda' retrieved from /opt/airflow/dags/IA_Treino_Demanda_DAG.py
[2026-08-24T22:20:02.842+0000] {logging_mixin.py:188} INFO - [2026-08-24T22:20:02.840+0000] {dag.py:3096} INFO - Sync 1 DAGs
[2026-08-24T22:20:03.259+0000] {logging_mixin.py:188} INFO - [2026-08-24T22:20:03.258+0000] {dag.py:3954} INFO - Setting next_dagrun for Acougue_Previsao_Demanda to 2026-08-24 00:00:00+00:00, run_after=2026-08-25 00:00:00+00:00
[2026-08-24T22:20:03.335+0000] {processor.py:183} INFO - Processing /opt/airflow/dags/IA_Treino_Demanda_DAG.py took 1.981 seconds
[2026-08-24T22:20:33.558+0000] {processor.py:161} INFO - Started process (PID=755) to work on /opt/airflow/dags/IA_Treino_Demanda_DAG.py
[2026-08-24T22:20:33.560+0000] {processor.py:830} INFO - Processing file /opt/airflow/dags/IA_Treino_Demanda_DAG.py for tasks to queue
[2026-08-24T22:20:33.563+0000] {logging_mixin.py:188} INFO - [2026-08-24T22:20:33.563+0000] {dagbag.py:545} INFO - Filling up the DagBag from /opt/airflow/dags/IA_Treino_Demanda_DAG.py
[2026-08-24T22:20:33.997+0000] {processor.py:840} INFO - DAG(s) 'Acougue_Previsao_Demanda' retrieved from /opt/airflow/dags/IA_Treino_Demanda_DAG.py
[2026-08-24T22:20:34.033+0000] {logging_mixin.py:188} INFO - [2026-08-24T22:20:34.033+0000] {dag.py:3096} INFO - Sync 1 DAGs
[2026-08-24T22:20:34.065+0000] {logging_mixin.py:188} INFO - [2026-08-24T22:20:34.064+0000] {dag.py:3954} INFO - Setting next_dagrun for Acougue_Previsao_Demanda to 2026-08-24 00:00:00+00:00, run_after=2026-08-25 00:00:00+00:00
[2026-08-24T22:20:34.088+0000] {processor.py:183} INFO - Processing /opt/airflow/dags/IA_Treino_Demanda_DAG.py took 0.540 seconds
[2026-08-24T22:21:04.402+0000] {processor.py:161} INFO - Started process (PID=770) to work on /opt/airflow/dags/IA_Treino_Demanda_DAG.py
[2026-08-24T22:21:04.403+0000] {processor.py:830} INFO - Processing file /opt/airflow/dags/IA_Treino_Demanda_DAG.py for tasks to queue
[2026-08-24T22:21:04.408+0000] {logging_mixin.py:188} INFO - [2026-08-24T22:21:04.406+0000] {dagbag.py:545} INFO - Filling up the DagBag from /opt/airflow/dags/IA_Treino_Demanda_DAG.py
[2026-08-24T22:21:04.898+0000] {processor.py:840} INFO - DAG(s) 'Acougue_Previsao_Demanda' retrieved from /opt/airflow/dags/IA_Treino_Demanda_DAG.py
[2026-08-24T22:21:04.943+0000] {logging_mixin.py:188} INFO - [2026-08-24T22:21:04.942+0000] {dag.py:3096} INFO - Sync 1 DAGs
[2026-08-24T22:21:04.984+0000] {logging_mixin.py:188} INFO - [2026-08-24T22:21:04.983+0000] {dag.py:3954} INFO - Setting next_dagrun for Acougue_Previsao_Demanda to 2026-08-24 00:00:00+00:00, run_after=2026-08-25 00:00:00+00:00
[2026-08-24T22:21:05.033+0000] {processor.py:183} INFO - Processing /opt/airflow/dags/IA_Treino_Demanda_DAG.py took 0.657 seconds
[2026-08-24T22:21:35.285+0000] {processor.py:161} INFO - Started process (PID=785) to work on /opt/airflow/dags/IA_Treino_Demanda_DAG.py
[2026-08-24T22:21:35.287+0000] {processor.py:830} INFO - Processing file /opt/airflow/dags/IA_Treino_Demanda_DAG.py for tasks to queue
[2026-08-24T22:21:35.289+0000] {logging_mixin.py:188} INFO - [2026-08-24T22:21:35.289+0000] {dagbag.py:545} INFO - Filling up the DagBag from /opt/airflow/dags/IA_Treino_Demanda_DAG.py
[2026-08-24T22:21:35.718+0000] {processor.py:840} INFO - DAG(s) 'Acougue_Previsao_Demanda' retrieved from /opt/airflow/dags/IA_Treino_Demanda_DAG.py
[2026-08-24T22:21:35.749+0000] {logging_mixin.py:188} INFO - [2026-08-24T22:21:35.748+0000] {dag.py:3096} INFO - Sync 1 DAGs
[2026-08-24T22:21:35.964+0000] {logging_mixin.py:188} INFO - [2026-08-24T22:21:35.963+0000] {dag.py:3954} INFO - Setting next_dagrun for Acougue_Previsao_Demanda to 2026-08-24 00:00:00+00:00, run_after=2026-08-25 00:00:00+00:00
[2026-08-24T22:21:35.994+0000] {processor.py:183} INFO - Processing /opt/airflow/dags/IA_Treino_Demanda_DAG.py took 0.718 seconds
[2026-08-24T22:22:06.514+0000] {processor.py:161} INFO - Started process (PID=800) to work on /opt/airflow/dags/IA_Treino_Demanda_DAG.py
[2026-08-24T22:22:06.516+0000] {processor.py:830} INFO - Processing file /opt/airflow/dags/IA_Treino_Demanda_DAG.py for tasks to queue
[2026-08-24T22:22:06.518+0000] {logging_mixin.py:188} INFO - [2026-08-24T22:22:06.517+0000] {dagbag.py:545} INFO - Filling up the DagBag from /opt/airflow/dags/IA_Treino_Demanda_DAG.py
[2026-08-24T22:22:07.080+0000] {processor.py:840} INFO - DAG(s) 'Acougue_Previsao_Demanda' retrieved from /opt/airflow/dags/IA_Treino_Demanda_DAG.py
[2026-08-24T22:22:07.117+0000] {logging_mixin.py:188} INFO - [2026-08-24T22:22:07.117+0000] {dag.py:3096} INFO - Sync 1 DAGs
[2026-08-24T22:22:07.151+0000] {logging_mixin.py:188} INFO - [2026-08-24T22:22:07.151+0000] {dag.py:3954} INFO - Setting next_dagrun for Acougue_Previsao_Demanda to 2026-08-24 00:00:00+00:00, run_after=2026-08-25 00:00:00+00:00
[2026-08-24T22:22:07.187+0000] {processor.py:183} INFO - Processing /opt/airflow/dags/IA_Treino_Demanda_DAG.py took 0.684 seconds
[2026-08-24T22:22:37.404+0000] {processor.py:161} INFO - Started process (PID=813) to work on /opt/airflow/dags/IA_Treino_Demanda_DAG.py
[2026-08-24T22:22:37.407+0000] {processor.py:830} INFO - Processing file /opt/airflow/dags/IA_Treino_Demanda_DAG.py for tasks to queue
[2026-08-24T22:22:37.410+0000] {logging_mixin.py:188} INFO - [2026-08-24T22:22:37.410+0000] {dagbag.py:545} INFO - Filling up the DagBag from /opt/airflow/dags/IA_Treino_Demanda_DAG.py
[2026-08-24T22:22:37.855+0000] {processor.py:840} INFO - DAG(s) 'Acougue_Previsao_Demanda' retrieved from /opt/airflow/dags/IA_Treino_Demanda_DAG.py
[2026-08-24T22:22:37.893+0000] {logging_mixin.py:188} INFO - [2026-08-24T22:22:37.893+0000] {dag.py:3096} INFO - Sync 1 DAGs
[2026-08-24T22:22:38.098+0000] {logging_mixin.py:188} INFO - [2026-08-24T22:22:38.098+0000] {dag.py:3954} INFO - Setting next_dagrun for Acougue_Previsao_Demanda to 2026-08-24 00:00:00+00:00, run_after=2026-08-25 00:00:00+00:00
[2026-08-24T22:22:38.129+0000] {processor.py:183} INFO - Processing /opt/airflow/dags/IA_Treino_Demanda_DAG.py took 0.733 seconds
[2026-08-24T22:23:08.378+0000] {processor.py:161} INFO - Started process (PID=826) to work on /opt/airflow/dags/IA_Treino_Demanda_DAG.py
[2026-08-24T22:23:08.380+0000] {processor.py:830} INFO - Processing file /opt/airflow/dags/IA_Treino_Demanda_DAG.py for tasks to queue
[2026-08-24T22:23:08.383+0000] {logging_mixin.py:188} INFO - [2026-08-24T22:23:08.382+0000] {dagbag.py:545} INFO - Filling up the DagBag from /opt/airflow/dags/IA_Treino_Demanda_DAG.py
[2026-08-24T22:23:08.818+0000] {processor.py:840} INFO - DAG(s) 'Acougue_Previsao_Demanda' retrieved from /opt/airflow/dags/IA_Treino_Demanda_DAG.py
[2026-08-24T22:23:08.855+0000] {logging_mixin.py:188} INFO - [2026-08-24T22:23:08.855+0000] {dag.py:3096} INFO - Sync 1 DAGs
[2026-08-24T22:23:08.885+0000] {logging_mixin.py:188} INFO - [2026-08-24T22:23:08.885+0000] {dag.py:3954} INFO - Setting next_dagrun for Acougue_Previsao_Demanda to 2026-08-24 00:00:00+00:00, run_after=2026-08-25 00:00:00+00:00
[2026-08-24T22:23:08.906+0000] {processor.py:183} INFO - Processing /opt/airflow/dags/IA_Treino_Demanda_DAG.py took 0.540 seconds
[2026-08-24T22:23:39.084+0000] {processor.py:161} INFO - Started process (PID=837) to work on /opt/airflow/dags/IA_Treino_Demanda_DAG.py
[2026-08-24T22:23:39.086+0000] {processor.py:830} INFO - Processing file /opt/airflow/dags/IA_Treino_Demanda_DAG.py for tasks to queue
[2026-08-24T22:23:39.088+0000] {logging_mixin.py:188} INFO - [2026-08-24T22:23:39.088+0000] {dagbag.py:545} INFO - Filling up the DagBag from /opt/airflow/dags/IA_Treino_Demanda_DAG.py
[2026-08-24T22:23:39.454+0000] {processor.py:840} INFO - DAG(s) 'Acougue_Previsao_Demanda' retrieved from /opt/airflow/dags/IA_Treino_Demanda_DAG.py
[2026-08-24T22:23:39.484+0000] {logging_mixin.py:188} INFO - [2026-08-24T22:23:39.484+0000] {dag.py:3096} INFO - Sync 1 DAGs
[2026-08-24T22:23:39.512+0000] {logging_mixin.py:188} INFO - [2026-08-24T22:23:39.512+0000] {dag.py:3954} INFO - Setting next_dagrun for Acougue_Previsao_Demanda to 2026-08-24 00:00:00+00:00, run_after=2026-08-25 00:00:00+00:00
[2026-08-24T22:23:39.533+0000] {processor.py:183} INFO - Processing /opt/airflow/dags/IA_Treino_Demanda_DAG.py took 0.457 seconds
[2026-08-24T22:24:09.777+0000] {processor.py:161} INFO - Started process (PID=852) to work on /opt/airflow/dags/IA_Treino_Demanda_DAG.py
[2026-08-24T22:24:09.778+0000] {processor.py:830} INFO - Processing file /opt/airflow/dags/IA_Treino_Demanda_DAG.py for tasks to queue
[2026-08-24T22:24:09.780+0000] {logging_mixin.py:188} INFO - [2026-08-24T22:24:09.780+0000] {dagbag.py:545} INFO - Filling up the DagBag from /opt/airflow/dags/IA_Treino_Demanda_DAG.py
[2026-08-24T22:24:10.317+0000] {processor.py:840} INFO - DAG(s) 'Acougue_Previsao_Demanda' retrieved from /opt/airflow/dags/IA_Treino_Demanda_DAG.py
[2026-08-24T22:24:10.358+0000] {logging_mixin.py:188} INFO - [2026-08-24T22:24:10.357+0000] {dag.py:3096} INFO - Sync 1 DAGs
[2026-08-24T22:24:10.609+0000] {logging_mixin.py:188} INFO - [2026-08-24T22:24:10.609+0000] {dag.py:3954} INFO - Setting next_dagrun for Acougue_Previsao_Demanda to 2026-08-24 00:00:00+00:00, run_after=2026-08-25 00:00:00+00:00
[2026-08-24T22:24:10.638+0000] {processor.py:183} INFO - Processing /opt/airflow/dags/IA_Treino_Demanda_DAG.py took 0.869 seconds
[2026-08-24T22:24:40.930+0000] {processor.py:161} INFO - Started process (PID=867) to work on /opt/airflow/dags/IA_Treino_Demanda_DAG.py
[2026-08-24T22:24:40.932+0000] {processor.py:830} INFO - Processing file /opt/airflow/dags/IA_Treino_Demanda_DAG.py for tasks to queue
[2026-08-24T22:24:40.935+0000] {logging_mixin.py:188} INFO - [2026-08-24T22:24:40.934+0000] {dagbag.py:545} INFO - Filling up the DagBag from /opt/airflow/dags/IA_Treino_Demanda_DAG.py
[2026-08-24T22:24:41.327+0000] {processor.py:840} INFO - DAG(s) 'Acougue_Previsao_Demanda' retrieved from /opt/airflow/dags/IA_Treino_Demanda_DAG.py
[2026-08-24T22:24:41.551+0000] {logging_mixin.py:188} INFO - [2026-08-24T22:24:41.550+0000] {dag.py:3096} INFO - Sync 1 DAGs
[2026-08-24T22:24:41.582+0000] {logging_mixin.py:188} INFO - [2026-08-24T22:24:41.581+0000] {dag.py:3954} INFO - Setting next_dagrun for Acougue_Previsao_Demanda to 2026-08-24 00:00:00+00:00, run_after=2026-08-25 00:00:00+00:00
[2026-08-24T22:24:41.605+0000] {processor.py:183} INFO - Processing /opt/airflow/dags/IA_Treino_Demanda_DAG.py took 0.685 seconds
[2026-08-24T22:25:11.742+0000] {processor.py:161} INFO - Started process (PID=882) to work on /opt/airflow/dags/IA_Treino_Demanda_DAG.py
[2026-08-24T22:25:11.744+0000] {processor.py:830} INFO - Processing file /opt/airflow/dags/IA_Treino_Demanda_DAG.py for tasks to queue
[2026-08-24T22:25:11.747+0000] {logging_mixin.py:188} INFO - [2026-08-24T22:25:11.747+0000] {dagbag.py:545} INFO - Filling up the DagBag from /opt/airflow/dags/IA_Treino_Demanda_DAG.py
[2026-08-24T22:25:12.144+0000] {processor.py:840} INFO - DAG(s) 'Acougue_Previsao_Demanda' retrieved from /opt/airflow/dags/IA_Treino_Demanda_DAG.py
[2026-08-24T22:25:12.177+0000] {logging_mixin.py:188} INFO - [2026-08-24T22:25:12.177+0000] {dag.py:3096} INFO - Sync 1 DAGs
[2026-08-24T22:25:12.205+0000] {logging_mixin.py:188} INFO - [2026-08-24T22:25:12.204+0000] {dag.py:3954} INFO - Setting next_dagrun for Acougue_Previsao_Demanda to 2026-08-24 00:00:00+00:00, run_after=2026-08-25 00:00:00+00:00
[2026-08-24T22:25:12.221+0000] {processor.py:183} INFO - Processing /opt/airflow/dags/IA_Treino_Demanda_DAG.py took 0.489 seconds
[2026-08-24T22:25:42.445+0000] {processor.py:161} INFO - Started process (PID=897) to work on /opt/airflow/dags/IA_Treino_Demanda_DAG.py
[2026-08-24T22:25:42.446+0000] {processor.py:830} INFO - Processing file /opt/airflow/dags/IA_Treino_Demanda_DAG.py for tasks to queue
[2026-08-24T22:25:42.448+0000] {logging_mixin.py:188} INFO - [2026-08-24T22:25:42.448+0000] {dagbag.py:545} INFO - Filling up the DagBag from /opt/airflow/dags/IA_Treino_Demanda_DAG.py
[2026-08-24T22:25:42.824+0000] {processor.py:840} INFO - DAG(s) 'Acougue_Previsao_Demanda' retrieved from /opt/airflow/dags/IA_Treino_Demanda_DAG.py
[2026-08-24T22:25:42.858+0000] {logging_mixin.py:188} INFO - [2026-08-24T22:25:42.857+0000] {dag.py:3096} INFO - Sync 1 DAGs
[2026-08-24T22:25:43.085+0000] {logging_mixin.py:188} INFO - [2026-08-24T22:25:43.085+0000] {dag.py:3954} INFO - Setting next_dagrun for Acougue_Previsao_Demanda to 2026-08-24 00:00:00+00:00, run_after=2026-08-25 00:00:00+00:00
[2026-08-24T22:25:43.113+0000] {processor.py:183} INFO - Processing /opt/airflow/dags/IA_Treino_Demanda_DAG.py took 0.676 seconds
[2026-08-24T22:26:13.370+0000] {processor.py:161} INFO - Started process (PID=912) to work on /opt/airflow/dags/IA_Treino_Demanda_DAG.py
[2026-08-24T22:26:13.371+0000] {processor.py:830} INFO - Processing file /opt/airflow/dags/IA_Treino_Demanda_DAG.py for tasks to queue
[2026-08-24T22:26:13.374+0000] {logging_mixin.py:188} INFO - [2026-08-24T22:26:13.374+0000] {dagbag.py:545} INFO - Filling up the DagBag from /opt/airflow/dags/IA_Treino_Demanda_DAG.py
[2026-08-24T22:26:13.797+0000] {processor.py:840} INFO - DAG(s) 'Acougue_Previsao_Demanda' retrieved from /opt/airflow/dags/IA_Treino_Demanda_DAG.py
[2026-08-24T22:26:14.028+0000] {logging_mixin.py:188} INFO - [2026-08-24T22:26:14.027+0000] {dag.py:3096} INFO - Sync 1 DAGs
[2026-08-24T22:26:14.048+0000] {logging_mixin.py:188} INFO - [2026-08-24T22:26:14.048+0000] {dag.py:3954} INFO - Setting next_dagrun for Acougue_Previsao_Demanda to 2026-08-24 00:00:00+00:00, run_after=2026-08-25 00:00:00+00:00
[2026-08-24T22:26:14.071+0000] {processor.py:183} INFO - Processing /opt/airflow/dags/IA_Treino_Demanda_DAG.py took 0.714 seconds
[2026-08-24T22:26:44.306+0000] {processor.py:161} INFO - Started process (PID=927) to work on /opt/airflow/dags/IA_Treino_Demanda_DAG.py
[2026-08-24T22:26:44.311+0000] {processor.py:830} INFO - Processing file /opt/airflow/dags/IA_Treino_Demanda_DAG.py for tasks to queue
[2026-08-24T22:26:44.314+0000] {logging_mixin.py:188} INFO - [2026-08-24T22:26:44.313+0000] {dagbag.py:545} INFO - Filling up the DagBag from /opt/airflow/dags/IA_Treino_Demanda_DAG.py
[2026-08-24T22:26:44.723+0000] {processor.py:840} INFO - DAG(s) 'Acougue_Previsao_Demanda' retrieved from /opt/airflow/dags/IA_Treino_Demanda_DAG.py
[2026-08-24T22:26:44.763+0000] {logging_mixin.py:188} INFO - [2026-08-24T22:26:44.763+0000] {dag.py:3096} INFO - Sync 1 DAGs
[2026-08-24T22:26:44.998+0000] {logging_mixin.py:188} INFO - [2026-08-24T22:26:44.998+0000] {dag.py:3954} INFO - Setting next_dagrun for Acougue_Previsao_Demanda to 2026-08-24 00:00:00+00:00, run_after=2026-08-25 00:00:00+00:00
[2026-08-24T22:26:45.031+0000] {processor.py:183} INFO - Processing /opt/airflow/dags/IA_Treino_Demanda_DAG.py took 0.734 seconds
[2026-08-24T22:27:15.294+0000] {processor.py:161} INFO - Started process (PID=942) to work on /opt/airflow/dags/IA_Treino_Demanda_DAG.py
[2026-08-24T22:27:15.298+0000] {processor.py:830} INFO - Processing file /opt/airflow/dags/IA_Treino_Demanda_DAG.py for tasks to queue
[2026-08-24T22:27:15.302+0000] {logging_mixin.py:188} INFO - [2026-08-24T22:27:15.301+0000] {dagbag.py:545} INFO - Filling up the DagBag from /opt/airflow/dags/IA_Treino_Demanda_DAG.py
[2026-08-24T22:27:15.699+0000] {processor.py:840} INFO - DAG(s) 'Acougue_Previsao_Demanda' retrieved from /opt/airflow/dags/IA_Treino_Demanda_DAG.py
[2026-08-24T22:27:15.949+0000] {logging_mixin.py:188} INFO - [2026-08-24T22:27:15.948+0000] {dag.py:3096} INFO - Sync 1 DAGs
[2026-08-24T22:27:15.977+0000] {logging_mixin.py:188} INFO - [2026-08-24T22:27:15.977+0000] {dag.py:3954} INFO - Setting next_dagrun for Acougue_Previsao_Demanda to 2026-08-24 00:00:00+00:00, run_after=2026-08-25 00:00:00+00:00
[2026-08-24T22:27:16.004+0000] {processor.py:183} INFO - Processing /opt/airflow/dags/IA_Treino_Demanda_DAG.py took 0.721 seconds
[2026-08-24T22:27:46.240+0000] {processor.py:161} INFO - Started process (PID=957) to work on /opt/airflow/dags/IA_Treino_Demanda_DAG.py
[2026-08-24T22:27:46.243+0000] {processor.py:830} INFO - Processing file /opt/airflow/dags/IA_Treino_Demanda_DAG.py for tasks to queue
[2026-08-24T22:27:46.246+0000] {logging_mixin.py:188} INFO - [2026-08-24T22:27:46.245+0000] {dagbag.py:545} INFO - Filling up the DagBag from /opt/airflow/dags/IA_Treino_Demanda_DAG.py
[2026-08-24T22:27:46.837+0000] {processor.py:840} INFO - DAG(s) 'Acougue_Previsao_Demanda' retrieved from /opt/airflow/dags/IA_Treino_Demanda_DAG.py
[2026-08-24T22:27:46.871+0000] {logging_mixin.py:188} INFO - [2026-08-24T22:27:46.870+0000] {dag.py:3096} INFO - Sync 1 DAGs
[2026-08-24T22:27:46.900+0000] {logging_mixin.py:188} INFO - [2026-08-24T22:27:46.900+0000] {dag.py:3954} INFO - Setting next_dagrun for Acougue_Previsao_Demanda to 2026-08-24 00:00:00+00:00, run_after=2026-08-25 00:00:00+00:00
[2026-08-24T22:27:46.920+0000] {processor.py:183} INFO - Processing /opt/airflow/dags/IA_Treino_Demanda_DAG.py took 0.689 seconds
[2026-08-24T22:28:17.781+0000] {processor.py:161} INFO - Started process (PID=972) to work on /opt/airflow/dags/IA_Treino_Demanda_DAG.py
[2026-08-24T22:28:17.783+0000] {processor.py:830} INFO - Processing file /opt/airflow/dags/IA_Treino_Demanda_DAG.py for tasks to queue
[2026-08-24T22:28:17.784+0000] {logging_mixin.py:188} INFO - [2026-08-24T22:28:17.784+0000] {dagbag.py:545} INFO - Filling up the DagBag from /opt/airflow/dags/IA_Treino_Demanda_DAG.py
[2026-08-24T22:28:18.245+0000] {processor.py:840} INFO - DAG(s) 'Acougue_Previsao_Demanda' retrieved from /opt/airflow/dags/IA_Treino_Demanda_DAG.py
[2026-08-24T22:28:18.298+0000] {logging_mixin.py:188} INFO - [2026-08-24T22:28:18.297+0000] {dag.py:3096} INFO - Sync 1 DAGs
[2026-08-24T22:28:18.624+0000] {logging_mixin.py:188} INFO - [2026-08-24T22:28:18.623+0000] {dag.py:3954} INFO - Setting next_dagrun for Acougue_Previsao_Demanda to 2026-08-24 00:00:00+00:00, run_after=2026-08-25 00:00:00+00:00
[2026-08-24T22:28:18.656+0000] {processor.py:183} INFO - Processing /opt/airflow/dags/IA_Treino_Demanda_DAG.py took 0.883 seconds
[2026-08-24T22:28:49.151+0000] {processor.py:161} INFO - Started process (PID=987) to work on /opt/airflow/dags/IA_Treino_Demanda_DAG.py
[2026-08-24T22:28:49.152+0000] {processor.py:830} INFO - Processing file /opt/airflow/dags/IA_Treino_Demanda_DAG.py for tasks to queue
[2026-08-24T22:28:49.155+0000] {logging_mixin.py:188} INFO - [2026-08-24T22:28:49.155+0000] {dagbag.py:545} INFO - Filling up the DagBag from /opt/airflow/dags/IA_Treino_Demanda_DAG.py
[2026-08-24T22:28:49.616+0000] {processor.py:840} INFO - DAG(s) 'Acougue_Previsao_Demanda' retrieved from /opt/airflow/dags/IA_Treino_Demanda_DAG.py
[2026-08-24T22:28:49.850+0000] {logging_mixin.py:188} INFO - [2026-08-24T22:28:49.850+0000] {dag.py:3096} INFO - Sync 1 DAGs
[2026-08-24T22:28:49.880+0000] {logging_mixin.py:188} INFO - [2026-08-24T22:28:49.880+0000] {dag.py:3954} INFO - Setting next_dagrun for Acougue_Previsao_Demanda to 2026-08-24 00:00:00+00:00, run_after=2026-08-25 00:00:00+00:00
[2026-08-24T22:28:49.905+0000] {processor.py:183} INFO - Processing /opt/airflow/dags/IA_Treino_Demanda_DAG.py took 0.762 seconds
[2026-08-24T22:29:20.182+0000] {processor.py:161} INFO - Started process (PID=1002) to work on /opt/airflow/dags/IA_Treino_Demanda_DAG.py
[2026-08-24T22:29:20.183+0000] {processor.py:830} INFO - Processing file /opt/airflow/dags/IA_Treino_Demanda_DAG.py for tasks to queue
[2026-08-24T22:29:20.185+0000] {logging_mixin.py:188} INFO - [2026-08-24T22:29:20.185+0000] {dagbag.py:545} INFO - Filling up the DagBag from /opt/airflow/dags/IA_Treino_Demanda_DAG.py
[2026-08-24T22:29:20.569+0000] {processor.py:840} INFO - DAG(s) 'Acougue_Previsao_Demanda' retrieved from /opt/airflow/dags/IA_Treino_Demanda_DAG.py
[2026-08-24T22:29:20.596+0000] {logging_mixin.py:188} INFO - [2026-08-24T22:29:20.596+0000] {dag.py:3096} INFO - Sync 1 DAGs
[2026-08-24T22:29:20.793+0000] {logging_mixin.py:188} INFO - [2026-08-24T22:29:20.792+0000] {dag.py:3954} INFO - Setting next_dagrun for Acougue_Previsao_Demanda to 2026-08-24 00:00:00+00:00, run_after=2026-08-25 00:00:00+00:00
[2026-08-24T22:29:20.812+0000] {processor.py:183} INFO - Processing /opt/airflow/dags/IA_Treino_Demanda_DAG.py took 0.642 seconds
[2026-08-24T22:30:09.805+0000] {processor.py:161} INFO - Started process (PID=161) to work on /opt/airflow/dags/IA_Treino_Demanda_DAG.py
[2026-08-24T22:30:09.814+0000] {processor.py:830} INFO - Processing file /opt/airflow/dags/IA_Treino_Demanda_DAG.py for tasks to queue
[2026-08-24T22:30:09.830+0000] {logging_mixin.py:188} INFO - [2026-08-24T22:30:09.829+0000] {dagbag.py:545} INFO - Filling up the DagBag from /opt/airflow/dags/IA_Treino_Demanda_DAG.py
[2026-08-24T22:30:13.897+0000] {processor.py:840} INFO - DAG(s) 'Acougue_Previsao_Demanda' retrieved from /opt/airflow/dags/IA_Treino_Demanda_DAG.py
[2026-08-24T22:30:14.385+0000] {logging_mixin.py:188} INFO - [2026-08-24T22:30:14.381+0000] {dag.py:3096} INFO - Sync 1 DAGs
[2026-08-24T22:30:14.470+0000] {logging_mixin.py:188} INFO - [2026-08-24T22:30:14.470+0000] {dag.py:3954} INFO - Setting next_dagrun for Acougue_Previsao_Demanda to 2026-08-24 00:00:00+00:00, run_after=2026-08-25 00:00:00+00:00
[2026-08-24T22:30:14.566+0000] {logging_mixin.py:188} INFO - [2026-08-24T22:30:14.560+0000] {dagbag.py:654} ERROR - Failed to write serialized DAG: /opt/airflow/dags/IA_Treino_Demanda_DAG.py
Traceback (most recent call last):
  File "/home/airflow/.local/lib/python3.10/site-packages/airflow/models/dagbag.py", line 642, in _serialize_dag_capturing_errors
    dag_was_updated = SerializedDagModel.write_dag(
  File "/home/airflow/.local/lib/python3.10/site-packages/airflow/utils/session.py", line 76, in wrapper
    return func(*args, **kwargs)
  File "/home/airflow/.local/lib/python3.10/site-packages/airflow/models/serialized_dag.py", line 158, in write_dag
    if session.scalar(
  File "/home/airflow/.local/lib/python3.10/site-packages/sqlalchemy/orm/session.py", line 1747, in scalar
    return self.execute(
  File "/home/airflow/.local/lib/python3.10/site-packages/sqlalchemy/orm/session.py", line 1716, in execute
    conn = self._connection_for_bind(bind)
  File "/home/airflow/.local/lib/python3.10/site-packages/sqlalchemy/orm/session.py", line 1555, in _connection_for_bind
    return self._transaction._connection_for_bind(
  File "/home/airflow/.local/lib/python3.10/site-packages/sqlalchemy/orm/session.py", line 724, in _connection_for_bind
    self._assert_active()
  File "/home/airflow/.local/lib/python3.10/site-packages/sqlalchemy/orm/session.py", line 604, in _assert_active
    raise sa_exc.PendingRollbackError(
sqlalchemy.exc.PendingRollbackError: This Session's transaction has been rolled back due to a previous exception during flush. To begin a new transaction with this Session, first issue Session.rollback(). Original exception was: (psycopg2.errors.UniqueViolation) duplicate key value violates unique constraint "serialized_dag_pkey"
DETAIL:  Key (dag_id)=(Acougue_Previsao_Demanda) already exists.

[SQL: INSERT INTO serialized_dag (dag_id, fileloc, fileloc_hash, data, data_compressed, last_updated, dag_hash, processor_subdir) VALUES (%(dag_id)s, %(fileloc)s, %(fileloc_hash)s, %(data)s, %(data_compressed)s, %(last_updated)s, %(dag_hash)s, %(processor_subdir)s)]
[parameters: {'dag_id': 'Acougue_Previsao_Demanda', 'fileloc': '/opt/airflow/dags/IA_Treino_Demanda_DAG.py', 'fileloc_hash': 48633360732425182, 'data': '{"__version": 1, "dag": {"catchup": false, "start_date": 1787529600.0, "schedule_interval": "@daily", "edge_info": {}, "fileloc": "/opt/airflow/dags/ ... (1606 characters truncated) ... onOperator", "_task_module": "airflow.operators.python", "_is_empty": false, "op_args": [], "op_kwargs": {}}], "dag_dependencies": [], "params": {}}}', 'data_compressed': None, 'last_updated': datetime.datetime(2026, 8, 24, 22, 30, 13, 964776, tzinfo=Timezone('UTC')), 'dag_hash': 'ba225b80d40dffbef89ab630051bbe07', 'processor_subdir': '/opt/airflow/dags'}]
(Background on this error at: https://sqlalche.me/e/14/gkpj) (Background on this error at: https://sqlalche.me/e/14/7s2a)
[2026-08-24T22:30:14.574+0000] {logging_mixin.py:188} INFO - [2026-08-24T22:30:14.573+0000] {dag.py:3096} INFO - Sync 1 DAGs
[2026-08-24T22:30:14.588+0000] {processor.py:186} ERROR - Got an exception! Propagating...
Traceback (most recent call last):
  File "/home/airflow/.local/lib/python3.10/site-packages/airflow/dag_processing/processor.py", line 182, in _run_file_processor
    _handle_dag_file_processing()
  File "/home/airflow/.local/lib/python3.10/site-packages/airflow/dag_processing/processor.py", line 163, in _handle_dag_file_processing
    result: tuple[int, int] = dag_file_processor.process_file(
  File "/home/airflow/.local/lib/python3.10/site-packages/airflow/utils/session.py", line 79, in wrapper
    return func(*args, session=session, **kwargs)
  File "/home/airflow/.local/lib/python3.10/site-packages/airflow/dag_processing/processor.py", line 859, in process_file
    serialize_errors = DagFileProcessor.save_dag_to_db(
  File "/home/airflow/.local/lib/python3.10/site-packages/airflow/api_internal/internal_api_call.py", line 115, in wrapper
    return func(*args, **kwargs)
  File "/home/airflow/.local/lib/python3.10/site-packages/airflow/utils/session.py", line 79, in wrapper
    return func(*args, session=session, **kwargs)
  File "/home/airflow/.local/lib/python3.10/site-packages/airflow/dag_processing/processor.py", line 895, in save_dag_to_db
    import_errors = DagBag._sync_to_db(dags=dags, processor_subdir=dag_directory, session=session)
  File "/home/airflow/.local/lib/python3.10/site-packages/airflow/utils/session.py", line 76, in wrapper
    return func(*args, **kwargs)
  File "/home/airflow/.local/lib/python3.10/site-packages/airflow/models/dagbag.py", line 664, in _sync_to_db
    for attempt in run_with_db_retries(logger=log):
  File "/home/airflow/.local/lib/python3.10/site-packages/tenacity/__init__.py", line 347, in __iter__
    do = self.iter(retry_state=retry_state)
  File "/home/airflow/.local/lib/python3.10/site-packages/tenacity/__init__.py", line 314, in iter
    return fut.result()
  File "/usr/local/lib/python3.10/concurrent/futures/_base.py", line 451, in result
    return self.__get_result()
  File "/usr/local/lib/python3.10/concurrent/futures/_base.py", line 403, in __get_result
    raise self._exception
  File "/home/airflow/.local/lib/python3.10/site-packages/airflow/models/dagbag.py", line 680, in _sync_to_db
    DAG.bulk_write_to_db(dags.values(), processor_subdir=processor_subdir, session=session)
  File "/home/airflow/.local/lib/python3.10/site-packages/airflow/utils/session.py", line 76, in wrapper
    return func(*args, **kwargs)
  File "/home/airflow/.local/lib/python3.10/site-packages/airflow/models/dag.py", line 3108, in bulk_write_to_db
    orm_dags: list[DagModel] = session.scalars(query).unique().all()
  File "/home/airflow/.local/lib/python3.10/site-packages/sqlalchemy/orm/session.py", line 1778, in scalars
    return self.execute(
  File "/home/airflow/.local/lib/python3.10/site-packages/sqlalchemy/orm/session.py", line 1716, in execute
    conn = self._connection_for_bind(bind)
  File "/home/airflow/.local/lib/python3.10/site-packages/sqlalchemy/orm/session.py", line 1555, in _connection_for_bind
    return self._transaction._connection_for_bind(
  File "/home/airflow/.local/lib/python3.10/site-packages/sqlalchemy/orm/session.py", line 724, in _connection_for_bind
    self._assert_active()
  File "/home/airflow/.local/lib/python3.10/site-packages/sqlalchemy/orm/session.py", line 604, in _assert_active
    raise sa_exc.PendingRollbackError(
sqlalchemy.exc.PendingRollbackError: This Session's transaction has been rolled back due to a previous exception during flush. To begin a new transaction with this Session, first issue Session.rollback(). Original exception was: (psycopg2.errors.UniqueViolation) duplicate key value violates unique constraint "serialized_dag_pkey"
DETAIL:  Key (dag_id)=(Acougue_Previsao_Demanda) already exists.

[SQL: INSERT INTO serialized_dag (dag_id, fileloc, fileloc_hash, data, data_compressed, last_updated, dag_hash, processor_subdir) VALUES (%(dag_id)s, %(fileloc)s, %(fileloc_hash)s, %(data)s, %(data_compressed)s, %(last_updated)s, %(dag_hash)s, %(processor_subdir)s)]
[parameters: {'dag_id': 'Acougue_Previsao_Demanda', 'fileloc': '/opt/airflow/dags/IA_Treino_Demanda_DAG.py', 'fileloc_hash': 48633360732425182, 'data': '{"__version": 1, "dag": {"catchup": false, "start_date": 1787529600.0, "schedule_interval": "@daily", "edge_info": {}, "fileloc": "/opt/airflow/dags/ ... (1606 characters truncated) ... onOperator", "_task_module": "airflow.operators.python", "_is_empty": false, "op_args": [], "op_kwargs": {}}], "dag_dependencies": [], "params": {}}}', 'data_compressed': None, 'last_updated': datetime.datetime(2026, 8, 24, 22, 30, 13, 964776, tzinfo=Timezone('UTC')), 'dag_hash': 'ba225b80d40dffbef89ab630051bbe07', 'processor_subdir': '/opt/airflow/dags'}]
(Background on this error at: https://sqlalche.me/e/14/gkpj) (Background on this error at: https://sqlalche.me/e/14/7s2a)
[2026-08-24T22:30:45.287+0000] {processor.py:161} INFO - Started process (PID=175) to work on /opt/airflow/dags/IA_Treino_Demanda_DAG.py
[2026-08-24T22:30:45.288+0000] {processor.py:830} INFO - Processing file /opt/airflow/dags/IA_Treino_Demanda_DAG.py for tasks to queue
[2026-08-24T22:30:45.290+0000] {logging_mixin.py:188} INFO - [2026-08-24T22:30:45.289+0000] {dagbag.py:545} INFO - Filling up the DagBag from /opt/airflow/dags/IA_Treino_Demanda_DAG.py
[2026-08-24T22:30:45.700+0000] {processor.py:840} INFO - DAG(s) 'Acougue_Previsao_Demanda' retrieved from /opt/airflow/dags/IA_Treino_Demanda_DAG.py
[2026-08-24T22:30:45.837+0000] {logging_mixin.py:188} INFO - [2026-08-24T22:30:45.836+0000] {dag.py:3096} INFO - Sync 1 DAGs
[2026-08-24T22:30:45.867+0000] {logging_mixin.py:188} INFO - [2026-08-24T22:30:45.867+0000] {dag.py:3954} INFO - Setting next_dagrun for Acougue_Previsao_Demanda to 2026-08-24 00:00:00+00:00, run_after=2026-08-25 00:00:00+00:00
[2026-08-24T22:30:45.892+0000] {processor.py:183} INFO - Processing /opt/airflow/dags/IA_Treino_Demanda_DAG.py took 0.613 seconds
[2026-08-24T22:31:16.517+0000] {processor.py:161} INFO - Started process (PID=191) to work on /opt/airflow/dags/IA_Treino_Demanda_DAG.py
[2026-08-24T22:31:16.519+0000] {processor.py:830} INFO - Processing file /opt/airflow/dags/IA_Treino_Demanda_DAG.py for tasks to queue
[2026-08-24T22:31:16.520+0000] {logging_mixin.py:188} INFO - [2026-08-24T22:31:16.520+0000] {dagbag.py:545} INFO - Filling up the DagBag from /opt/airflow/dags/IA_Treino_Demanda_DAG.py
[2026-08-24T22:31:16.951+0000] {processor.py:840} INFO - DAG(s) 'Acougue_Previsao_Demanda' retrieved from /opt/airflow/dags/IA_Treino_Demanda_DAG.py
[2026-08-24T22:31:16.987+0000] {logging_mixin.py:188} INFO - [2026-08-24T22:31:16.987+0000] {dag.py:3096} INFO - Sync 1 DAGs
[2026-08-24T22:31:17.019+0000] {logging_mixin.py:188} INFO - [2026-08-24T22:31:17.019+0000] {dag.py:3954} INFO - Setting next_dagrun for Acougue_Previsao_Demanda to 2026-08-24 00:00:00+00:00, run_after=2026-08-25 00:00:00+00:00
[2026-08-24T22:31:17.041+0000] {processor.py:183} INFO - Processing /opt/airflow/dags/IA_Treino_Demanda_DAG.py took 0.531 seconds
[2026-08-24T22:31:47.256+0000] {processor.py:161} INFO - Started process (PID=207) to work on /opt/airflow/dags/IA_Treino_Demanda_DAG.py
[2026-08-24T22:31:47.257+0000] {processor.py:830} INFO - Processing file /opt/airflow/dags/IA_Treino_Demanda_DAG.py for tasks to queue
[2026-08-24T22:31:47.260+0000] {logging_mixin.py:188} INFO - [2026-08-24T22:31:47.259+0000] {dagbag.py:545} INFO - Filling up the DagBag from /opt/airflow/dags/IA_Treino_Demanda_DAG.py
[2026-08-24T22:31:47.658+0000] {processor.py:840} INFO - DAG(s) 'Acougue_Previsao_Demanda' retrieved from /opt/airflow/dags/IA_Treino_Demanda_DAG.py
[2026-08-24T22:31:47.693+0000] {logging_mixin.py:188} INFO - [2026-08-24T22:31:47.693+0000] {dag.py:3096} INFO - Sync 1 DAGs
[2026-08-24T22:31:47.726+0000] {logging_mixin.py:188} INFO - [2026-08-24T22:31:47.725+0000] {dag.py:3954} INFO - Setting next_dagrun for Acougue_Previsao_Demanda to 2026-08-24 00:00:00+00:00, run_after=2026-08-25 00:00:00+00:00
[2026-08-24T22:31:47.750+0000] {processor.py:183} INFO - Processing /opt/airflow/dags/IA_Treino_Demanda_DAG.py took 0.502 seconds
[2026-08-24T22:32:17.981+0000] {processor.py:161} INFO - Started process (PID=223) to work on /opt/airflow/dags/IA_Treino_Demanda_DAG.py
[2026-08-24T22:32:17.982+0000] {processor.py:830} INFO - Processing file /opt/airflow/dags/IA_Treino_Demanda_DAG.py for tasks to queue
[2026-08-24T22:32:17.985+0000] {logging_mixin.py:188} INFO - [2026-08-24T22:32:17.984+0000] {dagbag.py:545} INFO - Filling up the DagBag from /opt/airflow/dags/IA_Treino_Demanda_DAG.py
[2026-08-24T22:32:18.403+0000] {processor.py:840} INFO - DAG(s) 'Acougue_Previsao_Demanda' retrieved from /opt/airflow/dags/IA_Treino_Demanda_DAG.py
[2026-08-24T22:32:18.442+0000] {logging_mixin.py:188} INFO - [2026-08-24T22:32:18.441+0000] {dag.py:3096} INFO - Sync 1 DAGs
[2026-08-24T22:32:18.475+0000] {logging_mixin.py:188} INFO - [2026-08-24T22:32:18.474+0000] {dag.py:3954} INFO - Setting next_dagrun for Acougue_Previsao_Demanda to 2026-08-24 00:00:00+00:00, run_after=2026-08-25 00:00:00+00:00
[2026-08-24T22:32:18.502+0000] {processor.py:183} INFO - Processing /opt/airflow/dags/IA_Treino_Demanda_DAG.py took 0.529 seconds
[2026-08-24T22:32:49.158+0000] {processor.py:161} INFO - Started process (PID=239) to work on /opt/airflow/dags/IA_Treino_Demanda_DAG.py
[2026-08-24T22:32:49.159+0000] {processor.py:830} INFO - Processing file /opt/airflow/dags/IA_Treino_Demanda_DAG.py for tasks to queue
[2026-08-24T22:32:49.161+0000] {logging_mixin.py:188} INFO - [2026-08-24T22:32:49.161+0000] {dagbag.py:545} INFO - Filling up the DagBag from /opt/airflow/dags/IA_Treino_Demanda_DAG.py
[2026-08-24T22:32:49.536+0000] {processor.py:840} INFO - DAG(s) 'Acougue_Previsao_Demanda' retrieved from /opt/airflow/dags/IA_Treino_Demanda_DAG.py
[2026-08-24T22:32:49.568+0000] {logging_mixin.py:188} INFO - [2026-08-24T22:32:49.568+0000] {dag.py:3096} INFO - Sync 1 DAGs
[2026-08-24T22:32:49.594+0000] {logging_mixin.py:188} INFO - [2026-08-24T22:32:49.594+0000] {dag.py:3954} INFO - Setting next_dagrun for Acougue_Previsao_Demanda to 2026-08-24 00:00:00+00:00, run_after=2026-08-25 00:00:00+00:00
[2026-08-24T22:32:49.612+0000] {processor.py:183} INFO - Processing /opt/airflow/dags/IA_Treino_Demanda_DAG.py took 0.464 seconds
[2026-08-24T22:33:19.851+0000] {processor.py:161} INFO - Started process (PID=255) to work on /opt/airflow/dags/IA_Treino_Demanda_DAG.py
[2026-08-24T22:33:19.852+0000] {processor.py:830} INFO - Processing file /opt/airflow/dags/IA_Treino_Demanda_DAG.py for tasks to queue
[2026-08-24T22:33:19.854+0000] {logging_mixin.py:188} INFO - [2026-08-24T22:33:19.854+0000] {dagbag.py:545} INFO - Filling up the DagBag from /opt/airflow/dags/IA_Treino_Demanda_DAG.py
[2026-08-24T22:33:20.246+0000] {processor.py:840} INFO - DAG(s) 'Acougue_Previsao_Demanda' retrieved from /opt/airflow/dags/IA_Treino_Demanda_DAG.py
[2026-08-24T22:33:20.279+0000] {logging_mixin.py:188} INFO - [2026-08-24T22:33:20.278+0000] {dag.py:3096} INFO - Sync 1 DAGs
[2026-08-24T22:33:20.309+0000] {logging_mixin.py:188} INFO - [2026-08-24T22:33:20.308+0000] {dag.py:3954} INFO - Setting next_dagrun for Acougue_Previsao_Demanda to 2026-08-24 00:00:00+00:00, run_after=2026-08-25 00:00:00+00:00
[2026-08-24T22:33:20.328+0000] {processor.py:183} INFO - Processing /opt/airflow/dags/IA_Treino_Demanda_DAG.py took 0.485 seconds
[2026-08-24T22:33:50.539+0000] {processor.py:161} INFO - Started process (PID=271) to work on /opt/airflow/dags/IA_Treino_Demanda_DAG.py
[2026-08-24T22:33:50.541+0000] {processor.py:830} INFO - Processing file /opt/airflow/dags/IA_Treino_Demanda_DAG.py for tasks to queue
[2026-08-24T22:33:50.543+0000] {logging_mixin.py:188} INFO - [2026-08-24T22:33:50.542+0000] {dagbag.py:545} INFO - Filling up the DagBag from /opt/airflow/dags/IA_Treino_Demanda_DAG.py
[2026-08-24T22:33:50.942+0000] {processor.py:840} INFO - DAG(s) 'Acougue_Previsao_Demanda' retrieved from /opt/airflow/dags/IA_Treino_Demanda_DAG.py
[2026-08-24T22:33:50.982+0000] {logging_mixin.py:188} INFO - [2026-08-24T22:33:50.981+0000] {dag.py:3096} INFO - Sync 1 DAGs
[2026-08-24T22:33:51.015+0000] {logging_mixin.py:188} INFO - [2026-08-24T22:33:51.014+0000] {dag.py:3954} INFO - Setting next_dagrun for Acougue_Previsao_Demanda to 2026-08-24 00:00:00+00:00, run_after=2026-08-25 00:00:00+00:00
[2026-08-24T22:33:51.044+0000] {processor.py:183} INFO - Processing /opt/airflow/dags/IA_Treino_Demanda_DAG.py took 0.514 seconds
[2026-08-24T22:34:21.335+0000] {processor.py:161} INFO - Started process (PID=287) to work on /opt/airflow/dags/IA_Treino_Demanda_DAG.py
[2026-08-24T22:34:21.337+0000] {processor.py:830} INFO - Processing file /opt/airflow/dags/IA_Treino_Demanda_DAG.py for tasks to queue
[2026-08-24T22:34:21.339+0000] {logging_mixin.py:188} INFO - [2026-08-24T22:34:21.338+0000] {dagbag.py:545} INFO - Filling up the DagBag from /opt/airflow/dags/IA_Treino_Demanda_DAG.py
[2026-08-24T22:34:21.758+0000] {processor.py:840} INFO - DAG(s) 'Acougue_Previsao_Demanda' retrieved from /opt/airflow/dags/IA_Treino_Demanda_DAG.py
[2026-08-24T22:34:21.797+0000] {logging_mixin.py:188} INFO - [2026-08-24T22:34:21.797+0000] {dag.py:3096} INFO - Sync 1 DAGs
[2026-08-24T22:34:21.829+0000] {logging_mixin.py:188} INFO - [2026-08-24T22:34:21.828+0000] {dag.py:3954} INFO - Setting next_dagrun for Acougue_Previsao_Demanda to 2026-08-24 00:00:00+00:00, run_after=2026-08-25 00:00:00+00:00
[2026-08-24T22:34:21.848+0000] {processor.py:183} INFO - Processing /opt/airflow/dags/IA_Treino_Demanda_DAG.py took 0.522 seconds
[2026-08-24T22:34:52.058+0000] {processor.py:161} INFO - Started process (PID=303) to work on /opt/airflow/dags/IA_Treino_Demanda_DAG.py
[2026-08-24T22:34:52.061+0000] {processor.py:830} INFO - Processing file /opt/airflow/dags/IA_Treino_Demanda_DAG.py for tasks to queue
[2026-08-24T22:34:52.064+0000] {logging_mixin.py:188} INFO - [2026-08-24T22:34:52.063+0000] {dagbag.py:545} INFO - Filling up the DagBag from /opt/airflow/dags/IA_Treino_Demanda_DAG.py
[2026-08-24T22:34:52.467+0000] {processor.py:840} INFO - DAG(s) 'Acougue_Previsao_Demanda' retrieved from /opt/airflow/dags/IA_Treino_Demanda_DAG.py
[2026-08-24T22:34:52.494+0000] {logging_mixin.py:188} INFO - [2026-08-24T22:34:52.494+0000] {dag.py:3096} INFO - Sync 1 DAGs
[2026-08-24T22:34:52.518+0000] {logging_mixin.py:188} INFO - [2026-08-24T22:34:52.517+0000] {dag.py:3954} INFO - Setting next_dagrun for Acougue_Previsao_Demanda to 2026-08-24 00:00:00+00:00, run_after=2026-08-25 00:00:00+00:00
[2026-08-24T22:34:52.535+0000] {processor.py:183} INFO - Processing /opt/airflow/dags/IA_Treino_Demanda_DAG.py took 0.486 seconds
[2026-08-24T22:35:22.798+0000] {processor.py:161} INFO - Started process (PID=319) to work on /opt/airflow/dags/IA_Treino_Demanda_DAG.py
[2026-08-24T22:35:22.801+0000] {processor.py:830} INFO - Processing file /opt/airflow/dags/IA_Treino_Demanda_DAG.py for tasks to queue
[2026-08-24T22:35:22.803+0000] {logging_mixin.py:188} INFO - [2026-08-24T22:35:22.803+0000] {dagbag.py:545} INFO - Filling up the DagBag from /opt/airflow/dags/IA_Treino_Demanda_DAG.py
[2026-08-24T22:35:23.204+0000] {processor.py:840} INFO - DAG(s) 'Acougue_Previsao_Demanda' retrieved from /opt/airflow/dags/IA_Treino_Demanda_DAG.py
[2026-08-24T22:35:23.237+0000] {logging_mixin.py:188} INFO - [2026-08-24T22:35:23.237+0000] {dag.py:3096} INFO - Sync 1 DAGs
[2026-08-24T22:35:23.264+0000] {logging_mixin.py:188} INFO - [2026-08-24T22:35:23.263+0000] {dag.py:3954} INFO - Setting next_dagrun for Acougue_Previsao_Demanda to 2026-08-24 00:00:00+00:00, run_after=2026-08-25 00:00:00+00:00
[2026-08-24T22:35:23.283+0000] {processor.py:183} INFO - Processing /opt/airflow/dags/IA_Treino_Demanda_DAG.py took 0.495 seconds
[2026-08-24T22:35:53.464+0000] {processor.py:161} INFO - Started process (PID=335) to work on /opt/airflow/dags/IA_Treino_Demanda_DAG.py
[2026-08-24T22:35:53.465+0000] {processor.py:830} INFO - Processing file /opt/airflow/dags/IA_Treino_Demanda_DAG.py for tasks to queue
[2026-08-24T22:35:53.468+0000] {logging_mixin.py:188} INFO - [2026-08-24T22:35:53.467+0000] {dagbag.py:545} INFO - Filling up the DagBag from /opt/airflow/dags/IA_Treino_Demanda_DAG.py
[2026-08-24T22:35:53.848+0000] {processor.py:840} INFO - DAG(s) 'Acougue_Previsao_Demanda' retrieved from /opt/airflow/dags/IA_Treino_Demanda_DAG.py
[2026-08-24T22:35:53.877+0000] {logging_mixin.py:188} INFO - [2026-08-24T22:35:53.876+0000] {dag.py:3096} INFO - Sync 1 DAGs
[2026-08-24T22:35:53.908+0000] {logging_mixin.py:188} INFO - [2026-08-24T22:35:53.907+0000] {dag.py:3954} INFO - Setting next_dagrun for Acougue_Previsao_Demanda to 2026-08-24 00:00:00+00:00, run_after=2026-08-25 00:00:00+00:00
[2026-08-24T22:35:53.932+0000] {processor.py:183} INFO - Processing /opt/airflow/dags/IA_Treino_Demanda_DAG.py took 0.478 seconds
[2026-08-24T22:36:24.676+0000] {processor.py:161} INFO - Started process (PID=351) to work on /opt/airflow/dags/IA_Treino_Demanda_DAG.py
[2026-08-24T22:36:24.679+0000] {processor.py:830} INFO - Processing file /opt/airflow/dags/IA_Treino_Demanda_DAG.py for tasks to queue
[2026-08-24T22:36:24.682+0000] {logging_mixin.py:188} INFO - [2026-08-24T22:36:24.681+0000] {dagbag.py:545} INFO - Filling up the DagBag from /opt/airflow/dags/IA_Treino_Demanda_DAG.py
[2026-08-24T22:36:25.037+0000] {processor.py:840} INFO - DAG(s) 'Acougue_Previsao_Demanda' retrieved from /opt/airflow/dags/IA_Treino_Demanda_DAG.py
[2026-08-24T22:36:25.071+0000] {logging_mixin.py:188} INFO - [2026-08-24T22:36:25.070+0000] {dag.py:3096} INFO - Sync 1 DAGs
[2026-08-24T22:36:25.095+0000] {logging_mixin.py:188} INFO - [2026-08-24T22:36:25.095+0000] {dag.py:3954} INFO - Setting next_dagrun for Acougue_Previsao_Demanda to 2026-08-24 00:00:00+00:00, run_after=2026-08-25 00:00:00+00:00
[2026-08-24T22:36:25.114+0000] {processor.py:183} INFO - Processing /opt/airflow/dags/IA_Treino_Demanda_DAG.py took 0.445 seconds
[2026-08-24T22:36:55.310+0000] {processor.py:161} INFO - Started process (PID=367) to work on /opt/airflow/dags/IA_Treino_Demanda_DAG.py
[2026-08-24T22:36:55.311+0000] {processor.py:830} INFO - Processing file /opt/airflow/dags/IA_Treino_Demanda_DAG.py for tasks to queue
[2026-08-24T22:36:55.313+0000] {logging_mixin.py:188} INFO - [2026-08-24T22:36:55.313+0000] {dagbag.py:545} INFO - Filling up the DagBag from /opt/airflow/dags/IA_Treino_Demanda_DAG.py
[2026-08-24T22:36:55.714+0000] {processor.py:840} INFO - DAG(s) 'Acougue_Previsao_Demanda' retrieved from /opt/airflow/dags/IA_Treino_Demanda_DAG.py
[2026-08-24T22:36:55.743+0000] {logging_mixin.py:188} INFO - [2026-08-24T22:36:55.742+0000] {dag.py:3096} INFO - Sync 1 DAGs
[2026-08-24T22:36:55.776+0000] {logging_mixin.py:188} INFO - [2026-08-24T22:36:55.776+0000] {dag.py:3954} INFO - Setting next_dagrun for Acougue_Previsao_Demanda to 2026-08-24 00:00:00+00:00, run_after=2026-08-25 00:00:00+00:00
[2026-08-24T22:36:55.798+0000] {processor.py:183} INFO - Processing /opt/airflow/dags/IA_Treino_Demanda_DAG.py took 0.497 seconds
[2026-08-24T22:37:25.847+0000] {processor.py:161} INFO - Started process (PID=379) to work on /opt/airflow/dags/IA_Treino_Demanda_DAG.py
[2026-08-24T22:37:25.848+0000] {processor.py:830} INFO - Processing file /opt/airflow/dags/IA_Treino_Demanda_DAG.py for tasks to queue
[2026-08-24T22:37:25.850+0000] {logging_mixin.py:188} INFO - [2026-08-24T22:37:25.850+0000] {dagbag.py:545} INFO - Filling up the DagBag from /opt/airflow/dags/IA_Treino_Demanda_DAG.py
[2026-08-24T22:37:26.248+0000] {processor.py:840} INFO - DAG(s) 'Acougue_Previsao_Demanda' retrieved from /opt/airflow/dags/IA_Treino_Demanda_DAG.py
[2026-08-24T22:37:26.279+0000] {logging_mixin.py:188} INFO - [2026-08-24T22:37:26.278+0000] {dag.py:3096} INFO - Sync 1 DAGs
[2026-08-24T22:37:26.306+0000] {logging_mixin.py:188} INFO - [2026-08-24T22:37:26.306+0000] {dag.py:3954} INFO - Setting next_dagrun for Acougue_Previsao_Demanda to 2026-08-24 00:00:00+00:00, run_after=2026-08-25 00:00:00+00:00
[2026-08-24T22:37:26.323+0000] {processor.py:183} INFO - Processing /opt/airflow/dags/IA_Treino_Demanda_DAG.py took 0.485 seconds
[2026-08-24T22:37:56.555+0000] {processor.py:161} INFO - Started process (PID=390) to work on /opt/airflow/dags/IA_Treino_Demanda_DAG.py
[2026-08-24T22:37:56.556+0000] {processor.py:830} INFO - Processing file /opt/airflow/dags/IA_Treino_Demanda_DAG.py for tasks to queue
[2026-08-24T22:37:56.558+0000] {logging_mixin.py:188} INFO - [2026-08-24T22:37:56.557+0000] {dagbag.py:545} INFO - Filling up the DagBag from /opt/airflow/dags/IA_Treino_Demanda_DAG.py
[2026-08-24T22:37:56.926+0000] {processor.py:840} INFO - DAG(s) 'Acougue_Previsao_Demanda' retrieved from /opt/airflow/dags/IA_Treino_Demanda_DAG.py
[2026-08-24T22:37:56.969+0000] {logging_mixin.py:188} INFO - [2026-08-24T22:37:56.969+0000] {dag.py:3096} INFO - Sync 1 DAGs
[2026-08-24T22:37:57.003+0000] {logging_mixin.py:188} INFO - [2026-08-24T22:37:57.002+0000] {dag.py:3954} INFO - Setting next_dagrun for Acougue_Previsao_Demanda to 2026-08-24 00:00:00+00:00, run_after=2026-08-25 00:00:00+00:00
[2026-08-24T22:37:57.038+0000] {processor.py:183} INFO - Processing /opt/airflow/dags/IA_Treino_Demanda_DAG.py took 0.490 seconds
[2026-08-24T22:38:27.214+0000] {processor.py:161} INFO - Started process (PID=406) to work on /opt/airflow/dags/IA_Treino_Demanda_DAG.py
[2026-08-24T22:38:27.216+0000] {processor.py:830} INFO - Processing file /opt/airflow/dags/IA_Treino_Demanda_DAG.py for tasks to queue
[2026-08-24T22:38:27.218+0000] {logging_mixin.py:188} INFO - [2026-08-24T22:38:27.217+0000] {dagbag.py:545} INFO - Filling up the DagBag from /opt/airflow/dags/IA_Treino_Demanda_DAG.py
[2026-08-24T22:38:27.616+0000] {processor.py:840} INFO - DAG(s) 'Acougue_Previsao_Demanda' retrieved from /opt/airflow/dags/IA_Treino_Demanda_DAG.py
[2026-08-24T22:38:27.654+0000] {logging_mixin.py:188} INFO - [2026-08-24T22:38:27.654+0000] {dag.py:3096} INFO - Sync 1 DAGs
[2026-08-24T22:38:27.694+0000] {logging_mixin.py:188} INFO - [2026-08-24T22:38:27.692+0000] {dag.py:3954} INFO - Setting next_dagrun for Acougue_Previsao_Demanda to 2026-08-24 00:00:00+00:00, run_after=2026-08-25 00:00:00+00:00
[2026-08-24T22:38:27.755+0000] {processor.py:183} INFO - Processing /opt/airflow/dags/IA_Treino_Demanda_DAG.py took 0.549 seconds
[2026-08-24T22:38:58.005+0000] {processor.py:161} INFO - Started process (PID=422) to work on /opt/airflow/dags/IA_Treino_Demanda_DAG.py
[2026-08-24T22:38:58.008+0000] {processor.py:830} INFO - Processing file /opt/airflow/dags/IA_Treino_Demanda_DAG.py for tasks to queue
[2026-08-24T22:38:58.014+0000] {logging_mixin.py:188} INFO - [2026-08-24T22:38:58.013+0000] {dagbag.py:545} INFO - Filling up the DagBag from /opt/airflow/dags/IA_Treino_Demanda_DAG.py
[2026-08-24T22:38:58.418+0000] {processor.py:840} INFO - DAG(s) 'Acougue_Previsao_Demanda' retrieved from /opt/airflow/dags/IA_Treino_Demanda_DAG.py
[2026-08-24T22:38:58.459+0000] {logging_mixin.py:188} INFO - [2026-08-24T22:38:58.458+0000] {dag.py:3096} INFO - Sync 1 DAGs
[2026-08-24T22:38:58.493+0000] {logging_mixin.py:188} INFO - [2026-08-24T22:38:58.492+0000] {dag.py:3954} INFO - Setting next_dagrun for Acougue_Previsao_Demanda to 2026-08-24 00:00:00+00:00, run_after=2026-08-25 00:00:00+00:00
[2026-08-24T22:38:58.527+0000] {processor.py:183} INFO - Processing /opt/airflow/dags/IA_Treino_Demanda_DAG.py took 0.541 seconds
[2026-08-24T22:39:28.820+0000] {processor.py:161} INFO - Started process (PID=438) to work on /opt/airflow/dags/IA_Treino_Demanda_DAG.py
[2026-08-24T22:39:28.823+0000] {processor.py:830} INFO - Processing file /opt/airflow/dags/IA_Treino_Demanda_DAG.py for tasks to queue
[2026-08-24T22:39:28.827+0000] {logging_mixin.py:188} INFO - [2026-08-24T22:39:28.826+0000] {dagbag.py:545} INFO - Filling up the DagBag from /opt/airflow/dags/IA_Treino_Demanda_DAG.py
[2026-08-24T22:39:29.289+0000] {processor.py:840} INFO - DAG(s) 'Acougue_Previsao_Demanda' retrieved from /opt/airflow/dags/IA_Treino_Demanda_DAG.py
[2026-08-24T22:39:29.327+0000] {logging_mixin.py:188} INFO - [2026-08-24T22:39:29.326+0000] {dag.py:3096} INFO - Sync 1 DAGs
[2026-08-24T22:39:29.357+0000] {logging_mixin.py:188} INFO - [2026-08-24T22:39:29.357+0000] {dag.py:3954} INFO - Setting next_dagrun for Acougue_Previsao_Demanda to 2026-08-24 00:00:00+00:00, run_after=2026-08-25 00:00:00+00:00
[2026-08-24T22:39:29.390+0000] {processor.py:183} INFO - Processing /opt/airflow/dags/IA_Treino_Demanda_DAG.py took 0.580 seconds
[2026-08-24T22:39:59.543+0000] {processor.py:161} INFO - Started process (PID=454) to work on /opt/airflow/dags/IA_Treino_Demanda_DAG.py
[2026-08-24T22:39:59.546+0000] {processor.py:830} INFO - Processing file /opt/airflow/dags/IA_Treino_Demanda_DAG.py for tasks to queue
[2026-08-24T22:39:59.548+0000] {logging_mixin.py:188} INFO - [2026-08-24T22:39:59.548+0000] {dagbag.py:545} INFO - Filling up the DagBag from /opt/airflow/dags/IA_Treino_Demanda_DAG.py
[2026-08-24T22:39:59.974+0000] {processor.py:840} INFO - DAG(s) 'Acougue_Previsao_Demanda' retrieved from /opt/airflow/dags/IA_Treino_Demanda_DAG.py
[2026-08-24T22:40:00.021+0000] {logging_mixin.py:188} INFO - [2026-08-24T22:40:00.019+0000] {dag.py:3096} INFO - Sync 1 DAGs
[2026-08-24T22:40:00.089+0000] {logging_mixin.py:188} INFO - [2026-08-24T22:40:00.088+0000] {dag.py:3954} INFO - Setting next_dagrun for Acougue_Previsao_Demanda to 2026-08-24 00:00:00+00:00, run_after=2026-08-25 00:00:00+00:00
[2026-08-24T22:40:00.176+0000] {processor.py:183} INFO - Processing /opt/airflow/dags/IA_Treino_Demanda_DAG.py took 0.643 seconds
[2026-08-24T22:40:30.809+0000] {processor.py:161} INFO - Started process (PID=482) to work on /opt/airflow/dags/IA_Treino_Demanda_DAG.py
[2026-08-24T22:40:30.811+0000] {processor.py:830} INFO - Processing file /opt/airflow/dags/IA_Treino_Demanda_DAG.py for tasks to queue
[2026-08-24T22:40:30.813+0000] {logging_mixin.py:188} INFO - [2026-08-24T22:40:30.812+0000] {dagbag.py:545} INFO - Filling up the DagBag from /opt/airflow/dags/IA_Treino_Demanda_DAG.py
[2026-08-24T22:40:31.205+0000] {processor.py:840} INFO - DAG(s) 'Acougue_Previsao_Demanda' retrieved from /opt/airflow/dags/IA_Treino_Demanda_DAG.py
[2026-08-24T22:40:31.246+0000] {logging_mixin.py:188} INFO - [2026-08-24T22:40:31.245+0000] {dag.py:3096} INFO - Sync 1 DAGs
[2026-08-24T22:40:31.272+0000] {logging_mixin.py:188} INFO - [2026-08-24T22:40:31.272+0000] {dag.py:3954} INFO - Setting next_dagrun for Acougue_Previsao_Demanda to 2026-08-24 00:00:00+00:00, run_after=2026-08-25 00:00:00+00:00
[2026-08-24T22:40:31.298+0000] {processor.py:183} INFO - Processing /opt/airflow/dags/IA_Treino_Demanda_DAG.py took 0.497 seconds
[2026-08-24T22:41:01.529+0000] {processor.py:161} INFO - Started process (PID=498) to work on /opt/airflow/dags/IA_Treino_Demanda_DAG.py
[2026-08-24T22:41:01.530+0000] {processor.py:830} INFO - Processing file /opt/airflow/dags/IA_Treino_Demanda_DAG.py for tasks to queue
[2026-08-24T22:41:01.532+0000] {logging_mixin.py:188} INFO - [2026-08-24T22:41:01.532+0000] {dagbag.py:545} INFO - Filling up the DagBag from /opt/airflow/dags/IA_Treino_Demanda_DAG.py
[2026-08-24T22:41:02.062+0000] {processor.py:840} INFO - DAG(s) 'Acougue_Previsao_Demanda' retrieved from /opt/airflow/dags/IA_Treino_Demanda_DAG.py
[2026-08-24T22:41:02.100+0000] {logging_mixin.py:188} INFO - [2026-08-24T22:41:02.099+0000] {dag.py:3096} INFO - Sync 1 DAGs
[2026-08-24T22:41:02.135+0000] {logging_mixin.py:188} INFO - [2026-08-24T22:41:02.134+0000] {dag.py:3954} INFO - Setting next_dagrun for Acougue_Previsao_Demanda to 2026-08-24 00:00:00+00:00, run_after=2026-08-25 00:00:00+00:00
[2026-08-24T22:41:02.165+0000] {processor.py:183} INFO - Processing /opt/airflow/dags/IA_Treino_Demanda_DAG.py took 0.646 seconds
[2026-08-24T22:41:32.400+0000] {processor.py:161} INFO - Started process (PID=514) to work on /opt/airflow/dags/IA_Treino_Demanda_DAG.py
[2026-08-24T22:41:32.402+0000] {processor.py:830} INFO - Processing file /opt/airflow/dags/IA_Treino_Demanda_DAG.py for tasks to queue
[2026-08-24T22:41:32.404+0000] {logging_mixin.py:188} INFO - [2026-08-24T22:41:32.403+0000] {dagbag.py:545} INFO - Filling up the DagBag from /opt/airflow/dags/IA_Treino_Demanda_DAG.py
[2026-08-24T22:41:32.789+0000] {processor.py:840} INFO - DAG(s) 'Acougue_Previsao_Demanda' retrieved from /opt/airflow/dags/IA_Treino_Demanda_DAG.py
[2026-08-24T22:41:32.845+0000] {logging_mixin.py:188} INFO - [2026-08-24T22:41:32.845+0000] {dag.py:3096} INFO - Sync 1 DAGs
[2026-08-24T22:41:32.880+0000] {logging_mixin.py:188} INFO - [2026-08-24T22:41:32.879+0000] {dag.py:3954} INFO - Setting next_dagrun for Acougue_Previsao_Demanda to 2026-08-24 00:00:00+00:00, run_after=2026-08-25 00:00:00+00:00
[2026-08-24T22:41:32.909+0000] {processor.py:183} INFO - Processing /opt/airflow/dags/IA_Treino_Demanda_DAG.py took 0.518 seconds
[2026-08-24T22:42:03.178+0000] {processor.py:161} INFO - Started process (PID=530) to work on /opt/airflow/dags/IA_Treino_Demanda_DAG.py
[2026-08-24T22:42:03.183+0000] {processor.py:830} INFO - Processing file /opt/airflow/dags/IA_Treino_Demanda_DAG.py for tasks to queue
[2026-08-24T22:42:03.188+0000] {logging_mixin.py:188} INFO - [2026-08-24T22:42:03.188+0000] {dagbag.py:545} INFO - Filling up the DagBag from /opt/airflow/dags/IA_Treino_Demanda_DAG.py
[2026-08-24T22:42:03.791+0000] {processor.py:840} INFO - DAG(s) 'Acougue_Previsao_Demanda' retrieved from /opt/airflow/dags/IA_Treino_Demanda_DAG.py
[2026-08-24T22:42:03.840+0000] {logging_mixin.py:188} INFO - [2026-08-24T22:42:03.840+0000] {dag.py:3096} INFO - Sync 1 DAGs
[2026-08-24T22:42:03.874+0000] {logging_mixin.py:188} INFO - [2026-08-24T22:42:03.874+0000] {dag.py:3954} INFO - Setting next_dagrun for Acougue_Previsao_Demanda to 2026-08-24 00:00:00+00:00, run_after=2026-08-25 00:00:00+00:00
[2026-08-24T22:42:03.916+0000] {processor.py:183} INFO - Processing /opt/airflow/dags/IA_Treino_Demanda_DAG.py took 0.755 seconds
[2026-08-24T22:42:34.071+0000] {processor.py:161} INFO - Started process (PID=546) to work on /opt/airflow/dags/IA_Treino_Demanda_DAG.py
[2026-08-24T22:42:34.072+0000] {processor.py:830} INFO - Processing file /opt/airflow/dags/IA_Treino_Demanda_DAG.py for tasks to queue
[2026-08-24T22:42:34.075+0000] {logging_mixin.py:188} INFO - [2026-08-24T22:42:34.075+0000] {dagbag.py:545} INFO - Filling up the DagBag from /opt/airflow/dags/IA_Treino_Demanda_DAG.py
[2026-08-24T22:42:34.479+0000] {processor.py:840} INFO - DAG(s) 'Acougue_Previsao_Demanda' retrieved from /opt/airflow/dags/IA_Treino_Demanda_DAG.py
[2026-08-24T22:42:34.518+0000] {logging_mixin.py:188} INFO - [2026-08-24T22:42:34.517+0000] {dag.py:3096} INFO - Sync 1 DAGs
[2026-08-24T22:42:34.553+0000] {logging_mixin.py:188} INFO - [2026-08-24T22:42:34.553+0000] {dag.py:3954} INFO - Setting next_dagrun for Acougue_Previsao_Demanda to 2026-08-24 00:00:00+00:00, run_after=2026-08-25 00:00:00+00:00
[2026-08-24T22:42:34.575+0000] {processor.py:183} INFO - Processing /opt/airflow/dags/IA_Treino_Demanda_DAG.py took 0.512 seconds
[2026-08-24T22:43:04.831+0000] {processor.py:161} INFO - Started process (PID=562) to work on /opt/airflow/dags/IA_Treino_Demanda_DAG.py
[2026-08-24T22:43:04.833+0000] {processor.py:830} INFO - Processing file /opt/airflow/dags/IA_Treino_Demanda_DAG.py for tasks to queue
[2026-08-24T22:43:04.836+0000] {logging_mixin.py:188} INFO - [2026-08-24T22:43:04.836+0000] {dagbag.py:545} INFO - Filling up the DagBag from /opt/airflow/dags/IA_Treino_Demanda_DAG.py
[2026-08-24T22:43:05.297+0000] {processor.py:840} INFO - DAG(s) 'Acougue_Previsao_Demanda' retrieved from /opt/airflow/dags/IA_Treino_Demanda_DAG.py
[2026-08-24T22:43:05.336+0000] {logging_mixin.py:188} INFO - [2026-08-24T22:43:05.335+0000] {dag.py:3096} INFO - Sync 1 DAGs
[2026-08-24T22:43:05.369+0000] {logging_mixin.py:188} INFO - [2026-08-24T22:43:05.368+0000] {dag.py:3954} INFO - Setting next_dagrun for Acougue_Previsao_Demanda to 2026-08-24 00:00:00+00:00, run_after=2026-08-25 00:00:00+00:00
[2026-08-24T22:43:05.401+0000] {processor.py:183} INFO - Processing /opt/airflow/dags/IA_Treino_Demanda_DAG.py took 0.586 seconds
[2026-08-24T22:43:35.656+0000] {processor.py:161} INFO - Started process (PID=578) to work on /opt/airflow/dags/IA_Treino_Demanda_DAG.py
[2026-08-24T22:43:35.657+0000] {processor.py:830} INFO - Processing file /opt/airflow/dags/IA_Treino_Demanda_DAG.py for tasks to queue
[2026-08-24T22:43:35.659+0000] {logging_mixin.py:188} INFO - [2026-08-24T22:43:35.659+0000] {dagbag.py:545} INFO - Filling up the DagBag from /opt/airflow/dags/IA_Treino_Demanda_DAG.py
[2026-08-24T22:43:36.051+0000] {processor.py:840} INFO - DAG(s) 'Acougue_Previsao_Demanda' retrieved from /opt/airflow/dags/IA_Treino_Demanda_DAG.py
[2026-08-24T22:43:36.086+0000] {logging_mixin.py:188} INFO - [2026-08-24T22:43:36.085+0000] {dag.py:3096} INFO - Sync 1 DAGs
[2026-08-24T22:43:36.115+0000] {logging_mixin.py:188} INFO - [2026-08-24T22:43:36.115+0000] {dag.py:3954} INFO - Setting next_dagrun for Acougue_Previsao_Demanda to 2026-08-24 00:00:00+00:00, run_after=2026-08-25 00:00:00+00:00
[2026-08-24T22:43:36.136+0000] {processor.py:183} INFO - Processing /opt/airflow/dags/IA_Treino_Demanda_DAG.py took 0.493 seconds
[2026-08-24T22:44:06.383+0000] {processor.py:161} INFO - Started process (PID=592) to work on /opt/airflow/dags/IA_Treino_Demanda_DAG.py
[2026-08-24T22:44:06.386+0000] {processor.py:830} INFO - Processing file /opt/airflow/dags/IA_Treino_Demanda_DAG.py for tasks to queue
[2026-08-24T22:44:06.389+0000] {logging_mixin.py:188} INFO - [2026-08-24T22:44:06.389+0000] {dagbag.py:545} INFO - Filling up the DagBag from /opt/airflow/dags/IA_Treino_Demanda_DAG.py
[2026-08-24T22:44:06.966+0000] {processor.py:840} INFO - DAG(s) 'Acougue_Previsao_Demanda' retrieved from /opt/airflow/dags/IA_Treino_Demanda_DAG.py
[2026-08-24T22:44:07.017+0000] {logging_mixin.py:188} INFO - [2026-08-24T22:44:07.016+0000] {dag.py:3096} INFO - Sync 1 DAGs
[2026-08-24T22:44:07.078+0000] {logging_mixin.py:188} INFO - [2026-08-24T22:44:07.077+0000] {dag.py:3954} INFO - Setting next_dagrun for Acougue_Previsao_Demanda to 2026-08-24 00:00:00+00:00, run_after=2026-08-25 00:00:00+00:00
[2026-08-24T22:44:07.129+0000] {processor.py:183} INFO - Processing /opt/airflow/dags/IA_Treino_Demanda_DAG.py took 0.757 seconds
[2026-08-24T22:44:37.384+0000] {processor.py:161} INFO - Started process (PID=606) to work on /opt/airflow/dags/IA_Treino_Demanda_DAG.py
[2026-08-24T22:44:37.386+0000] {processor.py:830} INFO - Processing file /opt/airflow/dags/IA_Treino_Demanda_DAG.py for tasks to queue
[2026-08-24T22:44:37.388+0000] {logging_mixin.py:188} INFO - [2026-08-24T22:44:37.388+0000] {dagbag.py:545} INFO - Filling up the DagBag from /opt/airflow/dags/IA_Treino_Demanda_DAG.py
[2026-08-24T22:44:37.841+0000] {processor.py:840} INFO - DAG(s) 'Acougue_Previsao_Demanda' retrieved from /opt/airflow/dags/IA_Treino_Demanda_DAG.py
[2026-08-24T22:44:37.875+0000] {logging_mixin.py:188} INFO - [2026-08-24T22:44:37.875+0000] {dag.py:3096} INFO - Sync 1 DAGs
[2026-08-24T22:44:37.897+0000] {logging_mixin.py:188} INFO - [2026-08-24T22:44:37.897+0000] {dag.py:3954} INFO - Setting next_dagrun for Acougue_Previsao_Demanda to 2026-08-24 00:00:00+00:00, run_after=2026-08-25 00:00:00+00:00
[2026-08-24T22:44:37.914+0000] {processor.py:183} INFO - Processing /opt/airflow/dags/IA_Treino_Demanda_DAG.py took 0.541 seconds
[2026-08-24T22:45:08.154+0000] {processor.py:161} INFO - Started process (PID=617) to work on /opt/airflow/dags/IA_Treino_Demanda_DAG.py
[2026-08-24T22:45:08.156+0000] {processor.py:830} INFO - Processing file /opt/airflow/dags/IA_Treino_Demanda_DAG.py for tasks to queue
[2026-08-24T22:45:08.159+0000] {logging_mixin.py:188} INFO - [2026-08-24T22:45:08.158+0000] {dagbag.py:545} INFO - Filling up the DagBag from /opt/airflow/dags/IA_Treino_Demanda_DAG.py
[2026-08-24T22:45:08.664+0000] {processor.py:840} INFO - DAG(s) 'Acougue_Previsao_Demanda' retrieved from /opt/airflow/dags/IA_Treino_Demanda_DAG.py
[2026-08-24T22:45:08.693+0000] {logging_mixin.py:188} INFO - [2026-08-24T22:45:08.693+0000] {dag.py:3096} INFO - Sync 1 DAGs
[2026-08-24T22:45:08.723+0000] {logging_mixin.py:188} INFO - [2026-08-24T22:45:08.722+0000] {dag.py:3954} INFO - Setting next_dagrun for Acougue_Previsao_Demanda to 2026-08-24 00:00:00+00:00, run_after=2026-08-25 00:00:00+00:00
[2026-08-24T22:45:08.978+0000] {processor.py:183} INFO - Processing /opt/airflow/dags/IA_Treino_Demanda_DAG.py took 0.834 seconds
[2026-08-24T22:45:39.196+0000] {processor.py:161} INFO - Started process (PID=633) to work on /opt/airflow/dags/IA_Treino_Demanda_DAG.py
[2026-08-24T22:45:39.198+0000] {processor.py:830} INFO - Processing file /opt/airflow/dags/IA_Treino_Demanda_DAG.py for tasks to queue
[2026-08-24T22:45:39.200+0000] {logging_mixin.py:188} INFO - [2026-08-24T22:45:39.199+0000] {dagbag.py:545} INFO - Filling up the DagBag from /opt/airflow/dags/IA_Treino_Demanda_DAG.py
[2026-08-24T22:45:39.637+0000] {processor.py:840} INFO - DAG(s) 'Acougue_Previsao_Demanda' retrieved from /opt/airflow/dags/IA_Treino_Demanda_DAG.py
[2026-08-24T22:45:39.671+0000] {logging_mixin.py:188} INFO - [2026-08-24T22:45:39.671+0000] {dag.py:3096} INFO - Sync 1 DAGs
[2026-08-24T22:45:39.701+0000] {logging_mixin.py:188} INFO - [2026-08-24T22:45:39.700+0000] {dag.py:3954} INFO - Setting next_dagrun for Acougue_Previsao_Demanda to 2026-08-24 00:00:00+00:00, run_after=2026-08-25 00:00:00+00:00
[2026-08-24T22:45:39.728+0000] {processor.py:183} INFO - Processing /opt/airflow/dags/IA_Treino_Demanda_DAG.py took 0.540 seconds
[2026-08-24T22:46:10.468+0000] {processor.py:161} INFO - Started process (PID=655) to work on /opt/airflow/dags/IA_Treino_Demanda_DAG.py
[2026-08-24T22:46:10.469+0000] {processor.py:830} INFO - Processing file /opt/airflow/dags/IA_Treino_Demanda_DAG.py for tasks to queue
[2026-08-24T22:46:10.473+0000] {logging_mixin.py:188} INFO - [2026-08-24T22:46:10.473+0000] {dagbag.py:545} INFO - Filling up the DagBag from /opt/airflow/dags/IA_Treino_Demanda_DAG.py
[2026-08-24T22:46:10.996+0000] {processor.py:840} INFO - DAG(s) 'Acougue_Previsao_Demanda' retrieved from /opt/airflow/dags/IA_Treino_Demanda_DAG.py
[2026-08-24T22:46:11.025+0000] {logging_mixin.py:188} INFO - [2026-08-24T22:46:11.025+0000] {dag.py:3096} INFO - Sync 1 DAGs
[2026-08-24T22:46:11.051+0000] {logging_mixin.py:188} INFO - [2026-08-24T22:46:11.050+0000] {dag.py:3954} INFO - Setting next_dagrun for Acougue_Previsao_Demanda to 2026-08-24 00:00:00+00:00, run_after=2026-08-25 00:00:00+00:00
[2026-08-24T22:46:11.074+0000] {processor.py:183} INFO - Processing /opt/airflow/dags/IA_Treino_Demanda_DAG.py took 0.616 seconds
[2026-08-24T22:46:41.248+0000] {processor.py:161} INFO - Started process (PID=671) to work on /opt/airflow/dags/IA_Treino_Demanda_DAG.py
[2026-08-24T22:46:41.250+0000] {processor.py:830} INFO - Processing file /opt/airflow/dags/IA_Treino_Demanda_DAG.py for tasks to queue
[2026-08-24T22:46:41.253+0000] {logging_mixin.py:188} INFO - [2026-08-24T22:46:41.252+0000] {dagbag.py:545} INFO - Filling up the DagBag from /opt/airflow/dags/IA_Treino_Demanda_DAG.py
[2026-08-24T22:46:41.730+0000] {processor.py:840} INFO - DAG(s) 'Acougue_Previsao_Demanda' retrieved from /opt/airflow/dags/IA_Treino_Demanda_DAG.py
[2026-08-24T22:46:41.763+0000] {logging_mixin.py:188} INFO - [2026-08-24T22:46:41.763+0000] {dag.py:3096} INFO - Sync 1 DAGs
[2026-08-24T22:46:41.981+0000] {logging_mixin.py:188} INFO - [2026-08-24T22:46:41.980+0000] {dag.py:3954} INFO - Setting next_dagrun for Acougue_Previsao_Demanda to 2026-08-24 00:00:00+00:00, run_after=2026-08-25 00:00:00+00:00
[2026-08-24T22:46:42.003+0000] {processor.py:183} INFO - Processing /opt/airflow/dags/IA_Treino_Demanda_DAG.py took 0.766 seconds
[2026-08-24T22:47:12.261+0000] {processor.py:161} INFO - Started process (PID=687) to work on /opt/airflow/dags/IA_Treino_Demanda_DAG.py
[2026-08-24T22:47:12.262+0000] {processor.py:830} INFO - Processing file /opt/airflow/dags/IA_Treino_Demanda_DAG.py for tasks to queue
[2026-08-24T22:47:12.264+0000] {logging_mixin.py:188} INFO - [2026-08-24T22:47:12.263+0000] {dagbag.py:545} INFO - Filling up the DagBag from /opt/airflow/dags/IA_Treino_Demanda_DAG.py
[2026-08-24T22:47:12.894+0000] {processor.py:840} INFO - DAG(s) 'Acougue_Previsao_Demanda' retrieved from /opt/airflow/dags/IA_Treino_Demanda_DAG.py
[2026-08-24T22:47:12.985+0000] {logging_mixin.py:188} INFO - [2026-08-24T22:47:12.985+0000] {dag.py:3096} INFO - Sync 1 DAGs
[2026-08-24T22:47:13.029+0000] {logging_mixin.py:188} INFO - [2026-08-24T22:47:13.028+0000] {dag.py:3954} INFO - Setting next_dagrun for Acougue_Previsao_Demanda to 2026-08-24 00:00:00+00:00, run_after=2026-08-25 00:00:00+00:00
[2026-08-24T22:47:13.095+0000] {processor.py:183} INFO - Processing /opt/airflow/dags/IA_Treino_Demanda_DAG.py took 0.848 seconds
[2026-08-24T22:47:43.455+0000] {processor.py:161} INFO - Started process (PID=703) to work on /opt/airflow/dags/IA_Treino_Demanda_DAG.py
[2026-08-24T22:47:43.457+0000] {processor.py:830} INFO - Processing file /opt/airflow/dags/IA_Treino_Demanda_DAG.py for tasks to queue
[2026-08-24T22:47:43.459+0000] {logging_mixin.py:188} INFO - [2026-08-24T22:47:43.459+0000] {dagbag.py:545} INFO - Filling up the DagBag from /opt/airflow/dags/IA_Treino_Demanda_DAG.py
[2026-08-24T22:47:43.844+0000] {processor.py:840} INFO - DAG(s) 'Acougue_Previsao_Demanda' retrieved from /opt/airflow/dags/IA_Treino_Demanda_DAG.py
[2026-08-24T22:47:43.884+0000] {logging_mixin.py:188} INFO - [2026-08-24T22:47:43.884+0000] {dag.py:3096} INFO - Sync 1 DAGs
[2026-08-24T22:47:43.912+0000] {logging_mixin.py:188} INFO - [2026-08-24T22:47:43.911+0000] {dag.py:3954} INFO - Setting next_dagrun for Acougue_Previsao_Demanda to 2026-08-24 00:00:00+00:00, run_after=2026-08-25 00:00:00+00:00
[2026-08-24T22:47:43.931+0000] {processor.py:183} INFO - Processing /opt/airflow/dags/IA_Treino_Demanda_DAG.py took 0.484 seconds
[2026-08-24T22:48:14.696+0000] {processor.py:161} INFO - Started process (PID=721) to work on /opt/airflow/dags/IA_Treino_Demanda_DAG.py
[2026-08-24T22:48:14.697+0000] {processor.py:830} INFO - Processing file /opt/airflow/dags/IA_Treino_Demanda_DAG.py for tasks to queue
[2026-08-24T22:48:14.700+0000] {logging_mixin.py:188} INFO - [2026-08-24T22:48:14.699+0000] {dagbag.py:545} INFO - Filling up the DagBag from /opt/airflow/dags/IA_Treino_Demanda_DAG.py
[2026-08-24T22:48:15.069+0000] {processor.py:840} INFO - DAG(s) 'Acougue_Previsao_Demanda' retrieved from /opt/airflow/dags/IA_Treino_Demanda_DAG.py
[2026-08-24T22:48:15.101+0000] {logging_mixin.py:188} INFO - [2026-08-24T22:48:15.100+0000] {dag.py:3096} INFO - Sync 1 DAGs
[2026-08-24T22:48:15.128+0000] {logging_mixin.py:188} INFO - [2026-08-24T22:48:15.128+0000] {dag.py:3954} INFO - Setting next_dagrun for Acougue_Previsao_Demanda to 2026-08-24 00:00:00+00:00, run_after=2026-08-25 00:00:00+00:00
[2026-08-24T22:48:15.156+0000] {processor.py:183} INFO - Processing /opt/airflow/dags/IA_Treino_Demanda_DAG.py took 0.468 seconds
[2026-08-24T22:48:45.376+0000] {processor.py:161} INFO - Started process (PID=737) to work on /opt/airflow/dags/IA_Treino_Demanda_DAG.py
[2026-08-24T22:48:45.377+0000] {processor.py:830} INFO - Processing file /opt/airflow/dags/IA_Treino_Demanda_DAG.py for tasks to queue
[2026-08-24T22:48:45.380+0000] {logging_mixin.py:188} INFO - [2026-08-24T22:48:45.380+0000] {dagbag.py:545} INFO - Filling up the DagBag from /opt/airflow/dags/IA_Treino_Demanda_DAG.py
[2026-08-24T22:48:45.864+0000] {processor.py:840} INFO - DAG(s) 'Acougue_Previsao_Demanda' retrieved from /opt/airflow/dags/IA_Treino_Demanda_DAG.py
[2026-08-24T22:48:45.895+0000] {logging_mixin.py:188} INFO - [2026-08-24T22:48:45.894+0000] {dag.py:3096} INFO - Sync 1 DAGs
[2026-08-24T22:48:45.923+0000] {logging_mixin.py:188} INFO - [2026-08-24T22:48:45.922+0000] {dag.py:3954} INFO - Setting next_dagrun for Acougue_Previsao_Demanda to 2026-08-24 00:00:00+00:00, run_after=2026-08-25 00:00:00+00:00
[2026-08-24T22:48:45.943+0000] {processor.py:183} INFO - Processing /opt/airflow/dags/IA_Treino_Demanda_DAG.py took 0.576 seconds
[2026-08-24T22:49:16.199+0000] {processor.py:161} INFO - Started process (PID=753) to work on /opt/airflow/dags/IA_Treino_Demanda_DAG.py
[2026-08-24T22:49:16.200+0000] {processor.py:830} INFO - Processing file /opt/airflow/dags/IA_Treino_Demanda_DAG.py for tasks to queue
[2026-08-24T22:49:16.202+0000] {logging_mixin.py:188} INFO - [2026-08-24T22:49:16.202+0000] {dagbag.py:545} INFO - Filling up the DagBag from /opt/airflow/dags/IA_Treino_Demanda_DAG.py
[2026-08-24T22:49:16.597+0000] {processor.py:840} INFO - DAG(s) 'Acougue_Previsao_Demanda' retrieved from /opt/airflow/dags/IA_Treino_Demanda_DAG.py
[2026-08-24T22:49:16.639+0000] {logging_mixin.py:188} INFO - [2026-08-24T22:49:16.638+0000] {dag.py:3096} INFO - Sync 1 DAGs
[2026-08-24T22:49:16.873+0000] {logging_mixin.py:188} INFO - [2026-08-24T22:49:16.872+0000] {dag.py:3954} INFO - Setting next_dagrun for Acougue_Previsao_Demanda to 2026-08-24 00:00:00+00:00, run_after=2026-08-25 00:00:00+00:00
[2026-08-24T22:49:16.907+0000] {processor.py:183} INFO - Processing /opt/airflow/dags/IA_Treino_Demanda_DAG.py took 0.719 seconds
[2026-08-24T22:49:47.200+0000] {processor.py:161} INFO - Started process (PID=769) to work on /opt/airflow/dags/IA_Treino_Demanda_DAG.py
[2026-08-24T22:49:47.201+0000] {processor.py:830} INFO - Processing file /opt/airflow/dags/IA_Treino_Demanda_DAG.py for tasks to queue
[2026-08-24T22:49:47.206+0000] {logging_mixin.py:188} INFO - [2026-08-24T22:49:47.205+0000] {dagbag.py:545} INFO - Filling up the DagBag from /opt/airflow/dags/IA_Treino_Demanda_DAG.py
[2026-08-24T22:49:47.760+0000] {processor.py:840} INFO - DAG(s) 'Acougue_Previsao_Demanda' retrieved from /opt/airflow/dags/IA_Treino_Demanda_DAG.py
[2026-08-24T22:49:47.793+0000] {logging_mixin.py:188} INFO - [2026-08-24T22:49:47.792+0000] {dag.py:3096} INFO - Sync 1 DAGs
[2026-08-24T22:49:47.819+0000] {logging_mixin.py:188} INFO - [2026-08-24T22:49:47.819+0000] {dag.py:3954} INFO - Setting next_dagrun for Acougue_Previsao_Demanda to 2026-08-24 00:00:00+00:00, run_after=2026-08-25 00:00:00+00:00
[2026-08-24T22:49:47.838+0000] {processor.py:183} INFO - Processing /opt/airflow/dags/IA_Treino_Demanda_DAG.py took 0.646 seconds
[2026-08-24T22:50:18.147+0000] {processor.py:161} INFO - Started process (PID=782) to work on /opt/airflow/dags/IA_Treino_Demanda_DAG.py
[2026-08-24T22:50:18.149+0000] {processor.py:830} INFO - Processing file /opt/airflow/dags/IA_Treino_Demanda_DAG.py for tasks to queue
[2026-08-24T22:50:18.151+0000] {logging_mixin.py:188} INFO - [2026-08-24T22:50:18.151+0000] {dagbag.py:545} INFO - Filling up the DagBag from /opt/airflow/dags/IA_Treino_Demanda_DAG.py
[2026-08-24T22:50:18.953+0000] {processor.py:840} INFO - DAG(s) 'Acougue_Previsao_Demanda' retrieved from /opt/airflow/dags/IA_Treino_Demanda_DAG.py
[2026-08-24T22:50:18.990+0000] {logging_mixin.py:188} INFO - [2026-08-24T22:50:18.989+0000] {dag.py:3096} INFO - Sync 1 DAGs
[2026-08-24T22:50:19.031+0000] {logging_mixin.py:188} INFO - [2026-08-24T22:50:19.030+0000] {dag.py:3954} INFO - Setting next_dagrun for Acougue_Previsao_Demanda to 2026-08-24 00:00:00+00:00, run_after=2026-08-25 00:00:00+00:00
[2026-08-24T22:50:19.055+0000] {processor.py:183} INFO - Processing /opt/airflow/dags/IA_Treino_Demanda_DAG.py took 0.919 seconds
[2026-08-24T22:50:49.302+0000] {processor.py:161} INFO - Started process (PID=796) to work on /opt/airflow/dags/IA_Treino_Demanda_DAG.py
[2026-08-24T22:50:49.305+0000] {processor.py:830} INFO - Processing file /opt/airflow/dags/IA_Treino_Demanda_DAG.py for tasks to queue
[2026-08-24T22:50:49.310+0000] {logging_mixin.py:188} INFO - [2026-08-24T22:50:49.309+0000] {dagbag.py:545} INFO - Filling up the DagBag from /opt/airflow/dags/IA_Treino_Demanda_DAG.py
[2026-08-24T22:50:50.359+0000] {processor.py:840} INFO - DAG(s) 'Acougue_Previsao_Demanda' retrieved from /opt/airflow/dags/IA_Treino_Demanda_DAG.py
[2026-08-24T22:50:50.434+0000] {logging_mixin.py:188} INFO - [2026-08-24T22:50:50.434+0000] {dag.py:3096} INFO - Sync 1 DAGs
[2026-08-24T22:50:50.837+0000] {logging_mixin.py:188} INFO - [2026-08-24T22:50:50.836+0000] {dag.py:3954} INFO - Setting next_dagrun for Acougue_Previsao_Demanda to 2026-08-24 00:00:00+00:00, run_after=2026-08-25 00:00:00+00:00
[2026-08-24T22:50:50.877+0000] {processor.py:183} INFO - Processing /opt/airflow/dags/IA_Treino_Demanda_DAG.py took 1.606 seconds
[2026-08-24T22:51:21.480+0000] {processor.py:161} INFO - Started process (PID=808) to work on /opt/airflow/dags/IA_Treino_Demanda_DAG.py
[2026-08-24T22:51:21.481+0000] {processor.py:830} INFO - Processing file /opt/airflow/dags/IA_Treino_Demanda_DAG.py for tasks to queue
[2026-08-24T22:51:21.483+0000] {logging_mixin.py:188} INFO - [2026-08-24T22:51:21.483+0000] {dagbag.py:545} INFO - Filling up the DagBag from /opt/airflow/dags/IA_Treino_Demanda_DAG.py
[2026-08-24T22:51:21.864+0000] {processor.py:840} INFO - DAG(s) 'Acougue_Previsao_Demanda' retrieved from /opt/airflow/dags/IA_Treino_Demanda_DAG.py
[2026-08-24T22:51:22.077+0000] {logging_mixin.py:188} INFO - [2026-08-24T22:51:22.077+0000] {dag.py:3096} INFO - Sync 1 DAGs
[2026-08-24T22:51:22.103+0000] {logging_mixin.py:188} INFO - [2026-08-24T22:51:22.103+0000] {dag.py:3954} INFO - Setting next_dagrun for Acougue_Previsao_Demanda to 2026-08-24 00:00:00+00:00, run_after=2026-08-25 00:00:00+00:00
[2026-08-24T22:51:22.123+0000] {processor.py:183} INFO - Processing /opt/airflow/dags/IA_Treino_Demanda_DAG.py took 0.652 seconds
[2026-08-24T22:51:52.342+0000] {processor.py:161} INFO - Started process (PID=824) to work on /opt/airflow/dags/IA_Treino_Demanda_DAG.py
[2026-08-24T22:51:52.346+0000] {processor.py:830} INFO - Processing file /opt/airflow/dags/IA_Treino_Demanda_DAG.py for tasks to queue
[2026-08-24T22:51:52.350+0000] {logging_mixin.py:188} INFO - [2026-08-24T22:51:52.349+0000] {dagbag.py:545} INFO - Filling up the DagBag from /opt/airflow/dags/IA_Treino_Demanda_DAG.py
[2026-08-24T22:51:52.740+0000] {processor.py:840} INFO - DAG(s) 'Acougue_Previsao_Demanda' retrieved from /opt/airflow/dags/IA_Treino_Demanda_DAG.py
[2026-08-24T22:51:52.771+0000] {logging_mixin.py:188} INFO - [2026-08-24T22:51:52.771+0000] {dag.py:3096} INFO - Sync 1 DAGs
[2026-08-24T22:51:52.799+0000] {logging_mixin.py:188} INFO - [2026-08-24T22:51:52.798+0000] {dag.py:3954} INFO - Setting next_dagrun for Acougue_Previsao_Demanda to 2026-08-24 00:00:00+00:00, run_after=2026-08-25 00:00:00+00:00
[2026-08-24T22:51:52.823+0000] {processor.py:183} INFO - Processing /opt/airflow/dags/IA_Treino_Demanda_DAG.py took 0.491 seconds
[2026-08-24T22:52:22.949+0000] {processor.py:161} INFO - Started process (PID=840) to work on /opt/airflow/dags/IA_Treino_Demanda_DAG.py
[2026-08-24T22:52:22.950+0000] {processor.py:830} INFO - Processing file /opt/airflow/dags/IA_Treino_Demanda_DAG.py for tasks to queue
[2026-08-24T22:52:22.953+0000] {logging_mixin.py:188} INFO - [2026-08-24T22:52:22.952+0000] {dagbag.py:545} INFO - Filling up the DagBag from /opt/airflow/dags/IA_Treino_Demanda_DAG.py
[2026-08-24T22:52:23.367+0000] {processor.py:840} INFO - DAG(s) 'Acougue_Previsao_Demanda' retrieved from /opt/airflow/dags/IA_Treino_Demanda_DAG.py
[2026-08-24T22:52:23.401+0000] {logging_mixin.py:188} INFO - [2026-08-24T22:52:23.400+0000] {dag.py:3096} INFO - Sync 1 DAGs
[2026-08-24T22:52:23.598+0000] {logging_mixin.py:188} INFO - [2026-08-24T22:52:23.597+0000] {dag.py:3954} INFO - Setting next_dagrun for Acougue_Previsao_Demanda to 2026-08-24 00:00:00+00:00, run_after=2026-08-25 00:00:00+00:00
[2026-08-24T22:52:23.622+0000] {processor.py:183} INFO - Processing /opt/airflow/dags/IA_Treino_Demanda_DAG.py took 0.684 seconds
[2026-08-24T22:52:53.822+0000] {processor.py:161} INFO - Started process (PID=856) to work on /opt/airflow/dags/IA_Treino_Demanda_DAG.py
[2026-08-24T22:52:53.824+0000] {processor.py:830} INFO - Processing file /opt/airflow/dags/IA_Treino_Demanda_DAG.py for tasks to queue
[2026-08-24T22:52:53.828+0000] {logging_mixin.py:188} INFO - [2026-08-24T22:52:53.827+0000] {dagbag.py:545} INFO - Filling up the DagBag from /opt/airflow/dags/IA_Treino_Demanda_DAG.py
[2026-08-24T22:52:54.272+0000] {processor.py:840} INFO - DAG(s) 'Acougue_Previsao_Demanda' retrieved from /opt/airflow/dags/IA_Treino_Demanda_DAG.py
[2026-08-24T22:52:54.308+0000] {logging_mixin.py:188} INFO - [2026-08-24T22:52:54.307+0000] {dag.py:3096} INFO - Sync 1 DAGs
[2026-08-24T22:52:54.338+0000] {logging_mixin.py:188} INFO - [2026-08-24T22:52:54.337+0000] {dag.py:3954} INFO - Setting next_dagrun for Acougue_Previsao_Demanda to 2026-08-24 00:00:00+00:00, run_after=2026-08-25 00:00:00+00:00
[2026-08-24T22:52:54.360+0000] {processor.py:183} INFO - Processing /opt/airflow/dags/IA_Treino_Demanda_DAG.py took 0.547 seconds
[2026-08-24T22:53:24.670+0000] {processor.py:161} INFO - Started process (PID=878) to work on /opt/airflow/dags/IA_Treino_Demanda_DAG.py
[2026-08-24T22:53:24.672+0000] {processor.py:830} INFO - Processing file /opt/airflow/dags/IA_Treino_Demanda_DAG.py for tasks to queue
[2026-08-24T22:53:24.676+0000] {logging_mixin.py:188} INFO - [2026-08-24T22:53:24.676+0000] {dagbag.py:545} INFO - Filling up the DagBag from /opt/airflow/dags/IA_Treino_Demanda_DAG.py
[2026-08-24T22:53:25.186+0000] {processor.py:840} INFO - DAG(s) 'Acougue_Previsao_Demanda' retrieved from /opt/airflow/dags/IA_Treino_Demanda_DAG.py
[2026-08-24T22:53:25.220+0000] {logging_mixin.py:188} INFO - [2026-08-24T22:53:25.219+0000] {dag.py:3096} INFO - Sync 1 DAGs
[2026-08-24T22:53:25.429+0000] {logging_mixin.py:188} INFO - [2026-08-24T22:53:25.429+0000] {dag.py:3954} INFO - Setting next_dagrun for Acougue_Previsao_Demanda to 2026-08-24 00:00:00+00:00, run_after=2026-08-25 00:00:00+00:00
[2026-08-24T22:53:25.448+0000] {processor.py:183} INFO - Processing /opt/airflow/dags/IA_Treino_Demanda_DAG.py took 0.790 seconds
[2026-08-24T22:53:55.660+0000] {processor.py:161} INFO - Started process (PID=894) to work on /opt/airflow/dags/IA_Treino_Demanda_DAG.py
[2026-08-24T22:53:55.661+0000] {processor.py:830} INFO - Processing file /opt/airflow/dags/IA_Treino_Demanda_DAG.py for tasks to queue
[2026-08-24T22:53:55.663+0000] {logging_mixin.py:188} INFO - [2026-08-24T22:53:55.663+0000] {dagbag.py:545} INFO - Filling up the DagBag from /opt/airflow/dags/IA_Treino_Demanda_DAG.py
[2026-08-24T22:53:56.045+0000] {processor.py:840} INFO - DAG(s) 'Acougue_Previsao_Demanda' retrieved from /opt/airflow/dags/IA_Treino_Demanda_DAG.py
[2026-08-24T22:53:56.247+0000] {logging_mixin.py:188} INFO - [2026-08-24T22:53:56.246+0000] {dag.py:3096} INFO - Sync 1 DAGs
[2026-08-24T22:53:56.273+0000] {logging_mixin.py:188} INFO - [2026-08-24T22:53:56.273+0000] {dag.py:3954} INFO - Setting next_dagrun for Acougue_Previsao_Demanda to 2026-08-24 00:00:00+00:00, run_after=2026-08-25 00:00:00+00:00
[2026-08-24T22:53:56.293+0000] {processor.py:183} INFO - Processing /opt/airflow/dags/IA_Treino_Demanda_DAG.py took 0.641 seconds
[2026-08-24T22:54:26.508+0000] {processor.py:161} INFO - Started process (PID=910) to work on /opt/airflow/dags/IA_Treino_Demanda_DAG.py
[2026-08-24T22:54:26.509+0000] {processor.py:830} INFO - Processing file /opt/airflow/dags/IA_Treino_Demanda_DAG.py for tasks to queue
[2026-08-24T22:54:26.512+0000] {logging_mixin.py:188} INFO - [2026-08-24T22:54:26.511+0000] {dagbag.py:545} INFO - Filling up the DagBag from /opt/airflow/dags/IA_Treino_Demanda_DAG.py
[2026-08-24T22:54:26.899+0000] {processor.py:840} INFO - DAG(s) 'Acougue_Previsao_Demanda' retrieved from /opt/airflow/dags/IA_Treino_Demanda_DAG.py
[2026-08-24T22:54:26.935+0000] {logging_mixin.py:188} INFO - [2026-08-24T22:54:26.934+0000] {dag.py:3096} INFO - Sync 1 DAGs
[2026-08-24T22:54:26.964+0000] {logging_mixin.py:188} INFO - [2026-08-24T22:54:26.963+0000] {dag.py:3954} INFO - Setting next_dagrun for Acougue_Previsao_Demanda to 2026-08-24 00:00:00+00:00, run_after=2026-08-25 00:00:00+00:00
[2026-08-24T22:54:26.987+0000] {processor.py:183} INFO - Processing /opt/airflow/dags/IA_Treino_Demanda_DAG.py took 0.489 seconds
[2026-08-24T22:54:57.201+0000] {processor.py:161} INFO - Started process (PID=926) to work on /opt/airflow/dags/IA_Treino_Demanda_DAG.py
[2026-08-24T22:54:57.204+0000] {processor.py:830} INFO - Processing file /opt/airflow/dags/IA_Treino_Demanda_DAG.py for tasks to queue
[2026-08-24T22:54:57.206+0000] {logging_mixin.py:188} INFO - [2026-08-24T22:54:57.206+0000] {dagbag.py:545} INFO - Filling up the DagBag from /opt/airflow/dags/IA_Treino_Demanda_DAG.py
[2026-08-24T22:54:57.578+0000] {processor.py:840} INFO - DAG(s) 'Acougue_Previsao_Demanda' retrieved from /opt/airflow/dags/IA_Treino_Demanda_DAG.py
[2026-08-24T22:54:57.610+0000] {logging_mixin.py:188} INFO - [2026-08-24T22:54:57.609+0000] {dag.py:3096} INFO - Sync 1 DAGs
[2026-08-24T22:54:57.813+0000] {logging_mixin.py:188} INFO - [2026-08-24T22:54:57.812+0000] {dag.py:3954} INFO - Setting next_dagrun for Acougue_Previsao_Demanda to 2026-08-24 00:00:00+00:00, run_after=2026-08-25 00:00:00+00:00
[2026-08-24T22:54:57.835+0000] {processor.py:183} INFO - Processing /opt/airflow/dags/IA_Treino_Demanda_DAG.py took 0.641 seconds
[2026-08-24T22:55:28.083+0000] {processor.py:161} INFO - Started process (PID=942) to work on /opt/airflow/dags/IA_Treino_Demanda_DAG.py
[2026-08-24T22:55:28.084+0000] {processor.py:830} INFO - Processing file /opt/airflow/dags/IA_Treino_Demanda_DAG.py for tasks to queue
[2026-08-24T22:55:28.087+0000] {logging_mixin.py:188} INFO - [2026-08-24T22:55:28.086+0000] {dagbag.py:545} INFO - Filling up the DagBag from /opt/airflow/dags/IA_Treino_Demanda_DAG.py
[2026-08-24T22:55:28.700+0000] {processor.py:840} INFO - DAG(s) 'Acougue_Previsao_Demanda' retrieved from /opt/airflow/dags/IA_Treino_Demanda_DAG.py
[2026-08-24T22:55:28.729+0000] {logging_mixin.py:188} INFO - [2026-08-24T22:55:28.729+0000] {dag.py:3096} INFO - Sync 1 DAGs
[2026-08-24T22:55:28.750+0000] {logging_mixin.py:188} INFO - [2026-08-24T22:55:28.750+0000] {dag.py:3954} INFO - Setting next_dagrun for Acougue_Previsao_Demanda to 2026-08-24 00:00:00+00:00, run_after=2026-08-25 00:00:00+00:00
[2026-08-24T22:55:28.772+0000] {processor.py:183} INFO - Processing /opt/airflow/dags/IA_Treino_Demanda_DAG.py took 0.699 seconds
[2026-08-24T22:55:58.995+0000] {processor.py:161} INFO - Started process (PID=958) to work on /opt/airflow/dags/IA_Treino_Demanda_DAG.py
[2026-08-24T22:55:58.997+0000] {processor.py:830} INFO - Processing file /opt/airflow/dags/IA_Treino_Demanda_DAG.py for tasks to queue
[2026-08-24T22:55:59.000+0000] {logging_mixin.py:188} INFO - [2026-08-24T22:55:59.000+0000] {dagbag.py:545} INFO - Filling up the DagBag from /opt/airflow/dags/IA_Treino_Demanda_DAG.py
[2026-08-24T22:55:59.466+0000] {processor.py:840} INFO - DAG(s) 'Acougue_Previsao_Demanda' retrieved from /opt/airflow/dags/IA_Treino_Demanda_DAG.py
[2026-08-24T22:55:59.511+0000] {logging_mixin.py:188} INFO - [2026-08-24T22:55:59.510+0000] {dag.py:3096} INFO - Sync 1 DAGs
[2026-08-24T22:55:59.812+0000] {logging_mixin.py:188} INFO - [2026-08-24T22:55:59.811+0000] {dag.py:3954} INFO - Setting next_dagrun for Acougue_Previsao_Demanda to 2026-08-24 00:00:00+00:00, run_after=2026-08-25 00:00:00+00:00
[2026-08-24T22:55:59.835+0000] {processor.py:183} INFO - Processing /opt/airflow/dags/IA_Treino_Demanda_DAG.py took 0.853 seconds
[2026-08-24T22:56:30.157+0000] {processor.py:161} INFO - Started process (PID=974) to work on /opt/airflow/dags/IA_Treino_Demanda_DAG.py
[2026-08-24T22:56:30.158+0000] {processor.py:830} INFO - Processing file /opt/airflow/dags/IA_Treino_Demanda_DAG.py for tasks to queue
[2026-08-24T22:56:30.160+0000] {logging_mixin.py:188} INFO - [2026-08-24T22:56:30.160+0000] {dagbag.py:545} INFO - Filling up the DagBag from /opt/airflow/dags/IA_Treino_Demanda_DAG.py
[2026-08-24T22:56:30.551+0000] {processor.py:840} INFO - DAG(s) 'Acougue_Previsao_Demanda' retrieved from /opt/airflow/dags/IA_Treino_Demanda_DAG.py
[2026-08-24T22:56:30.753+0000] {logging_mixin.py:188} INFO - [2026-08-24T22:56:30.752+0000] {dag.py:3096} INFO - Sync 1 DAGs
[2026-08-24T22:56:30.780+0000] {logging_mixin.py:188} INFO - [2026-08-24T22:56:30.780+0000] {dag.py:3954} INFO - Setting next_dagrun for Acougue_Previsao_Demanda to 2026-08-24 00:00:00+00:00, run_after=2026-08-25 00:00:00+00:00
[2026-08-24T22:56:30.801+0000] {processor.py:183} INFO - Processing /opt/airflow/dags/IA_Treino_Demanda_DAG.py took 0.652 seconds
[2026-08-24T22:57:01.101+0000] {processor.py:161} INFO - Started process (PID=996) to work on /opt/airflow/dags/IA_Treino_Demanda_DAG.py
[2026-08-24T22:57:01.102+0000] {processor.py:830} INFO - Processing file /opt/airflow/dags/IA_Treino_Demanda_DAG.py for tasks to queue
[2026-08-24T22:57:01.105+0000] {logging_mixin.py:188} INFO - [2026-08-24T22:57:01.104+0000] {dagbag.py:545} INFO - Filling up the DagBag from /opt/airflow/dags/IA_Treino_Demanda_DAG.py
[2026-08-24T22:57:01.963+0000] {processor.py:840} INFO - DAG(s) 'Acougue_Previsao_Demanda' retrieved from /opt/airflow/dags/IA_Treino_Demanda_DAG.py
[2026-08-24T22:57:02.002+0000] {logging_mixin.py:188} INFO - [2026-08-24T22:57:02.001+0000] {dag.py:3096} INFO - Sync 1 DAGs
[2026-08-24T22:57:02.041+0000] {logging_mixin.py:188} INFO - [2026-08-24T22:57:02.040+0000] {dag.py:3954} INFO - Setting next_dagrun for Acougue_Previsao_Demanda to 2026-08-24 00:00:00+00:00, run_after=2026-08-25 00:00:00+00:00
[2026-08-24T22:57:02.093+0000] {processor.py:183} INFO - Processing /opt/airflow/dags/IA_Treino_Demanda_DAG.py took 1.011 seconds
[2026-08-24T22:57:32.328+0000] {processor.py:161} INFO - Started process (PID=1012) to work on /opt/airflow/dags/IA_Treino_Demanda_DAG.py
[2026-08-24T22:57:32.329+0000] {processor.py:830} INFO - Processing file /opt/airflow/dags/IA_Treino_Demanda_DAG.py for tasks to queue
[2026-08-24T22:57:32.331+0000] {logging_mixin.py:188} INFO - [2026-08-24T22:57:32.331+0000] {dagbag.py:545} INFO - Filling up the DagBag from /opt/airflow/dags/IA_Treino_Demanda_DAG.py
[2026-08-24T22:57:32.891+0000] {processor.py:840} INFO - DAG(s) 'Acougue_Previsao_Demanda' retrieved from /opt/airflow/dags/IA_Treino_Demanda_DAG.py
[2026-08-24T22:57:32.921+0000] {logging_mixin.py:188} INFO - [2026-08-24T22:57:32.921+0000] {dag.py:3096} INFO - Sync 1 DAGs
[2026-08-24T22:57:32.954+0000] {logging_mixin.py:188} INFO - [2026-08-24T22:57:32.953+0000] {dag.py:3954} INFO - Setting next_dagrun for Acougue_Previsao_Demanda to 2026-08-24 00:00:00+00:00, run_after=2026-08-25 00:00:00+00:00
[2026-08-24T22:57:32.975+0000] {processor.py:183} INFO - Processing /opt/airflow/dags/IA_Treino_Demanda_DAG.py took 0.656 seconds
[2026-08-24T22:58:03.224+0000] {processor.py:161} INFO - Started process (PID=1025) to work on /opt/airflow/dags/IA_Treino_Demanda_DAG.py
[2026-08-24T22:58:03.226+0000] {processor.py:830} INFO - Processing file /opt/airflow/dags/IA_Treino_Demanda_DAG.py for tasks to queue
[2026-08-24T22:58:03.229+0000] {logging_mixin.py:188} INFO - [2026-08-24T22:58:03.228+0000] {dagbag.py:545} INFO - Filling up the DagBag from /opt/airflow/dags/IA_Treino_Demanda_DAG.py
[2026-08-24T22:58:04.038+0000] {processor.py:840} INFO - DAG(s) 'Acougue_Previsao_Demanda' retrieved from /opt/airflow/dags/IA_Treino_Demanda_DAG.py
[2026-08-24T22:58:04.082+0000] {logging_mixin.py:188} INFO - [2026-08-24T22:58:04.082+0000] {dag.py:3096} INFO - Sync 1 DAGs
[2026-08-24T22:58:04.118+0000] {logging_mixin.py:188} INFO - [2026-08-24T22:58:04.117+0000] {dag.py:3954} INFO - Setting next_dagrun for Acougue_Previsao_Demanda to 2026-08-24 00:00:00+00:00, run_after=2026-08-25 00:00:00+00:00
[2026-08-24T22:58:04.146+0000] {processor.py:183} INFO - Processing /opt/airflow/dags/IA_Treino_Demanda_DAG.py took 0.933 seconds
[2026-08-24T22:58:34.371+0000] {processor.py:161} INFO - Started process (PID=1039) to work on /opt/airflow/dags/IA_Treino_Demanda_DAG.py
[2026-08-24T22:58:34.372+0000] {processor.py:830} INFO - Processing file /opt/airflow/dags/IA_Treino_Demanda_DAG.py for tasks to queue
[2026-08-24T22:58:34.375+0000] {logging_mixin.py:188} INFO - [2026-08-24T22:58:34.374+0000] {dagbag.py:545} INFO - Filling up the DagBag from /opt/airflow/dags/IA_Treino_Demanda_DAG.py
[2026-08-24T22:58:34.922+0000] {processor.py:840} INFO - DAG(s) 'Acougue_Previsao_Demanda' retrieved from /opt/airflow/dags/IA_Treino_Demanda_DAG.py
[2026-08-24T22:58:34.952+0000] {logging_mixin.py:188} INFO - [2026-08-24T22:58:34.952+0000] {dag.py:3096} INFO - Sync 1 DAGs
[2026-08-24T22:58:34.978+0000] {logging_mixin.py:188} INFO - [2026-08-24T22:58:34.978+0000] {dag.py:3954} INFO - Setting next_dagrun for Acougue_Previsao_Demanda to 2026-08-24 00:00:00+00:00, run_after=2026-08-25 00:00:00+00:00
[2026-08-24T22:58:34.999+0000] {processor.py:183} INFO - Processing /opt/airflow/dags/IA_Treino_Demanda_DAG.py took 0.638 seconds
[2026-08-24T22:59:05.139+0000] {processor.py:161} INFO - Started process (PID=1051) to work on /opt/airflow/dags/IA_Treino_Demanda_DAG.py
[2026-08-24T22:59:05.140+0000] {processor.py:830} INFO - Processing file /opt/airflow/dags/IA_Treino_Demanda_DAG.py for tasks to queue
[2026-08-24T22:59:05.143+0000] {logging_mixin.py:188} INFO - [2026-08-24T22:59:05.142+0000] {dagbag.py:545} INFO - Filling up the DagBag from /opt/airflow/dags/IA_Treino_Demanda_DAG.py
[2026-08-24T22:59:05.684+0000] {processor.py:840} INFO - DAG(s) 'Acougue_Previsao_Demanda' retrieved from /opt/airflow/dags/IA_Treino_Demanda_DAG.py
[2026-08-24T22:59:05.715+0000] {logging_mixin.py:188} INFO - [2026-08-24T22:59:05.715+0000] {dag.py:3096} INFO - Sync 1 DAGs
[2026-08-24T22:59:05.751+0000] {logging_mixin.py:188} INFO - [2026-08-24T22:59:05.751+0000] {dag.py:3954} INFO - Setting next_dagrun for Acougue_Previsao_Demanda to 2026-08-24 00:00:00+00:00, run_after=2026-08-25 00:00:00+00:00
[2026-08-24T22:59:05.775+0000] {processor.py:183} INFO - Processing /opt/airflow/dags/IA_Treino_Demanda_DAG.py took 0.644 seconds
[2026-08-24T22:59:35.988+0000] {processor.py:161} INFO - Started process (PID=1067) to work on /opt/airflow/dags/IA_Treino_Demanda_DAG.py
[2026-08-24T22:59:35.990+0000] {processor.py:830} INFO - Processing file /opt/airflow/dags/IA_Treino_Demanda_DAG.py for tasks to queue
[2026-08-24T22:59:35.992+0000] {logging_mixin.py:188} INFO - [2026-08-24T22:59:35.992+0000] {dagbag.py:545} INFO - Filling up the DagBag from /opt/airflow/dags/IA_Treino_Demanda_DAG.py
[2026-08-24T22:59:36.581+0000] {processor.py:840} INFO - DAG(s) 'Acougue_Previsao_Demanda' retrieved from /opt/airflow/dags/IA_Treino_Demanda_DAG.py
[2026-08-24T22:59:36.616+0000] {logging_mixin.py:188} INFO - [2026-08-24T22:59:36.616+0000] {dag.py:3096} INFO - Sync 1 DAGs
[2026-08-24T22:59:36.642+0000] {logging_mixin.py:188} INFO - [2026-08-24T22:59:36.641+0000] {dag.py:3954} INFO - Setting next_dagrun for Acougue_Previsao_Demanda to 2026-08-24 00:00:00+00:00, run_after=2026-08-25 00:00:00+00:00
[2026-08-24T22:59:36.662+0000] {processor.py:183} INFO - Processing /opt/airflow/dags/IA_Treino_Demanda_DAG.py took 0.684 seconds
[2026-08-24T23:00:06.970+0000] {processor.py:161} INFO - Started process (PID=1083) to work on /opt/airflow/dags/IA_Treino_Demanda_DAG.py
[2026-08-24T23:00:06.973+0000] {processor.py:830} INFO - Processing file /opt/airflow/dags/IA_Treino_Demanda_DAG.py for tasks to queue
[2026-08-24T23:00:06.981+0000] {logging_mixin.py:188} INFO - [2026-08-24T23:00:06.978+0000] {dagbag.py:545} INFO - Filling up the DagBag from /opt/airflow/dags/IA_Treino_Demanda_DAG.py
[2026-08-24T23:00:08.343+0000] {processor.py:840} INFO - DAG(s) 'Acougue_Previsao_Demanda' retrieved from /opt/airflow/dags/IA_Treino_Demanda_DAG.py
[2026-08-24T23:00:08.382+0000] {logging_mixin.py:188} INFO - [2026-08-24T23:00:08.382+0000] {dag.py:3096} INFO - Sync 1 DAGs
[2026-08-24T23:00:08.430+0000] {logging_mixin.py:188} INFO - [2026-08-24T23:00:08.429+0000] {dag.py:3954} INFO - Setting next_dagrun for Acougue_Previsao_Demanda to 2026-08-24 00:00:00+00:00, run_after=2026-08-25 00:00:00+00:00
[2026-08-24T23:00:08.483+0000] {processor.py:183} INFO - Processing /opt/airflow/dags/IA_Treino_Demanda_DAG.py took 1.548 seconds
[2026-08-24T23:00:39.096+0000] {processor.py:161} INFO - Started process (PID=1099) to work on /opt/airflow/dags/IA_Treino_Demanda_DAG.py
[2026-08-24T23:00:39.099+0000] {processor.py:830} INFO - Processing file /opt/airflow/dags/IA_Treino_Demanda_DAG.py for tasks to queue
[2026-08-24T23:00:39.106+0000] {logging_mixin.py:188} INFO - [2026-08-24T23:00:39.105+0000] {dagbag.py:545} INFO - Filling up the DagBag from /opt/airflow/dags/IA_Treino_Demanda_DAG.py
[2026-08-24T23:00:39.954+0000] {processor.py:840} INFO - DAG(s) 'Acougue_Previsao_Demanda' retrieved from /opt/airflow/dags/IA_Treino_Demanda_DAG.py
[2026-08-24T23:00:39.984+0000] {logging_mixin.py:188} INFO - [2026-08-24T23:00:39.983+0000] {dag.py:3096} INFO - Sync 1 DAGs
[2026-08-24T23:00:40.033+0000] {logging_mixin.py:188} INFO - [2026-08-24T23:00:40.033+0000] {dag.py:3954} INFO - Setting next_dagrun for Acougue_Previsao_Demanda to 2026-08-24 00:00:00+00:00, run_after=2026-08-25 00:00:00+00:00
[2026-08-24T23:00:40.055+0000] {processor.py:183} INFO - Processing /opt/airflow/dags/IA_Treino_Demanda_DAG.py took 0.980 seconds
[2026-08-24T23:01:10.332+0000] {processor.py:161} INFO - Started process (PID=1121) to work on /opt/airflow/dags/IA_Treino_Demanda_DAG.py
[2026-08-24T23:01:10.333+0000] {processor.py:830} INFO - Processing file /opt/airflow/dags/IA_Treino_Demanda_DAG.py for tasks to queue
[2026-08-24T23:01:10.336+0000] {logging_mixin.py:188} INFO - [2026-08-24T23:01:10.335+0000] {dagbag.py:545} INFO - Filling up the DagBag from /opt/airflow/dags/IA_Treino_Demanda_DAG.py
[2026-08-24T23:01:10.893+0000] {processor.py:840} INFO - DAG(s) 'Acougue_Previsao_Demanda' retrieved from /opt/airflow/dags/IA_Treino_Demanda_DAG.py
[2026-08-24T23:01:10.934+0000] {logging_mixin.py:188} INFO - [2026-08-24T23:01:10.933+0000] {dag.py:3096} INFO - Sync 1 DAGs
[2026-08-24T23:01:10.964+0000] {logging_mixin.py:188} INFO - [2026-08-24T23:01:10.964+0000] {dag.py:3954} INFO - Setting next_dagrun for Acougue_Previsao_Demanda to 2026-08-24 00:00:00+00:00, run_after=2026-08-25 00:00:00+00:00
[2026-08-24T23:01:10.993+0000] {processor.py:183} INFO - Processing /opt/airflow/dags/IA_Treino_Demanda_DAG.py took 0.669 seconds
[2026-08-24T23:01:41.250+0000] {processor.py:161} INFO - Started process (PID=1137) to work on /opt/airflow/dags/IA_Treino_Demanda_DAG.py
[2026-08-24T23:01:41.251+0000] {processor.py:830} INFO - Processing file /opt/airflow/dags/IA_Treino_Demanda_DAG.py for tasks to queue
[2026-08-24T23:01:41.253+0000] {logging_mixin.py:188} INFO - [2026-08-24T23:01:41.253+0000] {dagbag.py:545} INFO - Filling up the DagBag from /opt/airflow/dags/IA_Treino_Demanda_DAG.py
[2026-08-24T23:01:41.892+0000] {processor.py:840} INFO - DAG(s) 'Acougue_Previsao_Demanda' retrieved from /opt/airflow/dags/IA_Treino_Demanda_DAG.py
[2026-08-24T23:01:41.949+0000] {logging_mixin.py:188} INFO - [2026-08-24T23:01:41.949+0000] {dag.py:3096} INFO - Sync 1 DAGs
[2026-08-24T23:01:42.003+0000] {logging_mixin.py:188} INFO - [2026-08-24T23:01:42.003+0000] {dag.py:3954} INFO - Setting next_dagrun for Acougue_Previsao_Demanda to 2026-08-24 00:00:00+00:00, run_after=2026-08-25 00:00:00+00:00
[2026-08-24T23:01:42.038+0000] {processor.py:183} INFO - Processing /opt/airflow/dags/IA_Treino_Demanda_DAG.py took 0.798 seconds
[2026-08-24T23:02:12.341+0000] {processor.py:161} INFO - Started process (PID=1153) to work on /opt/airflow/dags/IA_Treino_Demanda_DAG.py
[2026-08-24T23:02:12.348+0000] {processor.py:830} INFO - Processing file /opt/airflow/dags/IA_Treino_Demanda_DAG.py for tasks to queue
[2026-08-24T23:02:12.356+0000] {logging_mixin.py:188} INFO - [2026-08-24T23:02:12.356+0000] {dagbag.py:545} INFO - Filling up the DagBag from /opt/airflow/dags/IA_Treino_Demanda_DAG.py
[2026-08-24T23:02:13.332+0000] {processor.py:840} INFO - DAG(s) 'Acougue_Previsao_Demanda' retrieved from /opt/airflow/dags/IA_Treino_Demanda_DAG.py
[2026-08-24T23:02:13.368+0000] {logging_mixin.py:188} INFO - [2026-08-24T23:02:13.368+0000] {dag.py:3096} INFO - Sync 1 DAGs
[2026-08-24T23:02:13.408+0000] {logging_mixin.py:188} INFO - [2026-08-24T23:02:13.407+0000] {dag.py:3954} INFO - Setting next_dagrun for Acougue_Previsao_Demanda to 2026-08-24 00:00:00+00:00, run_after=2026-08-25 00:00:00+00:00
[2026-08-24T23:02:13.453+0000] {processor.py:183} INFO - Processing /opt/airflow/dags/IA_Treino_Demanda_DAG.py took 1.142 seconds
[2026-08-24T23:02:43.704+0000] {processor.py:161} INFO - Started process (PID=1169) to work on /opt/airflow/dags/IA_Treino_Demanda_DAG.py
[2026-08-24T23:02:43.706+0000] {processor.py:830} INFO - Processing file /opt/airflow/dags/IA_Treino_Demanda_DAG.py for tasks to queue
[2026-08-24T23:02:43.711+0000] {logging_mixin.py:188} INFO - [2026-08-24T23:02:43.708+0000] {dagbag.py:545} INFO - Filling up the DagBag from /opt/airflow/dags/IA_Treino_Demanda_DAG.py
[2026-08-24T23:02:44.281+0000] {processor.py:840} INFO - DAG(s) 'Acougue_Previsao_Demanda' retrieved from /opt/airflow/dags/IA_Treino_Demanda_DAG.py
[2026-08-24T23:02:44.310+0000] {logging_mixin.py:188} INFO - [2026-08-24T23:02:44.309+0000] {dag.py:3096} INFO - Sync 1 DAGs
[2026-08-24T23:02:44.332+0000] {logging_mixin.py:188} INFO - [2026-08-24T23:02:44.331+0000] {dag.py:3954} INFO - Setting next_dagrun for Acougue_Previsao_Demanda to 2026-08-24 00:00:00+00:00, run_after=2026-08-25 00:00:00+00:00
[2026-08-24T23:02:44.360+0000] {processor.py:183} INFO - Processing /opt/airflow/dags/IA_Treino_Demanda_DAG.py took 0.673 seconds
[2026-08-24T23:03:14.580+0000] {processor.py:161} INFO - Started process (PID=1185) to work on /opt/airflow/dags/IA_Treino_Demanda_DAG.py
[2026-08-24T23:03:14.582+0000] {processor.py:830} INFO - Processing file /opt/airflow/dags/IA_Treino_Demanda_DAG.py for tasks to queue
[2026-08-24T23:03:14.585+0000] {logging_mixin.py:188} INFO - [2026-08-24T23:03:14.584+0000] {dagbag.py:545} INFO - Filling up the DagBag from /opt/airflow/dags/IA_Treino_Demanda_DAG.py
[2026-08-24T23:03:15.156+0000] {processor.py:840} INFO - DAG(s) 'Acougue_Previsao_Demanda' retrieved from /opt/airflow/dags/IA_Treino_Demanda_DAG.py
[2026-08-24T23:03:15.195+0000] {logging_mixin.py:188} INFO - [2026-08-24T23:03:15.195+0000] {dag.py:3096} INFO - Sync 1 DAGs
[2026-08-24T23:03:15.225+0000] {logging_mixin.py:188} INFO - [2026-08-24T23:03:15.224+0000] {dag.py:3954} INFO - Setting next_dagrun for Acougue_Previsao_Demanda to 2026-08-24 00:00:00+00:00, run_after=2026-08-25 00:00:00+00:00
[2026-08-24T23:03:15.249+0000] {processor.py:183} INFO - Processing /opt/airflow/dags/IA_Treino_Demanda_DAG.py took 0.676 seconds
[2026-08-24T23:03:45.464+0000] {processor.py:161} INFO - Started process (PID=1201) to work on /opt/airflow/dags/IA_Treino_Demanda_DAG.py
[2026-08-24T23:03:45.467+0000] {processor.py:830} INFO - Processing file /opt/airflow/dags/IA_Treino_Demanda_DAG.py for tasks to queue
[2026-08-24T23:03:45.469+0000] {logging_mixin.py:188} INFO - [2026-08-24T23:03:45.469+0000] {dagbag.py:545} INFO - Filling up the DagBag from /opt/airflow/dags/IA_Treino_Demanda_DAG.py
[2026-08-24T23:03:46.058+0000] {processor.py:840} INFO - DAG(s) 'Acougue_Previsao_Demanda' retrieved from /opt/airflow/dags/IA_Treino_Demanda_DAG.py
[2026-08-24T23:03:46.089+0000] {logging_mixin.py:188} INFO - [2026-08-24T23:03:46.089+0000] {dag.py:3096} INFO - Sync 1 DAGs
[2026-08-24T23:03:46.119+0000] {logging_mixin.py:188} INFO - [2026-08-24T23:03:46.118+0000] {dag.py:3954} INFO - Setting next_dagrun for Acougue_Previsao_Demanda to 2026-08-24 00:00:00+00:00, run_after=2026-08-25 00:00:00+00:00
[2026-08-24T23:03:46.141+0000] {processor.py:183} INFO - Processing /opt/airflow/dags/IA_Treino_Demanda_DAG.py took 0.695 seconds
[2026-08-24T23:04:16.221+0000] {processor.py:161} INFO - Started process (PID=1217) to work on /opt/airflow/dags/IA_Treino_Demanda_DAG.py
[2026-08-24T23:04:16.222+0000] {processor.py:830} INFO - Processing file /opt/airflow/dags/IA_Treino_Demanda_DAG.py for tasks to queue
[2026-08-24T23:04:16.226+0000] {logging_mixin.py:188} INFO - [2026-08-24T23:04:16.226+0000] {dagbag.py:545} INFO - Filling up the DagBag from /opt/airflow/dags/IA_Treino_Demanda_DAG.py
[2026-08-24T23:04:16.834+0000] {processor.py:840} INFO - DAG(s) 'Acougue_Previsao_Demanda' retrieved from /opt/airflow/dags/IA_Treino_Demanda_DAG.py
[2026-08-24T23:04:16.866+0000] {logging_mixin.py:188} INFO - [2026-08-24T23:04:16.865+0000] {dag.py:3096} INFO - Sync 1 DAGs
[2026-08-24T23:04:16.894+0000] {logging_mixin.py:188} INFO - [2026-08-24T23:04:16.894+0000] {dag.py:3954} INFO - Setting next_dagrun for Acougue_Previsao_Demanda to 2026-08-24 00:00:00+00:00, run_after=2026-08-25 00:00:00+00:00
[2026-08-24T23:04:16.912+0000] {processor.py:183} INFO - Processing /opt/airflow/dags/IA_Treino_Demanda_DAG.py took 0.702 seconds
[2026-08-24T23:04:47.173+0000] {processor.py:161} INFO - Started process (PID=1230) to work on /opt/airflow/dags/IA_Treino_Demanda_DAG.py
[2026-08-24T23:04:47.175+0000] {processor.py:830} INFO - Processing file /opt/airflow/dags/IA_Treino_Demanda_DAG.py for tasks to queue
[2026-08-24T23:04:47.182+0000] {logging_mixin.py:188} INFO - [2026-08-24T23:04:47.181+0000] {dagbag.py:545} INFO - Filling up the DagBag from /opt/airflow/dags/IA_Treino_Demanda_DAG.py
[2026-08-24T23:04:47.907+0000] {processor.py:840} INFO - DAG(s) 'Acougue_Previsao_Demanda' retrieved from /opt/airflow/dags/IA_Treino_Demanda_DAG.py
[2026-08-24T23:04:47.936+0000] {logging_mixin.py:188} INFO - [2026-08-24T23:04:47.936+0000] {dag.py:3096} INFO - Sync 1 DAGs
[2026-08-24T23:04:47.967+0000] {logging_mixin.py:188} INFO - [2026-08-24T23:04:47.967+0000] {dag.py:3954} INFO - Setting next_dagrun for Acougue_Previsao_Demanda to 2026-08-24 00:00:00+00:00, run_after=2026-08-25 00:00:00+00:00
[2026-08-24T23:04:47.990+0000] {processor.py:183} INFO - Processing /opt/airflow/dags/IA_Treino_Demanda_DAG.py took 0.828 seconds
[2026-08-24T23:05:18.271+0000] {processor.py:161} INFO - Started process (PID=1244) to work on /opt/airflow/dags/IA_Treino_Demanda_DAG.py
[2026-08-24T23:05:18.276+0000] {processor.py:830} INFO - Processing file /opt/airflow/dags/IA_Treino_Demanda_DAG.py for tasks to queue
[2026-08-24T23:05:18.278+0000] {logging_mixin.py:188} INFO - [2026-08-24T23:05:18.278+0000] {dagbag.py:545} INFO - Filling up the DagBag from /opt/airflow/dags/IA_Treino_Demanda_DAG.py
[2026-08-24T23:05:19.032+0000] {processor.py:840} INFO - DAG(s) 'Acougue_Previsao_Demanda' retrieved from /opt/airflow/dags/IA_Treino_Demanda_DAG.py
[2026-08-24T23:05:19.065+0000] {logging_mixin.py:188} INFO - [2026-08-24T23:05:19.064+0000] {dag.py:3096} INFO - Sync 1 DAGs
[2026-08-24T23:05:19.099+0000] {logging_mixin.py:188} INFO - [2026-08-24T23:05:19.099+0000] {dag.py:3954} INFO - Setting next_dagrun for Acougue_Previsao_Demanda to 2026-08-24 00:00:00+00:00, run_after=2026-08-25 00:00:00+00:00
[2026-08-24T23:05:19.122+0000] {processor.py:183} INFO - Processing /opt/airflow/dags/IA_Treino_Demanda_DAG.py took 0.869 seconds
[2026-08-24T23:05:49.279+0000] {processor.py:161} INFO - Started process (PID=1256) to work on /opt/airflow/dags/IA_Treino_Demanda_DAG.py
[2026-08-24T23:05:49.281+0000] {processor.py:830} INFO - Processing file /opt/airflow/dags/IA_Treino_Demanda_DAG.py for tasks to queue
[2026-08-24T23:05:49.283+0000] {logging_mixin.py:188} INFO - [2026-08-24T23:05:49.283+0000] {dagbag.py:545} INFO - Filling up the DagBag from /opt/airflow/dags/IA_Treino_Demanda_DAG.py
[2026-08-24T23:05:50.027+0000] {processor.py:840} INFO - DAG(s) 'Acougue_Previsao_Demanda' retrieved from /opt/airflow/dags/IA_Treino_Demanda_DAG.py
[2026-08-24T23:05:50.060+0000] {logging_mixin.py:188} INFO - [2026-08-24T23:05:50.060+0000] {dag.py:3096} INFO - Sync 1 DAGs
[2026-08-24T23:05:50.094+0000] {logging_mixin.py:188} INFO - [2026-08-24T23:05:50.094+0000] {dag.py:3954} INFO - Setting next_dagrun for Acougue_Previsao_Demanda to 2026-08-24 00:00:00+00:00, run_after=2026-08-25 00:00:00+00:00
[2026-08-24T23:05:50.124+0000] {processor.py:183} INFO - Processing /opt/airflow/dags/IA_Treino_Demanda_DAG.py took 0.857 seconds
[2026-08-24T23:06:20.226+0000] {processor.py:161} INFO - Started process (PID=1272) to work on /opt/airflow/dags/IA_Treino_Demanda_DAG.py
[2026-08-24T23:06:20.229+0000] {processor.py:830} INFO - Processing file /opt/airflow/dags/IA_Treino_Demanda_DAG.py for tasks to queue
[2026-08-24T23:06:20.235+0000] {logging_mixin.py:188} INFO - [2026-08-24T23:06:20.235+0000] {dagbag.py:545} INFO - Filling up the DagBag from /opt/airflow/dags/IA_Treino_Demanda_DAG.py
[2026-08-24T23:06:20.937+0000] {processor.py:840} INFO - DAG(s) 'Acougue_Previsao_Demanda' retrieved from /opt/airflow/dags/IA_Treino_Demanda_DAG.py
[2026-08-24T23:06:20.972+0000] {logging_mixin.py:188} INFO - [2026-08-24T23:06:20.972+0000] {dag.py:3096} INFO - Sync 1 DAGs
[2026-08-24T23:06:21.001+0000] {logging_mixin.py:188} INFO - [2026-08-24T23:06:21.000+0000] {dag.py:3954} INFO - Setting next_dagrun for Acougue_Previsao_Demanda to 2026-08-24 00:00:00+00:00, run_after=2026-08-25 00:00:00+00:00
[2026-08-24T23:06:21.021+0000] {processor.py:183} INFO - Processing /opt/airflow/dags/IA_Treino_Demanda_DAG.py took 0.816 seconds
[2026-08-24T23:07:38.716+0000] {processor.py:161} INFO - Started process (PID=160) to work on /opt/airflow/dags/IA_Treino_Demanda_DAG.py
[2026-08-24T23:07:38.731+0000] {processor.py:830} INFO - Processing file /opt/airflow/dags/IA_Treino_Demanda_DAG.py for tasks to queue
[2026-08-24T23:07:38.748+0000] {logging_mixin.py:188} INFO - [2026-08-24T23:07:38.747+0000] {dagbag.py:545} INFO - Filling up the DagBag from /opt/airflow/dags/IA_Treino_Demanda_DAG.py
[2026-08-24T23:07:45.905+0000] {processor.py:840} INFO - DAG(s) 'Acougue_Previsao_Demanda' retrieved from /opt/airflow/dags/IA_Treino_Demanda_DAG.py
[2026-08-24T23:07:46.069+0000] {logging_mixin.py:188} INFO - [2026-08-24T23:07:46.064+0000] {dag.py:3096} INFO - Sync 1 DAGs
[2026-08-24T23:07:46.238+0000] {logging_mixin.py:188} INFO - [2026-08-24T23:07:46.238+0000] {dag.py:3954} INFO - Setting next_dagrun for Acougue_Previsao_Demanda to 2026-08-24 00:00:00+00:00, run_after=2026-08-25 00:00:00+00:00
[2026-08-24T23:07:46.394+0000] {processor.py:183} INFO - Processing /opt/airflow/dags/IA_Treino_Demanda_DAG.py took 7.755 seconds
[2026-08-24T23:08:16.638+0000] {processor.py:161} INFO - Started process (PID=180) to work on /opt/airflow/dags/IA_Treino_Demanda_DAG.py
[2026-08-24T23:08:16.640+0000] {processor.py:830} INFO - Processing file /opt/airflow/dags/IA_Treino_Demanda_DAG.py for tasks to queue
[2026-08-24T23:08:16.644+0000] {logging_mixin.py:188} INFO - [2026-08-24T23:08:16.644+0000] {dagbag.py:545} INFO - Filling up the DagBag from /opt/airflow/dags/IA_Treino_Demanda_DAG.py
[2026-08-24T23:08:17.079+0000] {processor.py:840} INFO - DAG(s) 'Acougue_Previsao_Demanda' retrieved from /opt/airflow/dags/IA_Treino_Demanda_DAG.py
[2026-08-24T23:08:17.307+0000] {logging_mixin.py:188} INFO - [2026-08-24T23:08:17.307+0000] {dag.py:3096} INFO - Sync 1 DAGs
[2026-08-24T23:08:17.326+0000] {logging_mixin.py:188} INFO - [2026-08-24T23:08:17.326+0000] {dag.py:3954} INFO - Setting next_dagrun for Acougue_Previsao_Demanda to 2026-08-24 00:00:00+00:00, run_after=2026-08-25 00:00:00+00:00
[2026-08-24T23:08:17.343+0000] {processor.py:183} INFO - Processing /opt/airflow/dags/IA_Treino_Demanda_DAG.py took 0.715 seconds
[2026-08-24T23:08:47.870+0000] {processor.py:161} INFO - Started process (PID=196) to work on /opt/airflow/dags/IA_Treino_Demanda_DAG.py
[2026-08-24T23:08:47.873+0000] {processor.py:830} INFO - Processing file /opt/airflow/dags/IA_Treino_Demanda_DAG.py for tasks to queue
[2026-08-24T23:08:47.879+0000] {logging_mixin.py:188} INFO - [2026-08-24T23:08:47.878+0000] {dagbag.py:545} INFO - Filling up the DagBag from /opt/airflow/dags/IA_Treino_Demanda_DAG.py
[2026-08-24T23:08:48.571+0000] {processor.py:840} INFO - DAG(s) 'Acougue_Previsao_Demanda' retrieved from /opt/airflow/dags/IA_Treino_Demanda_DAG.py
[2026-08-24T23:08:48.611+0000] {logging_mixin.py:188} INFO - [2026-08-24T23:08:48.611+0000] {dag.py:3096} INFO - Sync 1 DAGs
[2026-08-24T23:08:48.637+0000] {logging_mixin.py:188} INFO - [2026-08-24T23:08:48.637+0000] {dag.py:3954} INFO - Setting next_dagrun for Acougue_Previsao_Demanda to 2026-08-24 00:00:00+00:00, run_after=2026-08-25 00:00:00+00:00
[2026-08-24T23:08:48.659+0000] {processor.py:183} INFO - Processing /opt/airflow/dags/IA_Treino_Demanda_DAG.py took 0.807 seconds
[2026-08-24T23:09:19.295+0000] {processor.py:161} INFO - Started process (PID=218) to work on /opt/airflow/dags/IA_Treino_Demanda_DAG.py
[2026-08-24T23:09:19.299+0000] {processor.py:830} INFO - Processing file /opt/airflow/dags/IA_Treino_Demanda_DAG.py for tasks to queue
[2026-08-24T23:09:19.315+0000] {logging_mixin.py:188} INFO - [2026-08-24T23:09:19.311+0000] {dagbag.py:545} INFO - Filling up the DagBag from /opt/airflow/dags/IA_Treino_Demanda_DAG.py
[2026-08-24T23:09:20.140+0000] {processor.py:840} INFO - DAG(s) 'Acougue_Previsao_Demanda' retrieved from /opt/airflow/dags/IA_Treino_Demanda_DAG.py
[2026-08-24T23:09:20.178+0000] {logging_mixin.py:188} INFO - [2026-08-24T23:09:20.177+0000] {dag.py:3096} INFO - Sync 1 DAGs
[2026-08-24T23:09:20.210+0000] {logging_mixin.py:188} INFO - [2026-08-24T23:09:20.209+0000] {dag.py:3954} INFO - Setting next_dagrun for Acougue_Previsao_Demanda to 2026-08-24 00:00:00+00:00, run_after=2026-08-25 00:00:00+00:00
[2026-08-24T23:09:20.245+0000] {processor.py:183} INFO - Processing /opt/airflow/dags/IA_Treino_Demanda_DAG.py took 1.014 seconds
[2026-08-24T23:09:50.519+0000] {processor.py:161} INFO - Started process (PID=234) to work on /opt/airflow/dags/IA_Treino_Demanda_DAG.py
[2026-08-24T23:09:50.521+0000] {processor.py:830} INFO - Processing file /opt/airflow/dags/IA_Treino_Demanda_DAG.py for tasks to queue
[2026-08-24T23:09:50.524+0000] {logging_mixin.py:188} INFO - [2026-08-24T23:09:50.523+0000] {dagbag.py:545} INFO - Filling up the DagBag from /opt/airflow/dags/IA_Treino_Demanda_DAG.py
[2026-08-24T23:09:50.945+0000] {processor.py:840} INFO - DAG(s) 'Acougue_Previsao_Demanda' retrieved from /opt/airflow/dags/IA_Treino_Demanda_DAG.py
[2026-08-24T23:09:50.993+0000] {logging_mixin.py:188} INFO - [2026-08-24T23:09:50.991+0000] {dag.py:3096} INFO - Sync 1 DAGs
[2026-08-24T23:09:51.028+0000] {logging_mixin.py:188} INFO - [2026-08-24T23:09:51.028+0000] {dag.py:3954} INFO - Setting next_dagrun for Acougue_Previsao_Demanda to 2026-08-24 00:00:00+00:00, run_after=2026-08-25 00:00:00+00:00
[2026-08-24T23:09:51.052+0000] {processor.py:183} INFO - Processing /opt/airflow/dags/IA_Treino_Demanda_DAG.py took 0.544 seconds
[2026-08-24T23:10:21.392+0000] {processor.py:161} INFO - Started process (PID=250) to work on /opt/airflow/dags/IA_Treino_Demanda_DAG.py
[2026-08-24T23:10:21.394+0000] {processor.py:830} INFO - Processing file /opt/airflow/dags/IA_Treino_Demanda_DAG.py for tasks to queue
[2026-08-24T23:10:21.396+0000] {logging_mixin.py:188} INFO - [2026-08-24T23:10:21.396+0000] {dagbag.py:545} INFO - Filling up the DagBag from /opt/airflow/dags/IA_Treino_Demanda_DAG.py
[2026-08-24T23:10:21.795+0000] {processor.py:840} INFO - DAG(s) 'Acougue_Previsao_Demanda' retrieved from /opt/airflow/dags/IA_Treino_Demanda_DAG.py
[2026-08-24T23:10:21.826+0000] {logging_mixin.py:188} INFO - [2026-08-24T23:10:21.826+0000] {dag.py:3096} INFO - Sync 1 DAGs
[2026-08-24T23:10:21.850+0000] {logging_mixin.py:188} INFO - [2026-08-24T23:10:21.850+0000] {dag.py:3954} INFO - Setting next_dagrun for Acougue_Previsao_Demanda to 2026-08-24 00:00:00+00:00, run_after=2026-08-25 00:00:00+00:00
[2026-08-24T23:10:21.869+0000] {processor.py:183} INFO - Processing /opt/airflow/dags/IA_Treino_Demanda_DAG.py took 0.489 seconds
[2026-08-24T23:10:52.573+0000] {processor.py:161} INFO - Started process (PID=266) to work on /opt/airflow/dags/IA_Treino_Demanda_DAG.py
[2026-08-24T23:10:52.575+0000] {processor.py:830} INFO - Processing file /opt/airflow/dags/IA_Treino_Demanda_DAG.py for tasks to queue
[2026-08-24T23:10:52.577+0000] {logging_mixin.py:188} INFO - [2026-08-24T23:10:52.576+0000] {dagbag.py:545} INFO - Filling up the DagBag from /opt/airflow/dags/IA_Treino_Demanda_DAG.py
[2026-08-24T23:10:52.967+0000] {processor.py:840} INFO - DAG(s) 'Acougue_Previsao_Demanda' retrieved from /opt/airflow/dags/IA_Treino_Demanda_DAG.py
[2026-08-24T23:10:53.005+0000] {logging_mixin.py:188} INFO - [2026-08-24T23:10:53.004+0000] {dag.py:3096} INFO - Sync 1 DAGs
[2026-08-24T23:10:53.039+0000] {logging_mixin.py:188} INFO - [2026-08-24T23:10:53.039+0000] {dag.py:3954} INFO - Setting next_dagrun for Acougue_Previsao_Demanda to 2026-08-24 00:00:00+00:00, run_after=2026-08-25 00:00:00+00:00
[2026-08-24T23:10:53.070+0000] {processor.py:183} INFO - Processing /opt/airflow/dags/IA_Treino_Demanda_DAG.py took 0.507 seconds
[2026-08-24T23:11:23.311+0000] {processor.py:161} INFO - Started process (PID=282) to work on /opt/airflow/dags/IA_Treino_Demanda_DAG.py
[2026-08-24T23:11:23.312+0000] {processor.py:830} INFO - Processing file /opt/airflow/dags/IA_Treino_Demanda_DAG.py for tasks to queue
[2026-08-24T23:11:23.314+0000] {logging_mixin.py:188} INFO - [2026-08-24T23:11:23.314+0000] {dagbag.py:545} INFO - Filling up the DagBag from /opt/airflow/dags/IA_Treino_Demanda_DAG.py
[2026-08-24T23:11:23.705+0000] {processor.py:840} INFO - DAG(s) 'Acougue_Previsao_Demanda' retrieved from /opt/airflow/dags/IA_Treino_Demanda_DAG.py
[2026-08-24T23:11:23.738+0000] {logging_mixin.py:188} INFO - [2026-08-24T23:11:23.737+0000] {dag.py:3096} INFO - Sync 1 DAGs
[2026-08-24T23:11:23.775+0000] {logging_mixin.py:188} INFO - [2026-08-24T23:11:23.775+0000] {dag.py:3954} INFO - Setting next_dagrun for Acougue_Previsao_Demanda to 2026-08-24 00:00:00+00:00, run_after=2026-08-25 00:00:00+00:00
[2026-08-24T23:11:23.806+0000] {processor.py:183} INFO - Processing /opt/airflow/dags/IA_Treino_Demanda_DAG.py took 0.504 seconds
[2026-08-24T23:11:53.872+0000] {processor.py:161} INFO - Started process (PID=298) to work on /opt/airflow/dags/IA_Treino_Demanda_DAG.py
[2026-08-24T23:11:53.873+0000] {processor.py:830} INFO - Processing file /opt/airflow/dags/IA_Treino_Demanda_DAG.py for tasks to queue
[2026-08-24T23:11:53.876+0000] {logging_mixin.py:188} INFO - [2026-08-24T23:11:53.876+0000] {dagbag.py:545} INFO - Filling up the DagBag from /opt/airflow/dags/IA_Treino_Demanda_DAG.py
[2026-08-24T23:11:54.281+0000] {processor.py:840} INFO - DAG(s) 'Acougue_Previsao_Demanda' retrieved from /opt/airflow/dags/IA_Treino_Demanda_DAG.py
[2026-08-24T23:11:54.328+0000] {logging_mixin.py:188} INFO - [2026-08-24T23:11:54.327+0000] {dag.py:3096} INFO - Sync 1 DAGs
[2026-08-24T23:11:54.364+0000] {logging_mixin.py:188} INFO - [2026-08-24T23:11:54.364+0000] {dag.py:3954} INFO - Setting next_dagrun for Acougue_Previsao_Demanda to 2026-08-24 00:00:00+00:00, run_after=2026-08-25 00:00:00+00:00
[2026-08-24T23:11:54.391+0000] {processor.py:183} INFO - Processing /opt/airflow/dags/IA_Treino_Demanda_DAG.py took 0.528 seconds
[2026-08-24T23:12:24.653+0000] {processor.py:161} INFO - Started process (PID=314) to work on /opt/airflow/dags/IA_Treino_Demanda_DAG.py
[2026-08-24T23:12:24.655+0000] {processor.py:830} INFO - Processing file /opt/airflow/dags/IA_Treino_Demanda_DAG.py for tasks to queue
[2026-08-24T23:12:24.657+0000] {logging_mixin.py:188} INFO - [2026-08-24T23:12:24.657+0000] {dagbag.py:545} INFO - Filling up the DagBag from /opt/airflow/dags/IA_Treino_Demanda_DAG.py
[2026-08-24T23:12:25.045+0000] {processor.py:840} INFO - DAG(s) 'Acougue_Previsao_Demanda' retrieved from /opt/airflow/dags/IA_Treino_Demanda_DAG.py
[2026-08-24T23:12:25.079+0000] {logging_mixin.py:188} INFO - [2026-08-24T23:12:25.079+0000] {dag.py:3096} INFO - Sync 1 DAGs
[2026-08-24T23:12:25.105+0000] {logging_mixin.py:188} INFO - [2026-08-24T23:12:25.105+0000] {dag.py:3954} INFO - Setting next_dagrun for Acougue_Previsao_Demanda to 2026-08-24 00:00:00+00:00, run_after=2026-08-25 00:00:00+00:00
[2026-08-24T23:12:25.124+0000] {processor.py:183} INFO - Processing /opt/airflow/dags/IA_Treino_Demanda_DAG.py took 0.481 seconds
[2026-08-24T23:12:55.316+0000] {processor.py:161} INFO - Started process (PID=330) to work on /opt/airflow/dags/IA_Treino_Demanda_DAG.py
[2026-08-24T23:12:55.318+0000] {processor.py:830} INFO - Processing file /opt/airflow/dags/IA_Treino_Demanda_DAG.py for tasks to queue
[2026-08-24T23:12:55.320+0000] {logging_mixin.py:188} INFO - [2026-08-24T23:12:55.320+0000] {dagbag.py:545} INFO - Filling up the DagBag from /opt/airflow/dags/IA_Treino_Demanda_DAG.py
[2026-08-24T23:12:55.772+0000] {processor.py:840} INFO - DAG(s) 'Acougue_Previsao_Demanda' retrieved from /opt/airflow/dags/IA_Treino_Demanda_DAG.py
[2026-08-24T23:12:55.822+0000] {logging_mixin.py:188} INFO - [2026-08-24T23:12:55.822+0000] {dag.py:3096} INFO - Sync 1 DAGs
[2026-08-24T23:12:55.854+0000] {logging_mixin.py:188} INFO - [2026-08-24T23:12:55.853+0000] {dag.py:3954} INFO - Setting next_dagrun for Acougue_Previsao_Demanda to 2026-08-24 00:00:00+00:00, run_after=2026-08-25 00:00:00+00:00
[2026-08-24T23:12:55.894+0000] {processor.py:183} INFO - Processing /opt/airflow/dags/IA_Treino_Demanda_DAG.py took 0.588 seconds
[2026-08-24T23:13:26.510+0000] {processor.py:161} INFO - Started process (PID=346) to work on /opt/airflow/dags/IA_Treino_Demanda_DAG.py
[2026-08-24T23:13:26.512+0000] {processor.py:830} INFO - Processing file /opt/airflow/dags/IA_Treino_Demanda_DAG.py for tasks to queue
[2026-08-24T23:13:26.514+0000] {logging_mixin.py:188} INFO - [2026-08-24T23:13:26.514+0000] {dagbag.py:545} INFO - Filling up the DagBag from /opt/airflow/dags/IA_Treino_Demanda_DAG.py
[2026-08-24T23:13:26.910+0000] {processor.py:840} INFO - DAG(s) 'Acougue_Previsao_Demanda' retrieved from /opt/airflow/dags/IA_Treino_Demanda_DAG.py
[2026-08-24T23:13:26.951+0000] {logging_mixin.py:188} INFO - [2026-08-24T23:13:26.950+0000] {dag.py:3096} INFO - Sync 1 DAGs
[2026-08-24T23:13:26.986+0000] {logging_mixin.py:188} INFO - [2026-08-24T23:13:26.986+0000] {dag.py:3954} INFO - Setting next_dagrun for Acougue_Previsao_Demanda to 2026-08-24 00:00:00+00:00, run_after=2026-08-25 00:00:00+00:00
[2026-08-24T23:13:27.016+0000] {processor.py:183} INFO - Processing /opt/airflow/dags/IA_Treino_Demanda_DAG.py took 0.515 seconds
[2026-08-24T23:13:57.252+0000] {processor.py:161} INFO - Started process (PID=362) to work on /opt/airflow/dags/IA_Treino_Demanda_DAG.py
[2026-08-24T23:13:57.253+0000] {processor.py:830} INFO - Processing file /opt/airflow/dags/IA_Treino_Demanda_DAG.py for tasks to queue
[2026-08-24T23:13:57.255+0000] {logging_mixin.py:188} INFO - [2026-08-24T23:13:57.255+0000] {dagbag.py:545} INFO - Filling up the DagBag from /opt/airflow/dags/IA_Treino_Demanda_DAG.py
[2026-08-24T23:13:57.648+0000] {processor.py:840} INFO - DAG(s) 'Acougue_Previsao_Demanda' retrieved from /opt/airflow/dags/IA_Treino_Demanda_DAG.py
[2026-08-24T23:13:57.686+0000] {logging_mixin.py:188} INFO - [2026-08-24T23:13:57.686+0000] {dag.py:3096} INFO - Sync 1 DAGs
[2026-08-24T23:13:57.715+0000] {logging_mixin.py:188} INFO - [2026-08-24T23:13:57.714+0000] {dag.py:3954} INFO - Setting next_dagrun for Acougue_Previsao_Demanda to 2026-08-24 00:00:00+00:00, run_after=2026-08-25 00:00:00+00:00
[2026-08-24T23:13:57.734+0000] {processor.py:183} INFO - Processing /opt/airflow/dags/IA_Treino_Demanda_DAG.py took 0.491 seconds
[2026-08-24T23:14:28.492+0000] {processor.py:161} INFO - Started process (PID=391) to work on /opt/airflow/dags/IA_Treino_Demanda_DAG.py
[2026-08-24T23:14:28.493+0000] {processor.py:830} INFO - Processing file /opt/airflow/dags/IA_Treino_Demanda_DAG.py for tasks to queue
[2026-08-24T23:14:28.495+0000] {logging_mixin.py:188} INFO - [2026-08-24T23:14:28.495+0000] {dagbag.py:545} INFO - Filling up the DagBag from /opt/airflow/dags/IA_Treino_Demanda_DAG.py
[2026-08-24T23:14:28.875+0000] {processor.py:840} INFO - DAG(s) 'Acougue_Previsao_Demanda' retrieved from /opt/airflow/dags/IA_Treino_Demanda_DAG.py
[2026-08-24T23:14:28.903+0000] {logging_mixin.py:188} INFO - [2026-08-24T23:14:28.902+0000] {dag.py:3096} INFO - Sync 1 DAGs
[2026-08-24T23:14:28.931+0000] {logging_mixin.py:188} INFO - [2026-08-24T23:14:28.931+0000] {dag.py:3954} INFO - Setting next_dagrun for Acougue_Previsao_Demanda to 2026-08-24 00:00:00+00:00, run_after=2026-08-25 00:00:00+00:00
[2026-08-24T23:14:28.952+0000] {processor.py:183} INFO - Processing /opt/airflow/dags/IA_Treino_Demanda_DAG.py took 0.468 seconds
[2026-08-24T23:14:59.171+0000] {processor.py:161} INFO - Started process (PID=407) to work on /opt/airflow/dags/IA_Treino_Demanda_DAG.py
[2026-08-24T23:14:59.172+0000] {processor.py:830} INFO - Processing file /opt/airflow/dags/IA_Treino_Demanda_DAG.py for tasks to queue
[2026-08-24T23:14:59.174+0000] {logging_mixin.py:188} INFO - [2026-08-24T23:14:59.174+0000] {dagbag.py:545} INFO - Filling up the DagBag from /opt/airflow/dags/IA_Treino_Demanda_DAG.py
[2026-08-24T23:14:59.568+0000] {processor.py:840} INFO - DAG(s) 'Acougue_Previsao_Demanda' retrieved from /opt/airflow/dags/IA_Treino_Demanda_DAG.py
[2026-08-24T23:14:59.603+0000] {logging_mixin.py:188} INFO - [2026-08-24T23:14:59.603+0000] {dag.py:3096} INFO - Sync 1 DAGs
[2026-08-24T23:14:59.638+0000] {logging_mixin.py:188} INFO - [2026-08-24T23:14:59.637+0000] {dag.py:3954} INFO - Setting next_dagrun for Acougue_Previsao_Demanda to 2026-08-24 00:00:00+00:00, run_after=2026-08-25 00:00:00+00:00
[2026-08-24T23:14:59.658+0000] {processor.py:183} INFO - Processing /opt/airflow/dags/IA_Treino_Demanda_DAG.py took 0.495 seconds
[2026-08-24T23:15:29.953+0000] {processor.py:161} INFO - Started process (PID=421) to work on /opt/airflow/dags/IA_Treino_Demanda_DAG.py
[2026-08-24T23:15:29.954+0000] {processor.py:830} INFO - Processing file /opt/airflow/dags/IA_Treino_Demanda_DAG.py for tasks to queue
[2026-08-24T23:15:29.957+0000] {logging_mixin.py:188} INFO - [2026-08-24T23:15:29.957+0000] {dagbag.py:545} INFO - Filling up the DagBag from /opt/airflow/dags/IA_Treino_Demanda_DAG.py
[2026-08-24T23:15:30.376+0000] {processor.py:840} INFO - DAG(s) 'Acougue_Previsao_Demanda' retrieved from /opt/airflow/dags/IA_Treino_Demanda_DAG.py
[2026-08-24T23:15:30.410+0000] {logging_mixin.py:188} INFO - [2026-08-24T23:15:30.410+0000] {dag.py:3096} INFO - Sync 1 DAGs
[2026-08-24T23:15:30.439+0000] {logging_mixin.py:188} INFO - [2026-08-24T23:15:30.439+0000] {dag.py:3954} INFO - Setting next_dagrun for Acougue_Previsao_Demanda to 2026-08-24 00:00:00+00:00, run_after=2026-08-25 00:00:00+00:00
[2026-08-24T23:15:30.463+0000] {processor.py:183} INFO - Processing /opt/airflow/dags/IA_Treino_Demanda_DAG.py took 0.520 seconds
[2026-08-24T23:16:00.715+0000] {processor.py:161} INFO - Started process (PID=434) to work on /opt/airflow/dags/IA_Treino_Demanda_DAG.py
[2026-08-24T23:16:00.717+0000] {processor.py:830} INFO - Processing file /opt/airflow/dags/IA_Treino_Demanda_DAG.py for tasks to queue
[2026-08-24T23:16:00.720+0000] {logging_mixin.py:188} INFO - [2026-08-24T23:16:00.719+0000] {dagbag.py:545} INFO - Filling up the DagBag from /opt/airflow/dags/IA_Treino_Demanda_DAG.py
[2026-08-24T23:16:01.362+0000] {processor.py:840} INFO - DAG(s) 'Acougue_Previsao_Demanda' retrieved from /opt/airflow/dags/IA_Treino_Demanda_DAG.py
[2026-08-24T23:16:01.445+0000] {logging_mixin.py:188} INFO - [2026-08-24T23:16:01.444+0000] {dag.py:3096} INFO - Sync 1 DAGs
[2026-08-24T23:16:01.586+0000] {logging_mixin.py:188} INFO - [2026-08-24T23:16:01.585+0000] {dag.py:3954} INFO - Setting next_dagrun for Acougue_Previsao_Demanda to 2026-08-24 00:00:00+00:00, run_after=2026-08-25 00:00:00+00:00
[2026-08-24T23:16:01.643+0000] {processor.py:183} INFO - Processing /opt/airflow/dags/IA_Treino_Demanda_DAG.py took 0.941 seconds
[2026-08-24T23:16:31.965+0000] {processor.py:161} INFO - Started process (PID=446) to work on /opt/airflow/dags/IA_Treino_Demanda_DAG.py
[2026-08-24T23:16:31.968+0000] {processor.py:830} INFO - Processing file /opt/airflow/dags/IA_Treino_Demanda_DAG.py for tasks to queue
[2026-08-24T23:16:31.971+0000] {logging_mixin.py:188} INFO - [2026-08-24T23:16:31.971+0000] {dagbag.py:545} INFO - Filling up the DagBag from /opt/airflow/dags/IA_Treino_Demanda_DAG.py
[2026-08-24T23:16:32.463+0000] {processor.py:840} INFO - DAG(s) 'Acougue_Previsao_Demanda' retrieved from /opt/airflow/dags/IA_Treino_Demanda_DAG.py
[2026-08-24T23:16:32.504+0000] {logging_mixin.py:188} INFO - [2026-08-24T23:16:32.503+0000] {dag.py:3096} INFO - Sync 1 DAGs
[2026-08-24T23:16:32.540+0000] {logging_mixin.py:188} INFO - [2026-08-24T23:16:32.540+0000] {dag.py:3954} INFO - Setting next_dagrun for Acougue_Previsao_Demanda to 2026-08-24 00:00:00+00:00, run_after=2026-08-25 00:00:00+00:00
[2026-08-24T23:16:32.562+0000] {processor.py:183} INFO - Processing /opt/airflow/dags/IA_Treino_Demanda_DAG.py took 0.608 seconds
[2026-08-24T23:17:02.686+0000] {processor.py:161} INFO - Started process (PID=462) to work on /opt/airflow/dags/IA_Treino_Demanda_DAG.py
[2026-08-24T23:17:02.688+0000] {processor.py:830} INFO - Processing file /opt/airflow/dags/IA_Treino_Demanda_DAG.py for tasks to queue
[2026-08-24T23:17:02.691+0000] {logging_mixin.py:188} INFO - [2026-08-24T23:17:02.691+0000] {dagbag.py:545} INFO - Filling up the DagBag from /opt/airflow/dags/IA_Treino_Demanda_DAG.py
[2026-08-24T23:17:03.314+0000] {processor.py:840} INFO - DAG(s) 'Acougue_Previsao_Demanda' retrieved from /opt/airflow/dags/IA_Treino_Demanda_DAG.py
[2026-08-24T23:17:03.357+0000] {logging_mixin.py:188} INFO - [2026-08-24T23:17:03.356+0000] {dag.py:3096} INFO - Sync 1 DAGs
[2026-08-24T23:17:03.392+0000] {logging_mixin.py:188} INFO - [2026-08-24T23:17:03.392+0000] {dag.py:3954} INFO - Setting next_dagrun for Acougue_Previsao_Demanda to 2026-08-24 00:00:00+00:00, run_after=2026-08-25 00:00:00+00:00
[2026-08-24T23:17:03.456+0000] {processor.py:183} INFO - Processing /opt/airflow/dags/IA_Treino_Demanda_DAG.py took 0.782 seconds
[2026-08-24T23:17:34.036+0000] {processor.py:161} INFO - Started process (PID=478) to work on /opt/airflow/dags/IA_Treino_Demanda_DAG.py
[2026-08-24T23:17:34.038+0000] {processor.py:830} INFO - Processing file /opt/airflow/dags/IA_Treino_Demanda_DAG.py for tasks to queue
[2026-08-24T23:17:34.044+0000] {logging_mixin.py:188} INFO - [2026-08-24T23:17:34.044+0000] {dagbag.py:545} INFO - Filling up the DagBag from /opt/airflow/dags/IA_Treino_Demanda_DAG.py
[2026-08-24T23:17:34.480+0000] {processor.py:840} INFO - DAG(s) 'Acougue_Previsao_Demanda' retrieved from /opt/airflow/dags/IA_Treino_Demanda_DAG.py
[2026-08-24T23:17:34.522+0000] {logging_mixin.py:188} INFO - [2026-08-24T23:17:34.521+0000] {dag.py:3096} INFO - Sync 1 DAGs
[2026-08-24T23:17:34.564+0000] {logging_mixin.py:188} INFO - [2026-08-24T23:17:34.563+0000] {dag.py:3954} INFO - Setting next_dagrun for Acougue_Previsao_Demanda to 2026-08-24 00:00:00+00:00, run_after=2026-08-25 00:00:00+00:00
[2026-08-24T23:17:34.594+0000] {processor.py:183} INFO - Processing /opt/airflow/dags/IA_Treino_Demanda_DAG.py took 0.571 seconds
[2026-08-24T23:18:04.876+0000] {processor.py:161} INFO - Started process (PID=494) to work on /opt/airflow/dags/IA_Treino_Demanda_DAG.py
[2026-08-24T23:18:04.880+0000] {processor.py:830} INFO - Processing file /opt/airflow/dags/IA_Treino_Demanda_DAG.py for tasks to queue
[2026-08-24T23:18:04.885+0000] {logging_mixin.py:188} INFO - [2026-08-24T23:18:04.884+0000] {dagbag.py:545} INFO - Filling up the DagBag from /opt/airflow/dags/IA_Treino_Demanda_DAG.py
[2026-08-24T23:18:05.859+0000] {processor.py:840} INFO - DAG(s) 'Acougue_Previsao_Demanda' retrieved from /opt/airflow/dags/IA_Treino_Demanda_DAG.py
[2026-08-24T23:18:05.966+0000] {logging_mixin.py:188} INFO - [2026-08-24T23:18:05.964+0000] {dag.py:3096} INFO - Sync 1 DAGs
[2026-08-24T23:18:06.077+0000] {logging_mixin.py:188} INFO - [2026-08-24T23:18:06.071+0000] {dag.py:3954} INFO - Setting next_dagrun for Acougue_Previsao_Demanda to 2026-08-24 00:00:00+00:00, run_after=2026-08-25 00:00:00+00:00
[2026-08-24T23:18:06.169+0000] {processor.py:183} INFO - Processing /opt/airflow/dags/IA_Treino_Demanda_DAG.py took 1.305 seconds
[2026-08-24T23:18:36.507+0000] {processor.py:161} INFO - Started process (PID=510) to work on /opt/airflow/dags/IA_Treino_Demanda_DAG.py
[2026-08-24T23:18:36.509+0000] {processor.py:830} INFO - Processing file /opt/airflow/dags/IA_Treino_Demanda_DAG.py for tasks to queue
[2026-08-24T23:18:36.512+0000] {logging_mixin.py:188} INFO - [2026-08-24T23:18:36.511+0000] {dagbag.py:545} INFO - Filling up the DagBag from /opt/airflow/dags/IA_Treino_Demanda_DAG.py
[2026-08-24T23:18:36.941+0000] {processor.py:840} INFO - DAG(s) 'Acougue_Previsao_Demanda' retrieved from /opt/airflow/dags/IA_Treino_Demanda_DAG.py
[2026-08-24T23:18:36.986+0000] {logging_mixin.py:188} INFO - [2026-08-24T23:18:36.985+0000] {dag.py:3096} INFO - Sync 1 DAGs
[2026-08-24T23:18:37.043+0000] {logging_mixin.py:188} INFO - [2026-08-24T23:18:37.041+0000] {dag.py:3954} INFO - Setting next_dagrun for Acougue_Previsao_Demanda to 2026-08-24 00:00:00+00:00, run_after=2026-08-25 00:00:00+00:00
[2026-08-24T23:18:37.081+0000] {processor.py:183} INFO - Processing /opt/airflow/dags/IA_Treino_Demanda_DAG.py took 0.587 seconds
[2026-08-24T23:19:07.300+0000] {processor.py:161} INFO - Started process (PID=526) to work on /opt/airflow/dags/IA_Treino_Demanda_DAG.py
[2026-08-24T23:19:07.302+0000] {processor.py:830} INFO - Processing file /opt/airflow/dags/IA_Treino_Demanda_DAG.py for tasks to queue
[2026-08-24T23:19:07.307+0000] {logging_mixin.py:188} INFO - [2026-08-24T23:19:07.305+0000] {dagbag.py:545} INFO - Filling up the DagBag from /opt/airflow/dags/IA_Treino_Demanda_DAG.py
[2026-08-24T23:19:07.803+0000] {processor.py:840} INFO - DAG(s) 'Acougue_Previsao_Demanda' retrieved from /opt/airflow/dags/IA_Treino_Demanda_DAG.py
[2026-08-24T23:19:07.845+0000] {logging_mixin.py:188} INFO - [2026-08-24T23:19:07.844+0000] {dag.py:3096} INFO - Sync 1 DAGs
[2026-08-24T23:19:07.884+0000] {logging_mixin.py:188} INFO - [2026-08-24T23:19:07.883+0000] {dag.py:3954} INFO - Setting next_dagrun for Acougue_Previsao_Demanda to 2026-08-24 00:00:00+00:00, run_after=2026-08-25 00:00:00+00:00
[2026-08-24T23:19:07.908+0000] {processor.py:183} INFO - Processing /opt/airflow/dags/IA_Treino_Demanda_DAG.py took 0.621 seconds
[2026-08-24T23:19:38.103+0000] {processor.py:161} INFO - Started process (PID=555) to work on /opt/airflow/dags/IA_Treino_Demanda_DAG.py
[2026-08-24T23:19:38.104+0000] {processor.py:830} INFO - Processing file /opt/airflow/dags/IA_Treino_Demanda_DAG.py for tasks to queue
[2026-08-24T23:19:38.106+0000] {logging_mixin.py:188} INFO - [2026-08-24T23:19:38.105+0000] {dagbag.py:545} INFO - Filling up the DagBag from /opt/airflow/dags/IA_Treino_Demanda_DAG.py
[2026-08-24T23:19:38.498+0000] {processor.py:840} INFO - DAG(s) 'Acougue_Previsao_Demanda' retrieved from /opt/airflow/dags/IA_Treino_Demanda_DAG.py
[2026-08-24T23:19:38.528+0000] {logging_mixin.py:188} INFO - [2026-08-24T23:19:38.527+0000] {dag.py:3096} INFO - Sync 1 DAGs
[2026-08-24T23:19:38.556+0000] {logging_mixin.py:188} INFO - [2026-08-24T23:19:38.556+0000] {dag.py:3954} INFO - Setting next_dagrun for Acougue_Previsao_Demanda to 2026-08-24 00:00:00+00:00, run_after=2026-08-25 00:00:00+00:00
[2026-08-24T23:19:38.574+0000] {processor.py:183} INFO - Processing /opt/airflow/dags/IA_Treino_Demanda_DAG.py took 0.478 seconds
[2026-08-24T23:20:09.384+0000] {processor.py:161} INFO - Started process (PID=571) to work on /opt/airflow/dags/IA_Treino_Demanda_DAG.py
[2026-08-24T23:20:09.388+0000] {processor.py:830} INFO - Processing file /opt/airflow/dags/IA_Treino_Demanda_DAG.py for tasks to queue
[2026-08-24T23:20:09.391+0000] {logging_mixin.py:188} INFO - [2026-08-24T23:20:09.391+0000] {dagbag.py:545} INFO - Filling up the DagBag from /opt/airflow/dags/IA_Treino_Demanda_DAG.py
[2026-08-24T23:20:10.079+0000] {processor.py:840} INFO - DAG(s) 'Acougue_Previsao_Demanda' retrieved from /opt/airflow/dags/IA_Treino_Demanda_DAG.py
[2026-08-24T23:20:10.126+0000] {logging_mixin.py:188} INFO - [2026-08-24T23:20:10.126+0000] {dag.py:3096} INFO - Sync 1 DAGs
[2026-08-24T23:20:10.156+0000] {logging_mixin.py:188} INFO - [2026-08-24T23:20:10.156+0000] {dag.py:3954} INFO - Setting next_dagrun for Acougue_Previsao_Demanda to 2026-08-24 00:00:00+00:00, run_after=2026-08-25 00:00:00+00:00
[2026-08-24T23:20:10.176+0000] {processor.py:183} INFO - Processing /opt/airflow/dags/IA_Treino_Demanda_DAG.py took 0.809 seconds
[2026-08-24T23:20:40.385+0000] {processor.py:161} INFO - Started process (PID=587) to work on /opt/airflow/dags/IA_Treino_Demanda_DAG.py
[2026-08-24T23:20:40.386+0000] {processor.py:830} INFO - Processing file /opt/airflow/dags/IA_Treino_Demanda_DAG.py for tasks to queue
[2026-08-24T23:20:40.388+0000] {logging_mixin.py:188} INFO - [2026-08-24T23:20:40.388+0000] {dagbag.py:545} INFO - Filling up the DagBag from /opt/airflow/dags/IA_Treino_Demanda_DAG.py
[2026-08-24T23:20:40.802+0000] {processor.py:840} INFO - DAG(s) 'Acougue_Previsao_Demanda' retrieved from /opt/airflow/dags/IA_Treino_Demanda_DAG.py
[2026-08-24T23:20:40.836+0000] {logging_mixin.py:188} INFO - [2026-08-24T23:20:40.835+0000] {dag.py:3096} INFO - Sync 1 DAGs
[2026-08-24T23:20:40.868+0000] {logging_mixin.py:188} INFO - [2026-08-24T23:20:40.868+0000] {dag.py:3954} INFO - Setting next_dagrun for Acougue_Previsao_Demanda to 2026-08-24 00:00:00+00:00, run_after=2026-08-25 00:00:00+00:00
[2026-08-24T23:20:40.892+0000] {processor.py:183} INFO - Processing /opt/airflow/dags/IA_Treino_Demanda_DAG.py took 0.517 seconds
[2026-08-24T23:21:11.120+0000] {processor.py:161} INFO - Started process (PID=603) to work on /opt/airflow/dags/IA_Treino_Demanda_DAG.py
[2026-08-24T23:21:11.121+0000] {processor.py:830} INFO - Processing file /opt/airflow/dags/IA_Treino_Demanda_DAG.py for tasks to queue
[2026-08-24T23:21:11.123+0000] {logging_mixin.py:188} INFO - [2026-08-24T23:21:11.123+0000] {dagbag.py:545} INFO - Filling up the DagBag from /opt/airflow/dags/IA_Treino_Demanda_DAG.py
[2026-08-24T23:21:11.508+0000] {processor.py:840} INFO - DAG(s) 'Acougue_Previsao_Demanda' retrieved from /opt/airflow/dags/IA_Treino_Demanda_DAG.py
[2026-08-24T23:21:11.539+0000] {logging_mixin.py:188} INFO - [2026-08-24T23:21:11.539+0000] {dag.py:3096} INFO - Sync 1 DAGs
[2026-08-24T23:21:11.562+0000] {logging_mixin.py:188} INFO - [2026-08-24T23:21:11.561+0000] {dag.py:3954} INFO - Setting next_dagrun for Acougue_Previsao_Demanda to 2026-08-24 00:00:00+00:00, run_after=2026-08-25 00:00:00+00:00
[2026-08-24T23:21:11.580+0000] {processor.py:183} INFO - Processing /opt/airflow/dags/IA_Treino_Demanda_DAG.py took 0.468 seconds
[2026-08-24T23:21:41.727+0000] {processor.py:161} INFO - Started process (PID=619) to work on /opt/airflow/dags/IA_Treino_Demanda_DAG.py
[2026-08-24T23:21:41.729+0000] {processor.py:830} INFO - Processing file /opt/airflow/dags/IA_Treino_Demanda_DAG.py for tasks to queue
[2026-08-24T23:21:41.732+0000] {logging_mixin.py:188} INFO - [2026-08-24T23:21:41.732+0000] {dagbag.py:545} INFO - Filling up the DagBag from /opt/airflow/dags/IA_Treino_Demanda_DAG.py
[2026-08-24T23:21:42.209+0000] {processor.py:840} INFO - DAG(s) 'Acougue_Previsao_Demanda' retrieved from /opt/airflow/dags/IA_Treino_Demanda_DAG.py
[2026-08-24T23:21:42.264+0000] {logging_mixin.py:188} INFO - [2026-08-24T23:21:42.263+0000] {dag.py:3096} INFO - Sync 1 DAGs
[2026-08-24T23:21:42.325+0000] {logging_mixin.py:188} INFO - [2026-08-24T23:21:42.325+0000] {dag.py:3954} INFO - Setting next_dagrun for Acougue_Previsao_Demanda to 2026-08-24 00:00:00+00:00, run_after=2026-08-25 00:00:00+00:00
[2026-08-24T23:21:42.359+0000] {processor.py:183} INFO - Processing /opt/airflow/dags/IA_Treino_Demanda_DAG.py took 0.646 seconds
[2026-08-24T23:22:12.659+0000] {processor.py:161} INFO - Started process (PID=635) to work on /opt/airflow/dags/IA_Treino_Demanda_DAG.py
[2026-08-24T23:22:12.661+0000] {processor.py:830} INFO - Processing file /opt/airflow/dags/IA_Treino_Demanda_DAG.py for tasks to queue
[2026-08-24T23:22:12.663+0000] {logging_mixin.py:188} INFO - [2026-08-24T23:22:12.663+0000] {dagbag.py:545} INFO - Filling up the DagBag from /opt/airflow/dags/IA_Treino_Demanda_DAG.py
[2026-08-24T23:22:13.189+0000] {processor.py:840} INFO - DAG(s) 'Acougue_Previsao_Demanda' retrieved from /opt/airflow/dags/IA_Treino_Demanda_DAG.py
[2026-08-24T23:22:13.232+0000] {logging_mixin.py:188} INFO - [2026-08-24T23:22:13.231+0000] {dag.py:3096} INFO - Sync 1 DAGs
[2026-08-24T23:22:13.266+0000] {logging_mixin.py:188} INFO - [2026-08-24T23:22:13.266+0000] {dag.py:3954} INFO - Setting next_dagrun for Acougue_Previsao_Demanda to 2026-08-24 00:00:00+00:00, run_after=2026-08-25 00:00:00+00:00
[2026-08-24T23:22:13.290+0000] {processor.py:183} INFO - Processing /opt/airflow/dags/IA_Treino_Demanda_DAG.py took 0.644 seconds
[2026-08-24T23:22:43.433+0000] {processor.py:161} INFO - Started process (PID=651) to work on /opt/airflow/dags/IA_Treino_Demanda_DAG.py
[2026-08-24T23:22:43.435+0000] {processor.py:830} INFO - Processing file /opt/airflow/dags/IA_Treino_Demanda_DAG.py for tasks to queue
[2026-08-24T23:22:43.438+0000] {logging_mixin.py:188} INFO - [2026-08-24T23:22:43.437+0000] {dagbag.py:545} INFO - Filling up the DagBag from /opt/airflow/dags/IA_Treino_Demanda_DAG.py
[2026-08-24T23:22:43.814+0000] {processor.py:840} INFO - DAG(s) 'Acougue_Previsao_Demanda' retrieved from /opt/airflow/dags/IA_Treino_Demanda_DAG.py
[2026-08-24T23:22:43.850+0000] {logging_mixin.py:188} INFO - [2026-08-24T23:22:43.850+0000] {dag.py:3096} INFO - Sync 1 DAGs
[2026-08-24T23:22:43.884+0000] {logging_mixin.py:188} INFO - [2026-08-24T23:22:43.883+0000] {dag.py:3954} INFO - Setting next_dagrun for Acougue_Previsao_Demanda to 2026-08-24 00:00:00+00:00, run_after=2026-08-25 00:00:00+00:00
[2026-08-24T23:22:43.905+0000] {processor.py:183} INFO - Processing /opt/airflow/dags/IA_Treino_Demanda_DAG.py took 0.481 seconds
[2026-08-24T23:23:14.131+0000] {processor.py:161} INFO - Started process (PID=667) to work on /opt/airflow/dags/IA_Treino_Demanda_DAG.py
[2026-08-24T23:23:14.133+0000] {processor.py:830} INFO - Processing file /opt/airflow/dags/IA_Treino_Demanda_DAG.py for tasks to queue
[2026-08-24T23:23:14.136+0000] {logging_mixin.py:188} INFO - [2026-08-24T23:23:14.136+0000] {dagbag.py:545} INFO - Filling up the DagBag from /opt/airflow/dags/IA_Treino_Demanda_DAG.py
[2026-08-24T23:23:14.506+0000] {processor.py:840} INFO - DAG(s) 'Acougue_Previsao_Demanda' retrieved from /opt/airflow/dags/IA_Treino_Demanda_DAG.py
[2026-08-24T23:23:14.540+0000] {logging_mixin.py:188} INFO - [2026-08-24T23:23:14.540+0000] {dag.py:3096} INFO - Sync 1 DAGs
[2026-08-24T23:23:14.568+0000] {logging_mixin.py:188} INFO - [2026-08-24T23:23:14.568+0000] {dag.py:3954} INFO - Setting next_dagrun for Acougue_Previsao_Demanda to 2026-08-24 00:00:00+00:00, run_after=2026-08-25 00:00:00+00:00
[2026-08-24T23:23:14.588+0000] {processor.py:183} INFO - Processing /opt/airflow/dags/IA_Treino_Demanda_DAG.py took 0.467 seconds
[2026-08-24T23:23:44.809+0000] {processor.py:161} INFO - Started process (PID=679) to work on /opt/airflow/dags/IA_Treino_Demanda_DAG.py
[2026-08-24T23:23:44.811+0000] {processor.py:830} INFO - Processing file /opt/airflow/dags/IA_Treino_Demanda_DAG.py for tasks to queue
[2026-08-24T23:23:44.813+0000] {logging_mixin.py:188} INFO - [2026-08-24T23:23:44.813+0000] {dagbag.py:545} INFO - Filling up the DagBag from /opt/airflow/dags/IA_Treino_Demanda_DAG.py
[2026-08-24T23:23:45.335+0000] {processor.py:840} INFO - DAG(s) 'Acougue_Previsao_Demanda' retrieved from /opt/airflow/dags/IA_Treino_Demanda_DAG.py
[2026-08-24T23:23:45.382+0000] {logging_mixin.py:188} INFO - [2026-08-24T23:23:45.381+0000] {dag.py:3096} INFO - Sync 1 DAGs
[2026-08-24T23:23:45.417+0000] {logging_mixin.py:188} INFO - [2026-08-24T23:23:45.417+0000] {dag.py:3954} INFO - Setting next_dagrun for Acougue_Previsao_Demanda to 2026-08-24 00:00:00+00:00, run_after=2026-08-25 00:00:00+00:00
[2026-08-24T23:23:45.441+0000] {processor.py:183} INFO - Processing /opt/airflow/dags/IA_Treino_Demanda_DAG.py took 0.641 seconds
[2026-08-24T23:24:15.591+0000] {processor.py:161} INFO - Started process (PID=690) to work on /opt/airflow/dags/IA_Treino_Demanda_DAG.py
[2026-08-24T23:24:15.593+0000] {processor.py:830} INFO - Processing file /opt/airflow/dags/IA_Treino_Demanda_DAG.py for tasks to queue
[2026-08-24T23:24:15.595+0000] {logging_mixin.py:188} INFO - [2026-08-24T23:24:15.595+0000] {dagbag.py:545} INFO - Filling up the DagBag from /opt/airflow/dags/IA_Treino_Demanda_DAG.py
[2026-08-24T23:24:15.965+0000] {processor.py:840} INFO - DAG(s) 'Acougue_Previsao_Demanda' retrieved from /opt/airflow/dags/IA_Treino_Demanda_DAG.py
[2026-08-24T23:24:15.996+0000] {logging_mixin.py:188} INFO - [2026-08-24T23:24:15.995+0000] {dag.py:3096} INFO - Sync 1 DAGs
[2026-08-24T23:24:16.030+0000] {logging_mixin.py:188} INFO - [2026-08-24T23:24:16.029+0000] {dag.py:3954} INFO - Setting next_dagrun for Acougue_Previsao_Demanda to 2026-08-24 00:00:00+00:00, run_after=2026-08-25 00:00:00+00:00
[2026-08-24T23:24:16.225+0000] {processor.py:183} INFO - Processing /opt/airflow/dags/IA_Treino_Demanda_DAG.py took 0.642 seconds
[2026-08-24T23:24:46.400+0000] {processor.py:161} INFO - Started process (PID=719) to work on /opt/airflow/dags/IA_Treino_Demanda_DAG.py
[2026-08-24T23:24:46.401+0000] {processor.py:830} INFO - Processing file /opt/airflow/dags/IA_Treino_Demanda_DAG.py for tasks to queue
[2026-08-24T23:24:46.404+0000] {logging_mixin.py:188} INFO - [2026-08-24T23:24:46.403+0000] {dagbag.py:545} INFO - Filling up the DagBag from /opt/airflow/dags/IA_Treino_Demanda_DAG.py
[2026-08-24T23:24:46.789+0000] {processor.py:840} INFO - DAG(s) 'Acougue_Previsao_Demanda' retrieved from /opt/airflow/dags/IA_Treino_Demanda_DAG.py
[2026-08-24T23:24:46.819+0000] {logging_mixin.py:188} INFO - [2026-08-24T23:24:46.818+0000] {dag.py:3096} INFO - Sync 1 DAGs
[2026-08-24T23:24:46.844+0000] {logging_mixin.py:188} INFO - [2026-08-24T23:24:46.844+0000] {dag.py:3954} INFO - Setting next_dagrun for Acougue_Previsao_Demanda to 2026-08-24 00:00:00+00:00, run_after=2026-08-25 00:00:00+00:00
[2026-08-24T23:24:46.870+0000] {processor.py:183} INFO - Processing /opt/airflow/dags/IA_Treino_Demanda_DAG.py took 0.480 seconds
[2026-08-24T23:25:17.120+0000] {processor.py:161} INFO - Started process (PID=735) to work on /opt/airflow/dags/IA_Treino_Demanda_DAG.py
[2026-08-24T23:25:17.121+0000] {processor.py:830} INFO - Processing file /opt/airflow/dags/IA_Treino_Demanda_DAG.py for tasks to queue
[2026-08-24T23:25:17.123+0000] {logging_mixin.py:188} INFO - [2026-08-24T23:25:17.123+0000] {dagbag.py:545} INFO - Filling up the DagBag from /opt/airflow/dags/IA_Treino_Demanda_DAG.py
[2026-08-24T23:25:17.499+0000] {processor.py:840} INFO - DAG(s) 'Acougue_Previsao_Demanda' retrieved from /opt/airflow/dags/IA_Treino_Demanda_DAG.py
[2026-08-24T23:25:17.533+0000] {logging_mixin.py:188} INFO - [2026-08-24T23:25:17.533+0000] {dag.py:3096} INFO - Sync 1 DAGs
[2026-08-24T23:25:17.560+0000] {logging_mixin.py:188} INFO - [2026-08-24T23:25:17.559+0000] {dag.py:3954} INFO - Setting next_dagrun for Acougue_Previsao_Demanda to 2026-08-24 00:00:00+00:00, run_after=2026-08-25 00:00:00+00:00
[2026-08-24T23:25:17.588+0000] {processor.py:183} INFO - Processing /opt/airflow/dags/IA_Treino_Demanda_DAG.py took 0.476 seconds
[2026-08-24T23:25:47.816+0000] {processor.py:161} INFO - Started process (PID=751) to work on /opt/airflow/dags/IA_Treino_Demanda_DAG.py
[2026-08-24T23:25:47.817+0000] {processor.py:830} INFO - Processing file /opt/airflow/dags/IA_Treino_Demanda_DAG.py for tasks to queue
[2026-08-24T23:25:47.823+0000] {logging_mixin.py:188} INFO - [2026-08-24T23:25:47.823+0000] {dagbag.py:545} INFO - Filling up the DagBag from /opt/airflow/dags/IA_Treino_Demanda_DAG.py
[2026-08-24T23:25:48.180+0000] {processor.py:840} INFO - DAG(s) 'Acougue_Previsao_Demanda' retrieved from /opt/airflow/dags/IA_Treino_Demanda_DAG.py
[2026-08-24T23:25:48.212+0000] {logging_mixin.py:188} INFO - [2026-08-24T23:25:48.211+0000] {dag.py:3096} INFO - Sync 1 DAGs
[2026-08-24T23:25:48.240+0000] {logging_mixin.py:188} INFO - [2026-08-24T23:25:48.240+0000] {dag.py:3954} INFO - Setting next_dagrun for Acougue_Previsao_Demanda to 2026-08-24 00:00:00+00:00, run_after=2026-08-25 00:00:00+00:00
[2026-08-24T23:25:48.264+0000] {processor.py:183} INFO - Processing /opt/airflow/dags/IA_Treino_Demanda_DAG.py took 0.457 seconds
[2026-08-24T23:26:18.447+0000] {processor.py:161} INFO - Started process (PID=767) to work on /opt/airflow/dags/IA_Treino_Demanda_DAG.py
[2026-08-24T23:26:18.451+0000] {processor.py:830} INFO - Processing file /opt/airflow/dags/IA_Treino_Demanda_DAG.py for tasks to queue
[2026-08-24T23:26:18.454+0000] {logging_mixin.py:188} INFO - [2026-08-24T23:26:18.453+0000] {dagbag.py:545} INFO - Filling up the DagBag from /opt/airflow/dags/IA_Treino_Demanda_DAG.py
[2026-08-24T23:26:18.885+0000] {processor.py:840} INFO - DAG(s) 'Acougue_Previsao_Demanda' retrieved from /opt/airflow/dags/IA_Treino_Demanda_DAG.py
[2026-08-24T23:26:18.917+0000] {logging_mixin.py:188} INFO - [2026-08-24T23:26:18.916+0000] {dag.py:3096} INFO - Sync 1 DAGs
[2026-08-24T23:26:18.942+0000] {logging_mixin.py:188} INFO - [2026-08-24T23:26:18.942+0000] {dag.py:3954} INFO - Setting next_dagrun for Acougue_Previsao_Demanda to 2026-08-24 00:00:00+00:00, run_after=2026-08-25 00:00:00+00:00
[2026-08-24T23:26:18.961+0000] {processor.py:183} INFO - Processing /opt/airflow/dags/IA_Treino_Demanda_DAG.py took 0.525 seconds
[2026-08-24T23:26:49.175+0000] {processor.py:161} INFO - Started process (PID=783) to work on /opt/airflow/dags/IA_Treino_Demanda_DAG.py
[2026-08-24T23:26:49.176+0000] {processor.py:830} INFO - Processing file /opt/airflow/dags/IA_Treino_Demanda_DAG.py for tasks to queue
[2026-08-24T23:26:49.178+0000] {logging_mixin.py:188} INFO - [2026-08-24T23:26:49.178+0000] {dagbag.py:545} INFO - Filling up the DagBag from /opt/airflow/dags/IA_Treino_Demanda_DAG.py
[2026-08-24T23:26:49.523+0000] {processor.py:840} INFO - DAG(s) 'Acougue_Previsao_Demanda' retrieved from /opt/airflow/dags/IA_Treino_Demanda_DAG.py
[2026-08-24T23:26:49.550+0000] {logging_mixin.py:188} INFO - [2026-08-24T23:26:49.550+0000] {dag.py:3096} INFO - Sync 1 DAGs
[2026-08-24T23:26:49.574+0000] {logging_mixin.py:188} INFO - [2026-08-24T23:26:49.574+0000] {dag.py:3954} INFO - Setting next_dagrun for Acougue_Previsao_Demanda to 2026-08-24 00:00:00+00:00, run_after=2026-08-25 00:00:00+00:00
[2026-08-24T23:26:49.767+0000] {processor.py:183} INFO - Processing /opt/airflow/dags/IA_Treino_Demanda_DAG.py took 0.600 seconds
[2026-08-24T23:27:20.402+0000] {processor.py:161} INFO - Started process (PID=799) to work on /opt/airflow/dags/IA_Treino_Demanda_DAG.py
[2026-08-24T23:27:20.404+0000] {processor.py:830} INFO - Processing file /opt/airflow/dags/IA_Treino_Demanda_DAG.py for tasks to queue
[2026-08-24T23:27:20.407+0000] {logging_mixin.py:188} INFO - [2026-08-24T23:27:20.406+0000] {dagbag.py:545} INFO - Filling up the DagBag from /opt/airflow/dags/IA_Treino_Demanda_DAG.py
[2026-08-24T23:27:20.810+0000] {processor.py:840} INFO - DAG(s) 'Acougue_Previsao_Demanda' retrieved from /opt/airflow/dags/IA_Treino_Demanda_DAG.py
[2026-08-24T23:27:20.844+0000] {logging_mixin.py:188} INFO - [2026-08-24T23:27:20.843+0000] {dag.py:3096} INFO - Sync 1 DAGs
[2026-08-24T23:27:21.059+0000] {logging_mixin.py:188} INFO - [2026-08-24T23:27:21.058+0000] {dag.py:3954} INFO - Setting next_dagrun for Acougue_Previsao_Demanda to 2026-08-24 00:00:00+00:00, run_after=2026-08-25 00:00:00+00:00
[2026-08-24T23:27:21.077+0000] {processor.py:183} INFO - Processing /opt/airflow/dags/IA_Treino_Demanda_DAG.py took 0.685 seconds
[2026-08-24T23:27:51.300+0000] {processor.py:161} INFO - Started process (PID=815) to work on /opt/airflow/dags/IA_Treino_Demanda_DAG.py
[2026-08-24T23:27:51.301+0000] {processor.py:830} INFO - Processing file /opt/airflow/dags/IA_Treino_Demanda_DAG.py for tasks to queue
[2026-08-24T23:27:51.304+0000] {logging_mixin.py:188} INFO - [2026-08-24T23:27:51.304+0000] {dagbag.py:545} INFO - Filling up the DagBag from /opt/airflow/dags/IA_Treino_Demanda_DAG.py
[2026-08-24T23:27:51.685+0000] {processor.py:840} INFO - DAG(s) 'Acougue_Previsao_Demanda' retrieved from /opt/airflow/dags/IA_Treino_Demanda_DAG.py
[2026-08-24T23:27:51.717+0000] {logging_mixin.py:188} INFO - [2026-08-24T23:27:51.717+0000] {dag.py:3096} INFO - Sync 1 DAGs
[2026-08-24T23:27:51.743+0000] {logging_mixin.py:188} INFO - [2026-08-24T23:27:51.743+0000] {dag.py:3954} INFO - Setting next_dagrun for Acougue_Previsao_Demanda to 2026-08-24 00:00:00+00:00, run_after=2026-08-25 00:00:00+00:00
[2026-08-24T23:27:51.767+0000] {processor.py:183} INFO - Processing /opt/airflow/dags/IA_Treino_Demanda_DAG.py took 0.481 seconds
[2026-08-24T23:28:22.032+0000] {processor.py:161} INFO - Started process (PID=853) to work on /opt/airflow/dags/IA_Treino_Demanda_DAG.py
[2026-08-24T23:28:22.034+0000] {processor.py:830} INFO - Processing file /opt/airflow/dags/IA_Treino_Demanda_DAG.py for tasks to queue
[2026-08-24T23:28:22.037+0000] {logging_mixin.py:188} INFO - [2026-08-24T23:28:22.036+0000] {dagbag.py:545} INFO - Filling up the DagBag from /opt/airflow/dags/IA_Treino_Demanda_DAG.py
[2026-08-24T23:28:22.422+0000] {processor.py:840} INFO - DAG(s) 'Acougue_Previsao_Demanda' retrieved from /opt/airflow/dags/IA_Treino_Demanda_DAG.py
[2026-08-24T23:28:22.459+0000] {logging_mixin.py:188} INFO - [2026-08-24T23:28:22.458+0000] {dag.py:3096} INFO - Sync 1 DAGs
[2026-08-24T23:28:22.680+0000] {logging_mixin.py:188} INFO - [2026-08-24T23:28:22.679+0000] {dag.py:3954} INFO - Setting next_dagrun for Acougue_Previsao_Demanda to 2026-08-24 00:00:00+00:00, run_after=2026-08-25 00:00:00+00:00
[2026-08-24T23:28:22.704+0000] {processor.py:183} INFO - Processing /opt/airflow/dags/IA_Treino_Demanda_DAG.py took 0.681 seconds
[2026-08-24T23:28:53.576+0000] {processor.py:161} INFO - Started process (PID=869) to work on /opt/airflow/dags/IA_Treino_Demanda_DAG.py
[2026-08-24T23:28:53.578+0000] {processor.py:830} INFO - Processing file /opt/airflow/dags/IA_Treino_Demanda_DAG.py for tasks to queue
[2026-08-24T23:28:53.581+0000] {logging_mixin.py:188} INFO - [2026-08-24T23:28:53.581+0000] {dagbag.py:545} INFO - Filling up the DagBag from /opt/airflow/dags/IA_Treino_Demanda_DAG.py
[2026-08-24T23:28:54.014+0000] {processor.py:840} INFO - DAG(s) 'Acougue_Previsao_Demanda' retrieved from /opt/airflow/dags/IA_Treino_Demanda_DAG.py
[2026-08-24T23:28:54.058+0000] {logging_mixin.py:188} INFO - [2026-08-24T23:28:54.057+0000] {dag.py:3096} INFO - Sync 1 DAGs
[2026-08-24T23:28:54.087+0000] {logging_mixin.py:188} INFO - [2026-08-24T23:28:54.086+0000] {dag.py:3954} INFO - Setting next_dagrun for Acougue_Previsao_Demanda to 2026-08-24 00:00:00+00:00, run_after=2026-08-25 00:00:00+00:00
[2026-08-24T23:28:54.107+0000] {processor.py:183} INFO - Processing /opt/airflow/dags/IA_Treino_Demanda_DAG.py took 0.541 seconds
[2026-08-24T23:29:24.358+0000] {processor.py:161} INFO - Started process (PID=885) to work on /opt/airflow/dags/IA_Treino_Demanda_DAG.py
[2026-08-24T23:29:24.360+0000] {processor.py:830} INFO - Processing file /opt/airflow/dags/IA_Treino_Demanda_DAG.py for tasks to queue
[2026-08-24T23:29:24.363+0000] {logging_mixin.py:188} INFO - [2026-08-24T23:29:24.363+0000] {dagbag.py:545} INFO - Filling up the DagBag from /opt/airflow/dags/IA_Treino_Demanda_DAG.py
[2026-08-24T23:29:24.777+0000] {processor.py:840} INFO - DAG(s) 'Acougue_Previsao_Demanda' retrieved from /opt/airflow/dags/IA_Treino_Demanda_DAG.py
[2026-08-24T23:29:24.808+0000] {logging_mixin.py:188} INFO - [2026-08-24T23:29:24.807+0000] {dag.py:3096} INFO - Sync 1 DAGs
[2026-08-24T23:29:24.838+0000] {logging_mixin.py:188} INFO - [2026-08-24T23:29:24.838+0000] {dag.py:3954} INFO - Setting next_dagrun for Acougue_Previsao_Demanda to 2026-08-24 00:00:00+00:00, run_after=2026-08-25 00:00:00+00:00
[2026-08-24T23:29:25.069+0000] {processor.py:183} INFO - Processing /opt/airflow/dags/IA_Treino_Demanda_DAG.py took 0.723 seconds
[2026-08-24T23:29:55.311+0000] {processor.py:161} INFO - Started process (PID=901) to work on /opt/airflow/dags/IA_Treino_Demanda_DAG.py
[2026-08-24T23:29:55.312+0000] {processor.py:830} INFO - Processing file /opt/airflow/dags/IA_Treino_Demanda_DAG.py for tasks to queue
[2026-08-24T23:29:55.315+0000] {logging_mixin.py:188} INFO - [2026-08-24T23:29:55.314+0000] {dagbag.py:545} INFO - Filling up the DagBag from /opt/airflow/dags/IA_Treino_Demanda_DAG.py
[2026-08-24T23:29:55.741+0000] {processor.py:840} INFO - DAG(s) 'Acougue_Previsao_Demanda' retrieved from /opt/airflow/dags/IA_Treino_Demanda_DAG.py
[2026-08-24T23:29:55.778+0000] {logging_mixin.py:188} INFO - [2026-08-24T23:29:55.778+0000] {dag.py:3096} INFO - Sync 1 DAGs
[2026-08-24T23:29:55.997+0000] {logging_mixin.py:188} INFO - [2026-08-24T23:29:55.997+0000] {dag.py:3954} INFO - Setting next_dagrun for Acougue_Previsao_Demanda to 2026-08-24 00:00:00+00:00, run_after=2026-08-25 00:00:00+00:00
[2026-08-24T23:29:56.023+0000] {processor.py:183} INFO - Processing /opt/airflow/dags/IA_Treino_Demanda_DAG.py took 0.722 seconds
[2026-08-24T23:30:26.320+0000] {processor.py:161} INFO - Started process (PID=917) to work on /opt/airflow/dags/IA_Treino_Demanda_DAG.py
[2026-08-24T23:30:26.323+0000] {processor.py:830} INFO - Processing file /opt/airflow/dags/IA_Treino_Demanda_DAG.py for tasks to queue
[2026-08-24T23:30:26.325+0000] {logging_mixin.py:188} INFO - [2026-08-24T23:30:26.325+0000] {dagbag.py:545} INFO - Filling up the DagBag from /opt/airflow/dags/IA_Treino_Demanda_DAG.py
[2026-08-24T23:30:26.777+0000] {processor.py:840} INFO - DAG(s) 'Acougue_Previsao_Demanda' retrieved from /opt/airflow/dags/IA_Treino_Demanda_DAG.py
[2026-08-24T23:30:26.817+0000] {logging_mixin.py:188} INFO - [2026-08-24T23:30:26.817+0000] {dag.py:3096} INFO - Sync 1 DAGs
[2026-08-24T23:30:26.849+0000] {logging_mixin.py:188} INFO - [2026-08-24T23:30:26.849+0000] {dag.py:3954} INFO - Setting next_dagrun for Acougue_Previsao_Demanda to 2026-08-24 00:00:00+00:00, run_after=2026-08-25 00:00:00+00:00
[2026-08-24T23:30:26.874+0000] {processor.py:183} INFO - Processing /opt/airflow/dags/IA_Treino_Demanda_DAG.py took 0.563 seconds
[2026-08-24T23:30:56.963+0000] {processor.py:161} INFO - Started process (PID=929) to work on /opt/airflow/dags/IA_Treino_Demanda_DAG.py
[2026-08-24T23:30:56.969+0000] {processor.py:830} INFO - Processing file /opt/airflow/dags/IA_Treino_Demanda_DAG.py for tasks to queue
[2026-08-24T23:30:56.975+0000] {logging_mixin.py:188} INFO - [2026-08-24T23:30:56.974+0000] {dagbag.py:545} INFO - Filling up the DagBag from /opt/airflow/dags/IA_Treino_Demanda_DAG.py
[2026-08-24T23:30:57.451+0000] {processor.py:840} INFO - DAG(s) 'Acougue_Previsao_Demanda' retrieved from /opt/airflow/dags/IA_Treino_Demanda_DAG.py
[2026-08-24T23:30:57.484+0000] {logging_mixin.py:188} INFO - [2026-08-24T23:30:57.484+0000] {dag.py:3096} INFO - Sync 1 DAGs
[2026-08-24T23:30:57.709+0000] {logging_mixin.py:188} INFO - [2026-08-24T23:30:57.709+0000] {dag.py:3954} INFO - Setting next_dagrun for Acougue_Previsao_Demanda to 2026-08-24 00:00:00+00:00, run_after=2026-08-25 00:00:00+00:00
[2026-08-24T23:30:57.727+0000] {processor.py:183} INFO - Processing /opt/airflow/dags/IA_Treino_Demanda_DAG.py took 0.777 seconds
[2026-08-24T23:31:27.965+0000] {processor.py:161} INFO - Started process (PID=940) to work on /opt/airflow/dags/IA_Treino_Demanda_DAG.py
[2026-08-24T23:31:27.967+0000] {processor.py:830} INFO - Processing file /opt/airflow/dags/IA_Treino_Demanda_DAG.py for tasks to queue
[2026-08-24T23:31:27.969+0000] {logging_mixin.py:188} INFO - [2026-08-24T23:31:27.969+0000] {dagbag.py:545} INFO - Filling up the DagBag from /opt/airflow/dags/IA_Treino_Demanda_DAG.py
[2026-08-24T23:31:28.370+0000] {processor.py:840} INFO - DAG(s) 'Acougue_Previsao_Demanda' retrieved from /opt/airflow/dags/IA_Treino_Demanda_DAG.py
[2026-08-24T23:31:28.409+0000] {logging_mixin.py:188} INFO - [2026-08-24T23:31:28.409+0000] {dag.py:3096} INFO - Sync 1 DAGs
[2026-08-24T23:31:28.629+0000] {logging_mixin.py:188} INFO - [2026-08-24T23:31:28.629+0000] {dag.py:3954} INFO - Setting next_dagrun for Acougue_Previsao_Demanda to 2026-08-24 00:00:00+00:00, run_after=2026-08-25 00:00:00+00:00
[2026-08-24T23:31:28.654+0000] {processor.py:183} INFO - Processing /opt/airflow/dags/IA_Treino_Demanda_DAG.py took 0.698 seconds
[2026-08-24T23:31:58.865+0000] {processor.py:161} INFO - Started process (PID=956) to work on /opt/airflow/dags/IA_Treino_Demanda_DAG.py
[2026-08-24T23:31:58.867+0000] {processor.py:830} INFO - Processing file /opt/airflow/dags/IA_Treino_Demanda_DAG.py for tasks to queue
[2026-08-24T23:31:58.870+0000] {logging_mixin.py:188} INFO - [2026-08-24T23:31:58.869+0000] {dagbag.py:545} INFO - Filling up the DagBag from /opt/airflow/dags/IA_Treino_Demanda_DAG.py
[2026-08-24T23:31:59.250+0000] {processor.py:840} INFO - DAG(s) 'Acougue_Previsao_Demanda' retrieved from /opt/airflow/dags/IA_Treino_Demanda_DAG.py
[2026-08-24T23:31:59.278+0000] {logging_mixin.py:188} INFO - [2026-08-24T23:31:59.278+0000] {dag.py:3096} INFO - Sync 1 DAGs
[2026-08-24T23:31:59.304+0000] {logging_mixin.py:188} INFO - [2026-08-24T23:31:59.304+0000] {dag.py:3954} INFO - Setting next_dagrun for Acougue_Previsao_Demanda to 2026-08-24 00:00:00+00:00, run_after=2026-08-25 00:00:00+00:00
[2026-08-24T23:31:59.323+0000] {processor.py:183} INFO - Processing /opt/airflow/dags/IA_Treino_Demanda_DAG.py took 0.467 seconds
[2026-08-24T23:32:29.383+0000] {processor.py:161} INFO - Started process (PID=972) to work on /opt/airflow/dags/IA_Treino_Demanda_DAG.py
[2026-08-24T23:32:29.385+0000] {processor.py:830} INFO - Processing file /opt/airflow/dags/IA_Treino_Demanda_DAG.py for tasks to queue
[2026-08-24T23:32:29.387+0000] {logging_mixin.py:188} INFO - [2026-08-24T23:32:29.387+0000] {dagbag.py:545} INFO - Filling up the DagBag from /opt/airflow/dags/IA_Treino_Demanda_DAG.py
[2026-08-24T23:32:29.770+0000] {processor.py:840} INFO - DAG(s) 'Acougue_Previsao_Demanda' retrieved from /opt/airflow/dags/IA_Treino_Demanda_DAG.py
[2026-08-24T23:32:29.809+0000] {logging_mixin.py:188} INFO - [2026-08-24T23:32:29.809+0000] {dag.py:3096} INFO - Sync 1 DAGs
[2026-08-24T23:32:30.022+0000] {logging_mixin.py:188} INFO - [2026-08-24T23:32:30.021+0000] {dag.py:3954} INFO - Setting next_dagrun for Acougue_Previsao_Demanda to 2026-08-24 00:00:00+00:00, run_after=2026-08-25 00:00:00+00:00
[2026-08-24T23:32:30.049+0000] {processor.py:183} INFO - Processing /opt/airflow/dags/IA_Treino_Demanda_DAG.py took 0.677 seconds
[2026-08-24T23:33:00.317+0000] {processor.py:161} INFO - Started process (PID=988) to work on /opt/airflow/dags/IA_Treino_Demanda_DAG.py
[2026-08-24T23:33:00.318+0000] {processor.py:830} INFO - Processing file /opt/airflow/dags/IA_Treino_Demanda_DAG.py for tasks to queue
[2026-08-24T23:33:00.321+0000] {logging_mixin.py:188} INFO - [2026-08-24T23:33:00.320+0000] {dagbag.py:545} INFO - Filling up the DagBag from /opt/airflow/dags/IA_Treino_Demanda_DAG.py
[2026-08-24T23:33:01.141+0000] {processor.py:840} INFO - DAG(s) 'Acougue_Previsao_Demanda' retrieved from /opt/airflow/dags/IA_Treino_Demanda_DAG.py
[2026-08-24T23:33:01.612+0000] {logging_mixin.py:188} INFO - [2026-08-24T23:33:01.611+0000] {dag.py:3096} INFO - Sync 1 DAGs
[2026-08-24T23:33:01.645+0000] {logging_mixin.py:188} INFO - [2026-08-24T23:33:01.644+0000] {dag.py:3954} INFO - Setting next_dagrun for Acougue_Previsao_Demanda to 2026-08-24 00:00:00+00:00, run_after=2026-08-25 00:00:00+00:00
[2026-08-24T23:33:01.676+0000] {processor.py:183} INFO - Processing /opt/airflow/dags/IA_Treino_Demanda_DAG.py took 1.373 seconds
[2026-08-24T23:33:31.903+0000] {processor.py:161} INFO - Started process (PID=1046) to work on /opt/airflow/dags/IA_Treino_Demanda_DAG.py
[2026-08-24T23:33:31.904+0000] {processor.py:830} INFO - Processing file /opt/airflow/dags/IA_Treino_Demanda_DAG.py for tasks to queue
[2026-08-24T23:33:31.907+0000] {logging_mixin.py:188} INFO - [2026-08-24T23:33:31.906+0000] {dagbag.py:545} INFO - Filling up the DagBag from /opt/airflow/dags/IA_Treino_Demanda_DAG.py
[2026-08-24T23:33:32.494+0000] {processor.py:840} INFO - DAG(s) 'Acougue_Previsao_Demanda' retrieved from /opt/airflow/dags/IA_Treino_Demanda_DAG.py
[2026-08-24T23:33:32.529+0000] {logging_mixin.py:188} INFO - [2026-08-24T23:33:32.528+0000] {dag.py:3096} INFO - Sync 1 DAGs
[2026-08-24T23:33:32.557+0000] {logging_mixin.py:188} INFO - [2026-08-24T23:33:32.556+0000] {dag.py:3954} INFO - Setting next_dagrun for Acougue_Previsao_Demanda to 2026-08-24 00:00:00+00:00, run_after=2026-08-25 00:00:00+00:00
[2026-08-24T23:33:32.594+0000] {processor.py:183} INFO - Processing /opt/airflow/dags/IA_Treino_Demanda_DAG.py took 0.699 seconds
[2026-08-24T23:34:02.816+0000] {processor.py:161} INFO - Started process (PID=1067) to work on /opt/airflow/dags/IA_Treino_Demanda_DAG.py
[2026-08-24T23:34:02.817+0000] {processor.py:830} INFO - Processing file /opt/airflow/dags/IA_Treino_Demanda_DAG.py for tasks to queue
[2026-08-24T23:34:02.819+0000] {logging_mixin.py:188} INFO - [2026-08-24T23:34:02.819+0000] {dagbag.py:545} INFO - Filling up the DagBag from /opt/airflow/dags/IA_Treino_Demanda_DAG.py
[2026-08-24T23:34:03.338+0000] {processor.py:840} INFO - DAG(s) 'Acougue_Previsao_Demanda' retrieved from /opt/airflow/dags/IA_Treino_Demanda_DAG.py
[2026-08-24T23:34:03.385+0000] {logging_mixin.py:188} INFO - [2026-08-24T23:34:03.384+0000] {dag.py:3096} INFO - Sync 1 DAGs
[2026-08-24T23:34:03.721+0000] {logging_mixin.py:188} INFO - [2026-08-24T23:34:03.721+0000] {dag.py:3954} INFO - Setting next_dagrun for Acougue_Previsao_Demanda to 2026-08-24 00:00:00+00:00, run_after=2026-08-25 00:00:00+00:00
[2026-08-24T23:34:03.769+0000] {processor.py:183} INFO - Processing /opt/airflow/dags/IA_Treino_Demanda_DAG.py took 0.961 seconds
[2026-08-24T23:34:34.000+0000] {processor.py:161} INFO - Started process (PID=1083) to work on /opt/airflow/dags/IA_Treino_Demanda_DAG.py
[2026-08-24T23:34:34.002+0000] {processor.py:830} INFO - Processing file /opt/airflow/dags/IA_Treino_Demanda_DAG.py for tasks to queue
[2026-08-24T23:34:34.004+0000] {logging_mixin.py:188} INFO - [2026-08-24T23:34:34.004+0000] {dagbag.py:545} INFO - Filling up the DagBag from /opt/airflow/dags/IA_Treino_Demanda_DAG.py
[2026-08-24T23:34:34.546+0000] {processor.py:840} INFO - DAG(s) 'Acougue_Previsao_Demanda' retrieved from /opt/airflow/dags/IA_Treino_Demanda_DAG.py
[2026-08-24T23:34:34.572+0000] {logging_mixin.py:188} INFO - [2026-08-24T23:34:34.571+0000] {dag.py:3096} INFO - Sync 1 DAGs
[2026-08-24T23:34:34.593+0000] {logging_mixin.py:188} INFO - [2026-08-24T23:34:34.593+0000] {dag.py:3954} INFO - Setting next_dagrun for Acougue_Previsao_Demanda to 2026-08-24 00:00:00+00:00, run_after=2026-08-25 00:00:00+00:00
[2026-08-24T23:34:34.610+0000] {processor.py:183} INFO - Processing /opt/airflow/dags/IA_Treino_Demanda_DAG.py took 0.621 seconds
[2026-08-24T23:35:05.178+0000] {processor.py:161} INFO - Started process (PID=1099) to work on /opt/airflow/dags/IA_Treino_Demanda_DAG.py
[2026-08-24T23:35:05.179+0000] {processor.py:830} INFO - Processing file /opt/airflow/dags/IA_Treino_Demanda_DAG.py for tasks to queue
[2026-08-24T23:35:05.181+0000] {logging_mixin.py:188} INFO - [2026-08-24T23:35:05.181+0000] {dagbag.py:545} INFO - Filling up the DagBag from /opt/airflow/dags/IA_Treino_Demanda_DAG.py
[2026-08-24T23:35:05.782+0000] {processor.py:840} INFO - DAG(s) 'Acougue_Previsao_Demanda' retrieved from /opt/airflow/dags/IA_Treino_Demanda_DAG.py
[2026-08-24T23:35:05.815+0000] {logging_mixin.py:188} INFO - [2026-08-24T23:35:05.814+0000] {dag.py:3096} INFO - Sync 1 DAGs
[2026-08-24T23:35:05.848+0000] {logging_mixin.py:188} INFO - [2026-08-24T23:35:05.848+0000] {dag.py:3954} INFO - Setting next_dagrun for Acougue_Previsao_Demanda to 2026-08-24 00:00:00+00:00, run_after=2026-08-25 00:00:00+00:00
[2026-08-24T23:35:05.872+0000] {processor.py:183} INFO - Processing /opt/airflow/dags/IA_Treino_Demanda_DAG.py took 0.702 seconds
[2026-08-24T23:35:36.083+0000] {processor.py:161} INFO - Started process (PID=1115) to work on /opt/airflow/dags/IA_Treino_Demanda_DAG.py
[2026-08-24T23:35:36.085+0000] {processor.py:830} INFO - Processing file /opt/airflow/dags/IA_Treino_Demanda_DAG.py for tasks to queue
[2026-08-24T23:35:36.087+0000] {logging_mixin.py:188} INFO - [2026-08-24T23:35:36.087+0000] {dagbag.py:545} INFO - Filling up the DagBag from /opt/airflow/dags/IA_Treino_Demanda_DAG.py
[2026-08-24T23:35:36.490+0000] {processor.py:840} INFO - DAG(s) 'Acougue_Previsao_Demanda' retrieved from /opt/airflow/dags/IA_Treino_Demanda_DAG.py
[2026-08-24T23:35:36.712+0000] {logging_mixin.py:188} INFO - [2026-08-24T23:35:36.711+0000] {dag.py:3096} INFO - Sync 1 DAGs
[2026-08-24T23:35:36.737+0000] {logging_mixin.py:188} INFO - [2026-08-24T23:35:36.737+0000] {dag.py:3954} INFO - Setting next_dagrun for Acougue_Previsao_Demanda to 2026-08-24 00:00:00+00:00, run_after=2026-08-25 00:00:00+00:00
[2026-08-24T23:35:36.762+0000] {processor.py:183} INFO - Processing /opt/airflow/dags/IA_Treino_Demanda_DAG.py took 0.688 seconds
[2026-08-24T23:36:07.084+0000] {processor.py:161} INFO - Started process (PID=1157) to work on /opt/airflow/dags/IA_Treino_Demanda_DAG.py
[2026-08-24T23:36:07.086+0000] {processor.py:830} INFO - Processing file /opt/airflow/dags/IA_Treino_Demanda_DAG.py for tasks to queue
[2026-08-24T23:36:07.089+0000] {logging_mixin.py:188} INFO - [2026-08-24T23:36:07.088+0000] {dagbag.py:545} INFO - Filling up the DagBag from /opt/airflow/dags/IA_Treino_Demanda_DAG.py
[2026-08-24T23:36:07.817+0000] {processor.py:840} INFO - DAG(s) 'Acougue_Previsao_Demanda' retrieved from /opt/airflow/dags/IA_Treino_Demanda_DAG.py
[2026-08-24T23:36:07.849+0000] {logging_mixin.py:188} INFO - [2026-08-24T23:36:07.848+0000] {dag.py:3096} INFO - Sync 1 DAGs
[2026-08-24T23:36:07.879+0000] {logging_mixin.py:188} INFO - [2026-08-24T23:36:07.879+0000] {dag.py:3954} INFO - Setting next_dagrun for Acougue_Previsao_Demanda to 2026-08-24 00:00:00+00:00, run_after=2026-08-25 00:00:00+00:00
[2026-08-24T23:36:07.907+0000] {processor.py:183} INFO - Processing /opt/airflow/dags/IA_Treino_Demanda_DAG.py took 0.836 seconds
[2026-08-24T23:36:38.432+0000] {processor.py:161} INFO - Started process (PID=1177) to work on /opt/airflow/dags/IA_Treino_Demanda_DAG.py
[2026-08-24T23:36:38.434+0000] {processor.py:830} INFO - Processing file /opt/airflow/dags/IA_Treino_Demanda_DAG.py for tasks to queue
[2026-08-24T23:36:38.437+0000] {logging_mixin.py:188} INFO - [2026-08-24T23:36:38.437+0000] {dagbag.py:545} INFO - Filling up the DagBag from /opt/airflow/dags/IA_Treino_Demanda_DAG.py
[2026-08-24T23:36:39.339+0000] {processor.py:840} INFO - DAG(s) 'Acougue_Previsao_Demanda' retrieved from /opt/airflow/dags/IA_Treino_Demanda_DAG.py
[2026-08-24T23:36:39.403+0000] {logging_mixin.py:188} INFO - [2026-08-24T23:36:39.403+0000] {dag.py:3096} INFO - Sync 1 DAGs
[2026-08-24T23:36:39.469+0000] {logging_mixin.py:188} INFO - [2026-08-24T23:36:39.469+0000] {dag.py:3954} INFO - Setting next_dagrun for Acougue_Previsao_Demanda to 2026-08-24 00:00:00+00:00, run_after=2026-08-25 00:00:00+00:00
[2026-08-24T23:36:39.514+0000] {processor.py:183} INFO - Processing /opt/airflow/dags/IA_Treino_Demanda_DAG.py took 1.093 seconds
[2026-08-24T23:37:09.736+0000] {processor.py:161} INFO - Started process (PID=1193) to work on /opt/airflow/dags/IA_Treino_Demanda_DAG.py
[2026-08-24T23:37:09.741+0000] {processor.py:830} INFO - Processing file /opt/airflow/dags/IA_Treino_Demanda_DAG.py for tasks to queue
[2026-08-24T23:37:09.745+0000] {logging_mixin.py:188} INFO - [2026-08-24T23:37:09.745+0000] {dagbag.py:545} INFO - Filling up the DagBag from /opt/airflow/dags/IA_Treino_Demanda_DAG.py
[2026-08-24T23:37:10.551+0000] {processor.py:840} INFO - DAG(s) 'Acougue_Previsao_Demanda' retrieved from /opt/airflow/dags/IA_Treino_Demanda_DAG.py
[2026-08-24T23:37:10.581+0000] {logging_mixin.py:188} INFO - [2026-08-24T23:37:10.580+0000] {dag.py:3096} INFO - Sync 1 DAGs
[2026-08-24T23:37:10.602+0000] {logging_mixin.py:188} INFO - [2026-08-24T23:37:10.602+0000] {dag.py:3954} INFO - Setting next_dagrun for Acougue_Previsao_Demanda to 2026-08-24 00:00:00+00:00, run_after=2026-08-25 00:00:00+00:00
[2026-08-24T23:37:10.626+0000] {processor.py:183} INFO - Processing /opt/airflow/dags/IA_Treino_Demanda_DAG.py took 0.905 seconds
[2026-08-24T23:37:40.867+0000] {processor.py:161} INFO - Started process (PID=1210) to work on /opt/airflow/dags/IA_Treino_Demanda_DAG.py
[2026-08-24T23:37:40.870+0000] {processor.py:830} INFO - Processing file /opt/airflow/dags/IA_Treino_Demanda_DAG.py for tasks to queue
[2026-08-24T23:37:40.874+0000] {logging_mixin.py:188} INFO - [2026-08-24T23:37:40.874+0000] {dagbag.py:545} INFO - Filling up the DagBag from /opt/airflow/dags/IA_Treino_Demanda_DAG.py
[2026-08-24T23:37:41.738+0000] {processor.py:840} INFO - DAG(s) 'Acougue_Previsao_Demanda' retrieved from /opt/airflow/dags/IA_Treino_Demanda_DAG.py
[2026-08-24T23:37:41.776+0000] {logging_mixin.py:188} INFO - [2026-08-24T23:37:41.775+0000] {dag.py:3096} INFO - Sync 1 DAGs
[2026-08-24T23:37:41.816+0000] {logging_mixin.py:188} INFO - [2026-08-24T23:37:41.816+0000] {dag.py:3954} INFO - Setting next_dagrun for Acougue_Previsao_Demanda to 2026-08-24 00:00:00+00:00, run_after=2026-08-25 00:00:00+00:00
[2026-08-24T23:37:41.833+0000] {processor.py:183} INFO - Processing /opt/airflow/dags/IA_Treino_Demanda_DAG.py took 0.992 seconds
[2026-08-24T23:38:12.145+0000] {processor.py:161} INFO - Started process (PID=1222) to work on /opt/airflow/dags/IA_Treino_Demanda_DAG.py
[2026-08-24T23:38:12.148+0000] {processor.py:830} INFO - Processing file /opt/airflow/dags/IA_Treino_Demanda_DAG.py for tasks to queue
[2026-08-24T23:38:12.153+0000] {logging_mixin.py:188} INFO - [2026-08-24T23:38:12.152+0000] {dagbag.py:545} INFO - Filling up the DagBag from /opt/airflow/dags/IA_Treino_Demanda_DAG.py
[2026-08-24T23:38:13.546+0000] {processor.py:840} INFO - DAG(s) 'Acougue_Previsao_Demanda' retrieved from /opt/airflow/dags/IA_Treino_Demanda_DAG.py
[2026-08-24T23:38:13.587+0000] {logging_mixin.py:188} INFO - [2026-08-24T23:38:13.587+0000] {dag.py:3096} INFO - Sync 1 DAGs
[2026-08-24T23:38:13.611+0000] {logging_mixin.py:188} INFO - [2026-08-24T23:38:13.611+0000] {dag.py:3954} INFO - Setting next_dagrun for Acougue_Previsao_Demanda to 2026-08-24 00:00:00+00:00, run_after=2026-08-25 00:00:00+00:00
[2026-08-24T23:38:13.642+0000] {processor.py:183} INFO - Processing /opt/airflow/dags/IA_Treino_Demanda_DAG.py took 1.517 seconds
[2026-08-24T23:38:44.220+0000] {processor.py:161} INFO - Started process (PID=1239) to work on /opt/airflow/dags/IA_Treino_Demanda_DAG.py
[2026-08-24T23:38:44.222+0000] {processor.py:830} INFO - Processing file /opt/airflow/dags/IA_Treino_Demanda_DAG.py for tasks to queue
[2026-08-24T23:38:44.224+0000] {logging_mixin.py:188} INFO - [2026-08-24T23:38:44.224+0000] {dagbag.py:545} INFO - Filling up the DagBag from /opt/airflow/dags/IA_Treino_Demanda_DAG.py
[2026-08-24T23:38:45.010+0000] {processor.py:840} INFO - DAG(s) 'Acougue_Previsao_Demanda' retrieved from /opt/airflow/dags/IA_Treino_Demanda_DAG.py
[2026-08-24T23:38:45.062+0000] {logging_mixin.py:188} INFO - [2026-08-24T23:38:45.061+0000] {dag.py:3096} INFO - Sync 1 DAGs
[2026-08-24T23:38:45.093+0000] {logging_mixin.py:188} INFO - [2026-08-24T23:38:45.093+0000] {dag.py:3954} INFO - Setting next_dagrun for Acougue_Previsao_Demanda to 2026-08-24 00:00:00+00:00, run_after=2026-08-25 00:00:00+00:00
[2026-08-24T23:38:45.114+0000] {processor.py:183} INFO - Processing /opt/airflow/dags/IA_Treino_Demanda_DAG.py took 0.904 seconds
[2026-08-24T23:39:15.361+0000] {processor.py:161} INFO - Started process (PID=1249) to work on /opt/airflow/dags/IA_Treino_Demanda_DAG.py
[2026-08-24T23:39:15.363+0000] {processor.py:830} INFO - Processing file /opt/airflow/dags/IA_Treino_Demanda_DAG.py for tasks to queue
[2026-08-24T23:39:15.366+0000] {logging_mixin.py:188} INFO - [2026-08-24T23:39:15.365+0000] {dagbag.py:545} INFO - Filling up the DagBag from /opt/airflow/dags/IA_Treino_Demanda_DAG.py
[2026-08-24T23:39:15.919+0000] {processor.py:840} INFO - DAG(s) 'Acougue_Previsao_Demanda' retrieved from /opt/airflow/dags/IA_Treino_Demanda_DAG.py
[2026-08-24T23:39:15.954+0000] {logging_mixin.py:188} INFO - [2026-08-24T23:39:15.953+0000] {dag.py:3096} INFO - Sync 1 DAGs
[2026-08-24T23:39:15.980+0000] {logging_mixin.py:188} INFO - [2026-08-24T23:39:15.979+0000] {dag.py:3954} INFO - Setting next_dagrun for Acougue_Previsao_Demanda to 2026-08-24 00:00:00+00:00, run_after=2026-08-25 00:00:00+00:00
[2026-08-24T23:39:15.998+0000] {processor.py:183} INFO - Processing /opt/airflow/dags/IA_Treino_Demanda_DAG.py took 0.645 seconds
[2026-08-24T23:39:46.236+0000] {processor.py:161} INFO - Started process (PID=1265) to work on /opt/airflow/dags/IA_Treino_Demanda_DAG.py
[2026-08-24T23:39:46.238+0000] {processor.py:830} INFO - Processing file /opt/airflow/dags/IA_Treino_Demanda_DAG.py for tasks to queue
[2026-08-24T23:39:46.241+0000] {logging_mixin.py:188} INFO - [2026-08-24T23:39:46.241+0000] {dagbag.py:545} INFO - Filling up the DagBag from /opt/airflow/dags/IA_Treino_Demanda_DAG.py
[2026-08-24T23:39:46.907+0000] {processor.py:840} INFO - DAG(s) 'Acougue_Previsao_Demanda' retrieved from /opt/airflow/dags/IA_Treino_Demanda_DAG.py
[2026-08-24T23:39:46.934+0000] {logging_mixin.py:188} INFO - [2026-08-24T23:39:46.934+0000] {dag.py:3096} INFO - Sync 1 DAGs
[2026-08-24T23:39:46.961+0000] {logging_mixin.py:188} INFO - [2026-08-24T23:39:46.961+0000] {dag.py:3954} INFO - Setting next_dagrun for Acougue_Previsao_Demanda to 2026-08-24 00:00:00+00:00, run_after=2026-08-25 00:00:00+00:00
[2026-08-24T23:39:46.992+0000] {processor.py:183} INFO - Processing /opt/airflow/dags/IA_Treino_Demanda_DAG.py took 0.770 seconds
[2026-08-24T23:40:17.296+0000] {processor.py:161} INFO - Started process (PID=1281) to work on /opt/airflow/dags/IA_Treino_Demanda_DAG.py
[2026-08-24T23:40:17.298+0000] {processor.py:830} INFO - Processing file /opt/airflow/dags/IA_Treino_Demanda_DAG.py for tasks to queue
[2026-08-24T23:40:17.301+0000] {logging_mixin.py:188} INFO - [2026-08-24T23:40:17.301+0000] {dagbag.py:545} INFO - Filling up the DagBag from /opt/airflow/dags/IA_Treino_Demanda_DAG.py
[2026-08-24T23:40:17.852+0000] {processor.py:840} INFO - DAG(s) 'Acougue_Previsao_Demanda' retrieved from /opt/airflow/dags/IA_Treino_Demanda_DAG.py
[2026-08-24T23:40:17.884+0000] {logging_mixin.py:188} INFO - [2026-08-24T23:40:17.883+0000] {dag.py:3096} INFO - Sync 1 DAGs
[2026-08-24T23:40:17.909+0000] {logging_mixin.py:188} INFO - [2026-08-24T23:40:17.909+0000] {dag.py:3954} INFO - Setting next_dagrun for Acougue_Previsao_Demanda to 2026-08-24 00:00:00+00:00, run_after=2026-08-25 00:00:00+00:00
[2026-08-24T23:40:17.930+0000] {processor.py:183} INFO - Processing /opt/airflow/dags/IA_Treino_Demanda_DAG.py took 0.646 seconds
[2026-08-24T23:40:48.165+0000] {processor.py:161} INFO - Started process (PID=1297) to work on /opt/airflow/dags/IA_Treino_Demanda_DAG.py
[2026-08-24T23:40:48.166+0000] {processor.py:830} INFO - Processing file /opt/airflow/dags/IA_Treino_Demanda_DAG.py for tasks to queue
[2026-08-24T23:40:48.168+0000] {logging_mixin.py:188} INFO - [2026-08-24T23:40:48.168+0000] {dagbag.py:545} INFO - Filling up the DagBag from /opt/airflow/dags/IA_Treino_Demanda_DAG.py
[2026-08-24T23:40:48.798+0000] {processor.py:840} INFO - DAG(s) 'Acougue_Previsao_Demanda' retrieved from /opt/airflow/dags/IA_Treino_Demanda_DAG.py
[2026-08-24T23:40:48.827+0000] {logging_mixin.py:188} INFO - [2026-08-24T23:40:48.826+0000] {dag.py:3096} INFO - Sync 1 DAGs
[2026-08-24T23:40:48.859+0000] {logging_mixin.py:188} INFO - [2026-08-24T23:40:48.858+0000] {dag.py:3954} INFO - Setting next_dagrun for Acougue_Previsao_Demanda to 2026-08-24 00:00:00+00:00, run_after=2026-08-25 00:00:00+00:00
[2026-08-24T23:40:48.878+0000] {processor.py:183} INFO - Processing /opt/airflow/dags/IA_Treino_Demanda_DAG.py took 0.724 seconds
[2026-08-24T23:41:19.114+0000] {processor.py:161} INFO - Started process (PID=1313) to work on /opt/airflow/dags/IA_Treino_Demanda_DAG.py
[2026-08-24T23:41:19.116+0000] {processor.py:830} INFO - Processing file /opt/airflow/dags/IA_Treino_Demanda_DAG.py for tasks to queue
[2026-08-24T23:41:19.120+0000] {logging_mixin.py:188} INFO - [2026-08-24T23:41:19.119+0000] {dagbag.py:545} INFO - Filling up the DagBag from /opt/airflow/dags/IA_Treino_Demanda_DAG.py
[2026-08-24T23:41:19.717+0000] {processor.py:840} INFO - DAG(s) 'Acougue_Previsao_Demanda' retrieved from /opt/airflow/dags/IA_Treino_Demanda_DAG.py
[2026-08-24T23:41:19.747+0000] {logging_mixin.py:188} INFO - [2026-08-24T23:41:19.747+0000] {dag.py:3096} INFO - Sync 1 DAGs
[2026-08-24T23:41:19.775+0000] {logging_mixin.py:188} INFO - [2026-08-24T23:41:19.775+0000] {dag.py:3954} INFO - Setting next_dagrun for Acougue_Previsao_Demanda to 2026-08-24 00:00:00+00:00, run_after=2026-08-25 00:00:00+00:00
[2026-08-24T23:41:19.805+0000] {processor.py:183} INFO - Processing /opt/airflow/dags/IA_Treino_Demanda_DAG.py took 0.702 seconds
[2026-08-24T23:41:50.044+0000] {processor.py:161} INFO - Started process (PID=1329) to work on /opt/airflow/dags/IA_Treino_Demanda_DAG.py
[2026-08-24T23:41:50.045+0000] {processor.py:830} INFO - Processing file /opt/airflow/dags/IA_Treino_Demanda_DAG.py for tasks to queue
[2026-08-24T23:41:50.047+0000] {logging_mixin.py:188} INFO - [2026-08-24T23:41:50.047+0000] {dagbag.py:545} INFO - Filling up the DagBag from /opt/airflow/dags/IA_Treino_Demanda_DAG.py
[2026-08-24T23:41:50.622+0000] {processor.py:840} INFO - DAG(s) 'Acougue_Previsao_Demanda' retrieved from /opt/airflow/dags/IA_Treino_Demanda_DAG.py
[2026-08-24T23:41:50.655+0000] {logging_mixin.py:188} INFO - [2026-08-24T23:41:50.654+0000] {dag.py:3096} INFO - Sync 1 DAGs
[2026-08-24T23:41:50.682+0000] {logging_mixin.py:188} INFO - [2026-08-24T23:41:50.682+0000] {dag.py:3954} INFO - Setting next_dagrun for Acougue_Previsao_Demanda to 2026-08-24 00:00:00+00:00, run_after=2026-08-25 00:00:00+00:00
[2026-08-24T23:41:50.700+0000] {processor.py:183} INFO - Processing /opt/airflow/dags/IA_Treino_Demanda_DAG.py took 0.665 seconds
[2026-08-24T23:42:21.614+0000] {processor.py:161} INFO - Started process (PID=1345) to work on /opt/airflow/dags/IA_Treino_Demanda_DAG.py
[2026-08-24T23:42:21.616+0000] {processor.py:830} INFO - Processing file /opt/airflow/dags/IA_Treino_Demanda_DAG.py for tasks to queue
[2026-08-24T23:42:21.618+0000] {logging_mixin.py:188} INFO - [2026-08-24T23:42:21.618+0000] {dagbag.py:545} INFO - Filling up the DagBag from /opt/airflow/dags/IA_Treino_Demanda_DAG.py
[2026-08-24T23:42:22.171+0000] {processor.py:840} INFO - DAG(s) 'Acougue_Previsao_Demanda' retrieved from /opt/airflow/dags/IA_Treino_Demanda_DAG.py
[2026-08-24T23:42:22.199+0000] {logging_mixin.py:188} INFO - [2026-08-24T23:42:22.199+0000] {dag.py:3096} INFO - Sync 1 DAGs
[2026-08-24T23:42:22.227+0000] {logging_mixin.py:188} INFO - [2026-08-24T23:42:22.227+0000] {dag.py:3954} INFO - Setting next_dagrun for Acougue_Previsao_Demanda to 2026-08-24 00:00:00+00:00, run_after=2026-08-25 00:00:00+00:00
[2026-08-24T23:42:22.253+0000] {processor.py:183} INFO - Processing /opt/airflow/dags/IA_Treino_Demanda_DAG.py took 0.648 seconds
[2026-08-24T23:42:52.469+0000] {processor.py:161} INFO - Started process (PID=1361) to work on /opt/airflow/dags/IA_Treino_Demanda_DAG.py
[2026-08-24T23:42:52.470+0000] {processor.py:830} INFO - Processing file /opt/airflow/dags/IA_Treino_Demanda_DAG.py for tasks to queue
[2026-08-24T23:42:52.472+0000] {logging_mixin.py:188} INFO - [2026-08-24T23:42:52.471+0000] {dagbag.py:545} INFO - Filling up the DagBag from /opt/airflow/dags/IA_Treino_Demanda_DAG.py
[2026-08-24T23:42:53.044+0000] {processor.py:840} INFO - DAG(s) 'Acougue_Previsao_Demanda' retrieved from /opt/airflow/dags/IA_Treino_Demanda_DAG.py
[2026-08-24T23:42:53.079+0000] {logging_mixin.py:188} INFO - [2026-08-24T23:42:53.078+0000] {dag.py:3096} INFO - Sync 1 DAGs
[2026-08-24T23:42:53.104+0000] {logging_mixin.py:188} INFO - [2026-08-24T23:42:53.104+0000] {dag.py:3954} INFO - Setting next_dagrun for Acougue_Previsao_Demanda to 2026-08-24 00:00:00+00:00, run_after=2026-08-25 00:00:00+00:00
[2026-08-24T23:42:53.122+0000] {processor.py:183} INFO - Processing /opt/airflow/dags/IA_Treino_Demanda_DAG.py took 0.661 seconds
[2026-08-24T23:43:23.364+0000] {processor.py:161} INFO - Started process (PID=1377) to work on /opt/airflow/dags/IA_Treino_Demanda_DAG.py
[2026-08-24T23:43:23.367+0000] {processor.py:830} INFO - Processing file /opt/airflow/dags/IA_Treino_Demanda_DAG.py for tasks to queue
[2026-08-24T23:43:23.369+0000] {logging_mixin.py:188} INFO - [2026-08-24T23:43:23.369+0000] {dagbag.py:545} INFO - Filling up the DagBag from /opt/airflow/dags/IA_Treino_Demanda_DAG.py
[2026-08-24T23:43:23.990+0000] {processor.py:840} INFO - DAG(s) 'Acougue_Previsao_Demanda' retrieved from /opt/airflow/dags/IA_Treino_Demanda_DAG.py
[2026-08-24T23:43:24.026+0000] {logging_mixin.py:188} INFO - [2026-08-24T23:43:24.025+0000] {dag.py:3096} INFO - Sync 1 DAGs
[2026-08-24T23:43:24.054+0000] {logging_mixin.py:188} INFO - [2026-08-24T23:43:24.053+0000] {dag.py:3954} INFO - Setting next_dagrun for Acougue_Previsao_Demanda to 2026-08-24 00:00:00+00:00, run_after=2026-08-25 00:00:00+00:00
[2026-08-24T23:43:24.077+0000] {processor.py:183} INFO - Processing /opt/airflow/dags/IA_Treino_Demanda_DAG.py took 0.724 seconds
[2026-08-24T23:43:54.313+0000] {processor.py:161} INFO - Started process (PID=1404) to work on /opt/airflow/dags/IA_Treino_Demanda_DAG.py
[2026-08-24T23:43:54.315+0000] {processor.py:830} INFO - Processing file /opt/airflow/dags/IA_Treino_Demanda_DAG.py for tasks to queue
[2026-08-24T23:43:54.317+0000] {logging_mixin.py:188} INFO - [2026-08-24T23:43:54.317+0000] {dagbag.py:545} INFO - Filling up the DagBag from /opt/airflow/dags/IA_Treino_Demanda_DAG.py
[2026-08-24T23:43:54.950+0000] {processor.py:840} INFO - DAG(s) 'Acougue_Previsao_Demanda' retrieved from /opt/airflow/dags/IA_Treino_Demanda_DAG.py
[2026-08-24T23:43:54.976+0000] {logging_mixin.py:188} INFO - [2026-08-24T23:43:54.975+0000] {dag.py:3096} INFO - Sync 1 DAGs
[2026-08-24T23:43:55.000+0000] {logging_mixin.py:188} INFO - [2026-08-24T23:43:55.000+0000] {dag.py:3954} INFO - Setting next_dagrun for Acougue_Previsao_Demanda to 2026-08-24 00:00:00+00:00, run_after=2026-08-25 00:00:00+00:00
[2026-08-24T23:43:55.020+0000] {processor.py:183} INFO - Processing /opt/airflow/dags/IA_Treino_Demanda_DAG.py took 0.719 seconds
[2026-08-24T23:44:25.122+0000] {processor.py:161} INFO - Started process (PID=1442) to work on /opt/airflow/dags/IA_Treino_Demanda_DAG.py
[2026-08-24T23:44:25.123+0000] {processor.py:830} INFO - Processing file /opt/airflow/dags/IA_Treino_Demanda_DAG.py for tasks to queue
[2026-08-24T23:44:25.125+0000] {logging_mixin.py:188} INFO - [2026-08-24T23:44:25.125+0000] {dagbag.py:545} INFO - Filling up the DagBag from /opt/airflow/dags/IA_Treino_Demanda_DAG.py
[2026-08-24T23:44:25.974+0000] {processor.py:840} INFO - DAG(s) 'Acougue_Previsao_Demanda' retrieved from /opt/airflow/dags/IA_Treino_Demanda_DAG.py
[2026-08-24T23:44:26.010+0000] {logging_mixin.py:188} INFO - [2026-08-24T23:44:26.009+0000] {dag.py:3096} INFO - Sync 1 DAGs
[2026-08-24T23:44:26.038+0000] {logging_mixin.py:188} INFO - [2026-08-24T23:44:26.038+0000] {dag.py:3954} INFO - Setting next_dagrun for Acougue_Previsao_Demanda to 2026-08-24 00:00:00+00:00, run_after=2026-08-25 00:00:00+00:00
[2026-08-24T23:44:26.059+0000] {processor.py:183} INFO - Processing /opt/airflow/dags/IA_Treino_Demanda_DAG.py took 0.944 seconds
[2026-08-24T23:44:56.236+0000] {processor.py:161} INFO - Started process (PID=1460) to work on /opt/airflow/dags/IA_Treino_Demanda_DAG.py
[2026-08-24T23:44:56.238+0000] {processor.py:830} INFO - Processing file /opt/airflow/dags/IA_Treino_Demanda_DAG.py for tasks to queue
[2026-08-24T23:44:56.240+0000] {logging_mixin.py:188} INFO - [2026-08-24T23:44:56.240+0000] {dagbag.py:545} INFO - Filling up the DagBag from /opt/airflow/dags/IA_Treino_Demanda_DAG.py
[2026-08-24T23:44:57.072+0000] {processor.py:840} INFO - DAG(s) 'Acougue_Previsao_Demanda' retrieved from /opt/airflow/dags/IA_Treino_Demanda_DAG.py
[2026-08-24T23:44:57.108+0000] {logging_mixin.py:188} INFO - [2026-08-24T23:44:57.108+0000] {dag.py:3096} INFO - Sync 1 DAGs
[2026-08-24T23:44:57.138+0000] {logging_mixin.py:188} INFO - [2026-08-24T23:44:57.138+0000] {dag.py:3954} INFO - Setting next_dagrun for Acougue_Previsao_Demanda to 2026-08-24 00:00:00+00:00, run_after=2026-08-25 00:00:00+00:00
[2026-08-24T23:44:57.164+0000] {processor.py:183} INFO - Processing /opt/airflow/dags/IA_Treino_Demanda_DAG.py took 0.936 seconds
[2026-08-24T23:45:27.641+0000] {processor.py:161} INFO - Started process (PID=1476) to work on /opt/airflow/dags/IA_Treino_Demanda_DAG.py
[2026-08-24T23:45:27.646+0000] {processor.py:830} INFO - Processing file /opt/airflow/dags/IA_Treino_Demanda_DAG.py for tasks to queue
[2026-08-24T23:45:27.653+0000] {logging_mixin.py:188} INFO - [2026-08-24T23:45:27.651+0000] {dagbag.py:545} INFO - Filling up the DagBag from /opt/airflow/dags/IA_Treino_Demanda_DAG.py
[2026-08-24T23:45:28.531+0000] {processor.py:840} INFO - DAG(s) 'Acougue_Previsao_Demanda' retrieved from /opt/airflow/dags/IA_Treino_Demanda_DAG.py
[2026-08-24T23:45:28.598+0000] {logging_mixin.py:188} INFO - [2026-08-24T23:45:28.597+0000] {dag.py:3096} INFO - Sync 1 DAGs
[2026-08-24T23:45:28.633+0000] {logging_mixin.py:188} INFO - [2026-08-24T23:45:28.632+0000] {dag.py:3954} INFO - Setting next_dagrun for Acougue_Previsao_Demanda to 2026-08-24 00:00:00+00:00, run_after=2026-08-25 00:00:00+00:00
[2026-08-24T23:45:28.666+0000] {processor.py:183} INFO - Processing /opt/airflow/dags/IA_Treino_Demanda_DAG.py took 1.044 seconds
[2026-08-24T23:45:58.935+0000] {processor.py:161} INFO - Started process (PID=1490) to work on /opt/airflow/dags/IA_Treino_Demanda_DAG.py
[2026-08-24T23:45:58.941+0000] {processor.py:830} INFO - Processing file /opt/airflow/dags/IA_Treino_Demanda_DAG.py for tasks to queue
[2026-08-24T23:45:58.949+0000] {logging_mixin.py:188} INFO - [2026-08-24T23:45:58.948+0000] {dagbag.py:545} INFO - Filling up the DagBag from /opt/airflow/dags/IA_Treino_Demanda_DAG.py
[2026-08-24T23:46:00.781+0000] {processor.py:840} INFO - DAG(s) 'Acougue_Previsao_Demanda' retrieved from /opt/airflow/dags/IA_Treino_Demanda_DAG.py
[2026-08-24T23:46:00.815+0000] {logging_mixin.py:188} INFO - [2026-08-24T23:46:00.814+0000] {dag.py:3096} INFO - Sync 1 DAGs
[2026-08-24T23:46:00.895+0000] {logging_mixin.py:188} INFO - [2026-08-24T23:46:00.886+0000] {dag.py:3954} INFO - Setting next_dagrun for Acougue_Previsao_Demanda to 2026-08-24 00:00:00+00:00, run_after=2026-08-25 00:00:00+00:00
[2026-08-24T23:46:00.973+0000] {processor.py:183} INFO - Processing /opt/airflow/dags/IA_Treino_Demanda_DAG.py took 2.067 seconds
[2026-08-24T23:46:31.348+0000] {processor.py:161} INFO - Started process (PID=1505) to work on /opt/airflow/dags/IA_Treino_Demanda_DAG.py
[2026-08-24T23:46:31.353+0000] {processor.py:830} INFO - Processing file /opt/airflow/dags/IA_Treino_Demanda_DAG.py for tasks to queue
[2026-08-24T23:46:31.357+0000] {logging_mixin.py:188} INFO - [2026-08-24T23:46:31.356+0000] {dagbag.py:545} INFO - Filling up the DagBag from /opt/airflow/dags/IA_Treino_Demanda_DAG.py
[2026-08-24T23:46:32.670+0000] {processor.py:840} INFO - DAG(s) 'Acougue_Previsao_Demanda' retrieved from /opt/airflow/dags/IA_Treino_Demanda_DAG.py
[2026-08-24T23:46:32.730+0000] {logging_mixin.py:188} INFO - [2026-08-24T23:46:32.727+0000] {dag.py:3096} INFO - Sync 1 DAGs
[2026-08-24T23:46:32.785+0000] {logging_mixin.py:188} INFO - [2026-08-24T23:46:32.784+0000] {dag.py:3954} INFO - Setting next_dagrun for Acougue_Previsao_Demanda to 2026-08-24 00:00:00+00:00, run_after=2026-08-25 00:00:00+00:00
[2026-08-24T23:46:32.818+0000] {processor.py:183} INFO - Processing /opt/airflow/dags/IA_Treino_Demanda_DAG.py took 1.496 seconds
[2026-08-24T23:47:03.628+0000] {processor.py:161} INFO - Started process (PID=1516) to work on /opt/airflow/dags/IA_Treino_Demanda_DAG.py
[2026-08-24T23:47:03.632+0000] {processor.py:830} INFO - Processing file /opt/airflow/dags/IA_Treino_Demanda_DAG.py for tasks to queue
[2026-08-24T23:47:03.638+0000] {logging_mixin.py:188} INFO - [2026-08-24T23:47:03.637+0000] {dagbag.py:545} INFO - Filling up the DagBag from /opt/airflow/dags/IA_Treino_Demanda_DAG.py
[2026-08-24T23:47:04.489+0000] {processor.py:840} INFO - DAG(s) 'Acougue_Previsao_Demanda' retrieved from /opt/airflow/dags/IA_Treino_Demanda_DAG.py
[2026-08-24T23:47:04.523+0000] {logging_mixin.py:188} INFO - [2026-08-24T23:47:04.522+0000] {dag.py:3096} INFO - Sync 1 DAGs
[2026-08-24T23:47:04.548+0000] {logging_mixin.py:188} INFO - [2026-08-24T23:47:04.547+0000] {dag.py:3954} INFO - Setting next_dagrun for Acougue_Previsao_Demanda to 2026-08-24 00:00:00+00:00, run_after=2026-08-25 00:00:00+00:00
[2026-08-24T23:47:04.574+0000] {processor.py:183} INFO - Processing /opt/airflow/dags/IA_Treino_Demanda_DAG.py took 0.969 seconds
[2026-08-24T23:47:35.079+0000] {processor.py:161} INFO - Started process (PID=1532) to work on /opt/airflow/dags/IA_Treino_Demanda_DAG.py
[2026-08-24T23:47:35.085+0000] {processor.py:830} INFO - Processing file /opt/airflow/dags/IA_Treino_Demanda_DAG.py for tasks to queue
[2026-08-24T23:47:35.092+0000] {logging_mixin.py:188} INFO - [2026-08-24T23:47:35.091+0000] {dagbag.py:545} INFO - Filling up the DagBag from /opt/airflow/dags/IA_Treino_Demanda_DAG.py
[2026-08-24T23:47:35.967+0000] {processor.py:840} INFO - DAG(s) 'Acougue_Previsao_Demanda' retrieved from /opt/airflow/dags/IA_Treino_Demanda_DAG.py
[2026-08-24T23:47:36.004+0000] {logging_mixin.py:188} INFO - [2026-08-24T23:47:36.004+0000] {dag.py:3096} INFO - Sync 1 DAGs
[2026-08-24T23:47:36.031+0000] {logging_mixin.py:188} INFO - [2026-08-24T23:47:36.030+0000] {dag.py:3954} INFO - Setting next_dagrun for Acougue_Previsao_Demanda to 2026-08-24 00:00:00+00:00, run_after=2026-08-25 00:00:00+00:00
[2026-08-24T23:47:36.072+0000] {processor.py:183} INFO - Processing /opt/airflow/dags/IA_Treino_Demanda_DAG.py took 1.018 seconds
[2026-08-24T23:48:06.316+0000] {processor.py:161} INFO - Started process (PID=1557) to work on /opt/airflow/dags/IA_Treino_Demanda_DAG.py
[2026-08-24T23:48:06.320+0000] {processor.py:830} INFO - Processing file /opt/airflow/dags/IA_Treino_Demanda_DAG.py for tasks to queue
[2026-08-24T23:48:06.322+0000] {logging_mixin.py:188} INFO - [2026-08-24T23:48:06.321+0000] {dagbag.py:545} INFO - Filling up the DagBag from /opt/airflow/dags/IA_Treino_Demanda_DAG.py
[2026-08-24T23:48:06.980+0000] {processor.py:840} INFO - DAG(s) 'Acougue_Previsao_Demanda' retrieved from /opt/airflow/dags/IA_Treino_Demanda_DAG.py
[2026-08-24T23:48:07.010+0000] {logging_mixin.py:188} INFO - [2026-08-24T23:48:07.010+0000] {dag.py:3096} INFO - Sync 1 DAGs
[2026-08-24T23:48:07.037+0000] {logging_mixin.py:188} INFO - [2026-08-24T23:48:07.036+0000] {dag.py:3954} INFO - Setting next_dagrun for Acougue_Previsao_Demanda to 2026-08-24 00:00:00+00:00, run_after=2026-08-25 00:00:00+00:00
[2026-08-24T23:48:07.055+0000] {processor.py:183} INFO - Processing /opt/airflow/dags/IA_Treino_Demanda_DAG.py took 0.750 seconds
[2026-08-24T23:48:37.275+0000] {processor.py:161} INFO - Started process (PID=1573) to work on /opt/airflow/dags/IA_Treino_Demanda_DAG.py
[2026-08-24T23:48:37.276+0000] {processor.py:830} INFO - Processing file /opt/airflow/dags/IA_Treino_Demanda_DAG.py for tasks to queue
[2026-08-24T23:48:37.278+0000] {logging_mixin.py:188} INFO - [2026-08-24T23:48:37.278+0000] {dagbag.py:545} INFO - Filling up the DagBag from /opt/airflow/dags/IA_Treino_Demanda_DAG.py
[2026-08-24T23:48:37.857+0000] {processor.py:840} INFO - DAG(s) 'Acougue_Previsao_Demanda' retrieved from /opt/airflow/dags/IA_Treino_Demanda_DAG.py
[2026-08-24T23:48:37.886+0000] {logging_mixin.py:188} INFO - [2026-08-24T23:48:37.886+0000] {dag.py:3096} INFO - Sync 1 DAGs
[2026-08-24T23:48:37.914+0000] {logging_mixin.py:188} INFO - [2026-08-24T23:48:37.914+0000] {dag.py:3954} INFO - Setting next_dagrun for Acougue_Previsao_Demanda to 2026-08-24 00:00:00+00:00, run_after=2026-08-25 00:00:00+00:00
[2026-08-24T23:48:37.934+0000] {processor.py:183} INFO - Processing /opt/airflow/dags/IA_Treino_Demanda_DAG.py took 0.668 seconds
[2026-08-24T23:49:08.028+0000] {processor.py:161} INFO - Started process (PID=1585) to work on /opt/airflow/dags/IA_Treino_Demanda_DAG.py
[2026-08-24T23:49:08.031+0000] {processor.py:830} INFO - Processing file /opt/airflow/dags/IA_Treino_Demanda_DAG.py for tasks to queue
[2026-08-24T23:49:08.034+0000] {logging_mixin.py:188} INFO - [2026-08-24T23:49:08.034+0000] {dagbag.py:545} INFO - Filling up the DagBag from /opt/airflow/dags/IA_Treino_Demanda_DAG.py
[2026-08-24T23:49:08.690+0000] {processor.py:840} INFO - DAG(s) 'Acougue_Previsao_Demanda' retrieved from /opt/airflow/dags/IA_Treino_Demanda_DAG.py
[2026-08-24T23:49:08.722+0000] {logging_mixin.py:188} INFO - [2026-08-24T23:49:08.721+0000] {dag.py:3096} INFO - Sync 1 DAGs
[2026-08-24T23:49:08.752+0000] {logging_mixin.py:188} INFO - [2026-08-24T23:49:08.751+0000] {dag.py:3954} INFO - Setting next_dagrun for Acougue_Previsao_Demanda to 2026-08-24 00:00:00+00:00, run_after=2026-08-25 00:00:00+00:00
[2026-08-24T23:49:08.770+0000] {processor.py:183} INFO - Processing /opt/airflow/dags/IA_Treino_Demanda_DAG.py took 0.753 seconds
[2026-08-24T23:49:38.996+0000] {processor.py:161} INFO - Started process (PID=1617) to work on /opt/airflow/dags/IA_Treino_Demanda_DAG.py
[2026-08-24T23:49:38.997+0000] {processor.py:830} INFO - Processing file /opt/airflow/dags/IA_Treino_Demanda_DAG.py for tasks to queue
[2026-08-24T23:49:38.998+0000] {logging_mixin.py:188} INFO - [2026-08-24T23:49:38.998+0000] {dagbag.py:545} INFO - Filling up the DagBag from /opt/airflow/dags/IA_Treino_Demanda_DAG.py
[2026-08-24T23:49:39.612+0000] {processor.py:840} INFO - DAG(s) 'Acougue_Previsao_Demanda' retrieved from /opt/airflow/dags/IA_Treino_Demanda_DAG.py
[2026-08-24T23:49:39.694+0000] {logging_mixin.py:188} INFO - [2026-08-24T23:49:39.693+0000] {dag.py:3096} INFO - Sync 1 DAGs
[2026-08-24T23:49:39.760+0000] {logging_mixin.py:188} INFO - [2026-08-24T23:49:39.760+0000] {dag.py:3954} INFO - Setting next_dagrun for Acougue_Previsao_Demanda to 2026-08-24 00:00:00+00:00, run_after=2026-08-25 00:00:00+00:00
[2026-08-24T23:49:39.865+0000] {processor.py:183} INFO - Processing /opt/airflow/dags/IA_Treino_Demanda_DAG.py took 0.876 seconds
[2026-08-24T23:50:10.720+0000] {processor.py:161} INFO - Started process (PID=1665) to work on /opt/airflow/dags/IA_Treino_Demanda_DAG.py
[2026-08-24T23:50:10.729+0000] {processor.py:830} INFO - Processing file /opt/airflow/dags/IA_Treino_Demanda_DAG.py for tasks to queue
[2026-08-24T23:50:10.736+0000] {logging_mixin.py:188} INFO - [2026-08-24T23:50:10.735+0000] {dagbag.py:545} INFO - Filling up the DagBag from /opt/airflow/dags/IA_Treino_Demanda_DAG.py
[2026-08-24T23:50:12.361+0000] {processor.py:840} INFO - DAG(s) 'Acougue_Previsao_Demanda' retrieved from /opt/airflow/dags/IA_Treino_Demanda_DAG.py
[2026-08-24T23:50:12.411+0000] {logging_mixin.py:188} INFO - [2026-08-24T23:50:12.410+0000] {dag.py:3096} INFO - Sync 1 DAGs
[2026-08-24T23:50:12.467+0000] {logging_mixin.py:188} INFO - [2026-08-24T23:50:12.466+0000] {dag.py:3954} INFO - Setting next_dagrun for Acougue_Previsao_Demanda to 2026-08-24 00:00:00+00:00, run_after=2026-08-25 00:00:00+00:00
[2026-08-24T23:50:12.579+0000] {processor.py:183} INFO - Processing /opt/airflow/dags/IA_Treino_Demanda_DAG.py took 1.898 seconds
[2026-08-24T23:50:43.074+0000] {processor.py:161} INFO - Started process (PID=1693) to work on /opt/airflow/dags/IA_Treino_Demanda_DAG.py
[2026-08-24T23:50:43.081+0000] {processor.py:830} INFO - Processing file /opt/airflow/dags/IA_Treino_Demanda_DAG.py for tasks to queue
[2026-08-24T23:50:43.087+0000] {logging_mixin.py:188} INFO - [2026-08-24T23:50:43.087+0000] {dagbag.py:545} INFO - Filling up the DagBag from /opt/airflow/dags/IA_Treino_Demanda_DAG.py
[2026-08-24T23:50:44.192+0000] {processor.py:840} INFO - DAG(s) 'Acougue_Previsao_Demanda' retrieved from /opt/airflow/dags/IA_Treino_Demanda_DAG.py
[2026-08-24T23:50:44.221+0000] {logging_mixin.py:188} INFO - [2026-08-24T23:50:44.220+0000] {dag.py:3096} INFO - Sync 1 DAGs
[2026-08-24T23:50:44.247+0000] {logging_mixin.py:188} INFO - [2026-08-24T23:50:44.246+0000] {dag.py:3954} INFO - Setting next_dagrun for Acougue_Previsao_Demanda to 2026-08-24 00:00:00+00:00, run_after=2026-08-25 00:00:00+00:00
[2026-08-24T23:50:44.266+0000] {processor.py:183} INFO - Processing /opt/airflow/dags/IA_Treino_Demanda_DAG.py took 1.235 seconds
[2026-08-24T23:51:14.521+0000] {processor.py:161} INFO - Started process (PID=1705) to work on /opt/airflow/dags/IA_Treino_Demanda_DAG.py
[2026-08-24T23:51:14.524+0000] {processor.py:830} INFO - Processing file /opt/airflow/dags/IA_Treino_Demanda_DAG.py for tasks to queue
[2026-08-24T23:51:14.528+0000] {logging_mixin.py:188} INFO - [2026-08-24T23:51:14.528+0000] {dagbag.py:545} INFO - Filling up the DagBag from /opt/airflow/dags/IA_Treino_Demanda_DAG.py
[2026-08-24T23:51:15.559+0000] {processor.py:840} INFO - DAG(s) 'Acougue_Previsao_Demanda' retrieved from /opt/airflow/dags/IA_Treino_Demanda_DAG.py
[2026-08-24T23:51:15.589+0000] {logging_mixin.py:188} INFO - [2026-08-24T23:51:15.588+0000] {dag.py:3096} INFO - Sync 1 DAGs
[2026-08-24T23:51:15.615+0000] {logging_mixin.py:188} INFO - [2026-08-24T23:51:15.615+0000] {dag.py:3954} INFO - Setting next_dagrun for Acougue_Previsao_Demanda to 2026-08-24 00:00:00+00:00, run_after=2026-08-25 00:00:00+00:00
[2026-08-24T23:51:15.633+0000] {processor.py:183} INFO - Processing /opt/airflow/dags/IA_Treino_Demanda_DAG.py took 1.131 seconds
[2026-08-24T23:51:45.972+0000] {processor.py:161} INFO - Started process (PID=1719) to work on /opt/airflow/dags/IA_Treino_Demanda_DAG.py
[2026-08-24T23:51:45.976+0000] {processor.py:830} INFO - Processing file /opt/airflow/dags/IA_Treino_Demanda_DAG.py for tasks to queue
[2026-08-24T23:51:45.980+0000] {logging_mixin.py:188} INFO - [2026-08-24T23:51:45.979+0000] {dagbag.py:545} INFO - Filling up the DagBag from /opt/airflow/dags/IA_Treino_Demanda_DAG.py
[2026-08-24T23:51:47.066+0000] {processor.py:840} INFO - DAG(s) 'Acougue_Previsao_Demanda' retrieved from /opt/airflow/dags/IA_Treino_Demanda_DAG.py
[2026-08-24T23:51:47.101+0000] {logging_mixin.py:188} INFO - [2026-08-24T23:51:47.100+0000] {dag.py:3096} INFO - Sync 1 DAGs
[2026-08-24T23:51:47.128+0000] {logging_mixin.py:188} INFO - [2026-08-24T23:51:47.127+0000] {dag.py:3954} INFO - Setting next_dagrun for Acougue_Previsao_Demanda to 2026-08-24 00:00:00+00:00, run_after=2026-08-25 00:00:00+00:00
[2026-08-24T23:51:47.146+0000] {processor.py:183} INFO - Processing /opt/airflow/dags/IA_Treino_Demanda_DAG.py took 1.193 seconds
[2026-08-24T23:52:17.475+0000] {processor.py:161} INFO - Started process (PID=1736) to work on /opt/airflow/dags/IA_Treino_Demanda_DAG.py
[2026-08-24T23:52:17.475+0000] {processor.py:830} INFO - Processing file /opt/airflow/dags/IA_Treino_Demanda_DAG.py for tasks to queue
[2026-08-24T23:52:17.477+0000] {logging_mixin.py:188} INFO - [2026-08-24T23:52:17.477+0000] {dagbag.py:545} INFO - Filling up the DagBag from /opt/airflow/dags/IA_Treino_Demanda_DAG.py
[2026-08-24T23:52:18.254+0000] {processor.py:840} INFO - DAG(s) 'Acougue_Previsao_Demanda' retrieved from /opt/airflow/dags/IA_Treino_Demanda_DAG.py
[2026-08-24T23:52:18.284+0000] {logging_mixin.py:188} INFO - [2026-08-24T23:52:18.283+0000] {dag.py:3096} INFO - Sync 1 DAGs
[2026-08-24T23:52:18.311+0000] {logging_mixin.py:188} INFO - [2026-08-24T23:52:18.310+0000] {dag.py:3954} INFO - Setting next_dagrun for Acougue_Previsao_Demanda to 2026-08-24 00:00:00+00:00, run_after=2026-08-25 00:00:00+00:00
[2026-08-24T23:52:18.341+0000] {processor.py:183} INFO - Processing /opt/airflow/dags/IA_Treino_Demanda_DAG.py took 0.875 seconds
[2026-08-24T23:52:48.718+0000] {processor.py:161} INFO - Started process (PID=1752) to work on /opt/airflow/dags/IA_Treino_Demanda_DAG.py
[2026-08-24T23:52:48.726+0000] {processor.py:830} INFO - Processing file /opt/airflow/dags/IA_Treino_Demanda_DAG.py for tasks to queue
[2026-08-24T23:52:48.731+0000] {logging_mixin.py:188} INFO - [2026-08-24T23:52:48.731+0000] {dagbag.py:545} INFO - Filling up the DagBag from /opt/airflow/dags/IA_Treino_Demanda_DAG.py
[2026-08-24T23:52:49.566+0000] {processor.py:840} INFO - DAG(s) 'Acougue_Previsao_Demanda' retrieved from /opt/airflow/dags/IA_Treino_Demanda_DAG.py
[2026-08-24T23:52:49.620+0000] {logging_mixin.py:188} INFO - [2026-08-24T23:52:49.619+0000] {dag.py:3096} INFO - Sync 1 DAGs
[2026-08-24T23:52:49.665+0000] {logging_mixin.py:188} INFO - [2026-08-24T23:52:49.665+0000] {dag.py:3954} INFO - Setting next_dagrun for Acougue_Previsao_Demanda to 2026-08-24 00:00:00+00:00, run_after=2026-08-25 00:00:00+00:00
[2026-08-24T23:52:49.705+0000] {processor.py:183} INFO - Processing /opt/airflow/dags/IA_Treino_Demanda_DAG.py took 1.008 seconds
[2026-08-24T23:53:20.029+0000] {processor.py:161} INFO - Started process (PID=1768) to work on /opt/airflow/dags/IA_Treino_Demanda_DAG.py
[2026-08-24T23:53:20.032+0000] {processor.py:830} INFO - Processing file /opt/airflow/dags/IA_Treino_Demanda_DAG.py for tasks to queue
[2026-08-24T23:53:20.037+0000] {logging_mixin.py:188} INFO - [2026-08-24T23:53:20.036+0000] {dagbag.py:545} INFO - Filling up the DagBag from /opt/airflow/dags/IA_Treino_Demanda_DAG.py
[2026-08-24T23:53:20.798+0000] {processor.py:840} INFO - DAG(s) 'Acougue_Previsao_Demanda' retrieved from /opt/airflow/dags/IA_Treino_Demanda_DAG.py
[2026-08-24T23:53:20.860+0000] {logging_mixin.py:188} INFO - [2026-08-24T23:53:20.859+0000] {dag.py:3096} INFO - Sync 1 DAGs
[2026-08-24T23:53:20.914+0000] {logging_mixin.py:188} INFO - [2026-08-24T23:53:20.913+0000] {dag.py:3954} INFO - Setting next_dagrun for Acougue_Previsao_Demanda to 2026-08-24 00:00:00+00:00, run_after=2026-08-25 00:00:00+00:00
[2026-08-24T23:53:20.955+0000] {processor.py:183} INFO - Processing /opt/airflow/dags/IA_Treino_Demanda_DAG.py took 0.937 seconds
[2026-08-24T23:53:51.192+0000] {processor.py:161} INFO - Started process (PID=1784) to work on /opt/airflow/dags/IA_Treino_Demanda_DAG.py
[2026-08-24T23:53:51.193+0000] {processor.py:830} INFO - Processing file /opt/airflow/dags/IA_Treino_Demanda_DAG.py for tasks to queue
[2026-08-24T23:53:51.195+0000] {logging_mixin.py:188} INFO - [2026-08-24T23:53:51.195+0000] {dagbag.py:545} INFO - Filling up the DagBag from /opt/airflow/dags/IA_Treino_Demanda_DAG.py
[2026-08-24T23:53:51.806+0000] {processor.py:840} INFO - DAG(s) 'Acougue_Previsao_Demanda' retrieved from /opt/airflow/dags/IA_Treino_Demanda_DAG.py
[2026-08-24T23:53:51.860+0000] {logging_mixin.py:188} INFO - [2026-08-24T23:53:51.859+0000] {dag.py:3096} INFO - Sync 1 DAGs
[2026-08-24T23:53:51.894+0000] {logging_mixin.py:188} INFO - [2026-08-24T23:53:51.894+0000] {dag.py:3954} INFO - Setting next_dagrun for Acougue_Previsao_Demanda to 2026-08-24 00:00:00+00:00, run_after=2026-08-25 00:00:00+00:00
[2026-08-24T23:53:51.915+0000] {processor.py:183} INFO - Processing /opt/airflow/dags/IA_Treino_Demanda_DAG.py took 0.733 seconds
[2026-08-24T23:54:22.741+0000] {processor.py:161} INFO - Started process (PID=1800) to work on /opt/airflow/dags/IA_Treino_Demanda_DAG.py
[2026-08-24T23:54:22.742+0000] {processor.py:830} INFO - Processing file /opt/airflow/dags/IA_Treino_Demanda_DAG.py for tasks to queue
[2026-08-24T23:54:22.748+0000] {logging_mixin.py:188} INFO - [2026-08-24T23:54:22.748+0000] {dagbag.py:545} INFO - Filling up the DagBag from /opt/airflow/dags/IA_Treino_Demanda_DAG.py
[2026-08-24T23:54:23.433+0000] {processor.py:840} INFO - DAG(s) 'Acougue_Previsao_Demanda' retrieved from /opt/airflow/dags/IA_Treino_Demanda_DAG.py
[2026-08-24T23:54:23.502+0000] {logging_mixin.py:188} INFO - [2026-08-24T23:54:23.501+0000] {dag.py:3096} INFO - Sync 1 DAGs
[2026-08-24T23:54:23.540+0000] {logging_mixin.py:188} INFO - [2026-08-24T23:54:23.539+0000] {dag.py:3954} INFO - Setting next_dagrun for Acougue_Previsao_Demanda to 2026-08-24 00:00:00+00:00, run_after=2026-08-25 00:00:00+00:00
[2026-08-24T23:54:23.566+0000] {processor.py:183} INFO - Processing /opt/airflow/dags/IA_Treino_Demanda_DAG.py took 0.833 seconds
[2026-08-24T23:54:53.705+0000] {processor.py:161} INFO - Started process (PID=1816) to work on /opt/airflow/dags/IA_Treino_Demanda_DAG.py
[2026-08-24T23:54:53.706+0000] {processor.py:830} INFO - Processing file /opt/airflow/dags/IA_Treino_Demanda_DAG.py for tasks to queue
[2026-08-24T23:54:53.708+0000] {logging_mixin.py:188} INFO - [2026-08-24T23:54:53.707+0000] {dagbag.py:545} INFO - Filling up the DagBag from /opt/airflow/dags/IA_Treino_Demanda_DAG.py
[2026-08-24T23:54:54.265+0000] {processor.py:840} INFO - DAG(s) 'Acougue_Previsao_Demanda' retrieved from /opt/airflow/dags/IA_Treino_Demanda_DAG.py
[2026-08-24T23:54:54.293+0000] {logging_mixin.py:188} INFO - [2026-08-24T23:54:54.292+0000] {dag.py:3096} INFO - Sync 1 DAGs
[2026-08-24T23:54:54.317+0000] {logging_mixin.py:188} INFO - [2026-08-24T23:54:54.317+0000] {dag.py:3954} INFO - Setting next_dagrun for Acougue_Previsao_Demanda to 2026-08-24 00:00:00+00:00, run_after=2026-08-25 00:00:00+00:00
[2026-08-24T23:54:54.335+0000] {processor.py:183} INFO - Processing /opt/airflow/dags/IA_Treino_Demanda_DAG.py took 0.639 seconds
[2026-08-24T23:55:24.618+0000] {processor.py:161} INFO - Started process (PID=1832) to work on /opt/airflow/dags/IA_Treino_Demanda_DAG.py
[2026-08-24T23:55:24.619+0000] {processor.py:830} INFO - Processing file /opt/airflow/dags/IA_Treino_Demanda_DAG.py for tasks to queue
[2026-08-24T23:55:24.622+0000] {logging_mixin.py:188} INFO - [2026-08-24T23:55:24.622+0000] {dagbag.py:545} INFO - Filling up the DagBag from /opt/airflow/dags/IA_Treino_Demanda_DAG.py
[2026-08-24T23:55:25.205+0000] {processor.py:840} INFO - DAG(s) 'Acougue_Previsao_Demanda' retrieved from /opt/airflow/dags/IA_Treino_Demanda_DAG.py
[2026-08-24T23:55:25.235+0000] {logging_mixin.py:188} INFO - [2026-08-24T23:55:25.235+0000] {dag.py:3096} INFO - Sync 1 DAGs
[2026-08-24T23:55:25.263+0000] {logging_mixin.py:188} INFO - [2026-08-24T23:55:25.263+0000] {dag.py:3954} INFO - Setting next_dagrun for Acougue_Previsao_Demanda to 2026-08-24 00:00:00+00:00, run_after=2026-08-25 00:00:00+00:00
[2026-08-24T23:55:25.282+0000] {processor.py:183} INFO - Processing /opt/airflow/dags/IA_Treino_Demanda_DAG.py took 0.675 seconds
[2026-08-24T23:55:55.505+0000] {processor.py:161} INFO - Started process (PID=1848) to work on /opt/airflow/dags/IA_Treino_Demanda_DAG.py
[2026-08-24T23:55:55.506+0000] {processor.py:830} INFO - Processing file /opt/airflow/dags/IA_Treino_Demanda_DAG.py for tasks to queue
[2026-08-24T23:55:55.509+0000] {logging_mixin.py:188} INFO - [2026-08-24T23:55:55.509+0000] {dagbag.py:545} INFO - Filling up the DagBag from /opt/airflow/dags/IA_Treino_Demanda_DAG.py
[2026-08-24T23:55:56.096+0000] {processor.py:840} INFO - DAG(s) 'Acougue_Previsao_Demanda' retrieved from /opt/airflow/dags/IA_Treino_Demanda_DAG.py
[2026-08-24T23:55:56.125+0000] {logging_mixin.py:188} INFO - [2026-08-24T23:55:56.125+0000] {dag.py:3096} INFO - Sync 1 DAGs
[2026-08-24T23:55:56.152+0000] {logging_mixin.py:188} INFO - [2026-08-24T23:55:56.152+0000] {dag.py:3954} INFO - Setting next_dagrun for Acougue_Previsao_Demanda to 2026-08-24 00:00:00+00:00, run_after=2026-08-25 00:00:00+00:00
[2026-08-24T23:55:56.169+0000] {processor.py:183} INFO - Processing /opt/airflow/dags/IA_Treino_Demanda_DAG.py took 0.673 seconds
[2026-08-24T23:56:26.235+0000] {processor.py:161} INFO - Started process (PID=1864) to work on /opt/airflow/dags/IA_Treino_Demanda_DAG.py
[2026-08-24T23:56:26.237+0000] {processor.py:830} INFO - Processing file /opt/airflow/dags/IA_Treino_Demanda_DAG.py for tasks to queue
[2026-08-24T23:56:26.239+0000] {logging_mixin.py:188} INFO - [2026-08-24T23:56:26.239+0000] {dagbag.py:545} INFO - Filling up the DagBag from /opt/airflow/dags/IA_Treino_Demanda_DAG.py
[2026-08-24T23:56:26.793+0000] {processor.py:840} INFO - DAG(s) 'Acougue_Previsao_Demanda' retrieved from /opt/airflow/dags/IA_Treino_Demanda_DAG.py
[2026-08-24T23:56:26.821+0000] {logging_mixin.py:188} INFO - [2026-08-24T23:56:26.820+0000] {dag.py:3096} INFO - Sync 1 DAGs
[2026-08-24T23:56:26.855+0000] {logging_mixin.py:188} INFO - [2026-08-24T23:56:26.855+0000] {dag.py:3954} INFO - Setting next_dagrun for Acougue_Previsao_Demanda to 2026-08-24 00:00:00+00:00, run_after=2026-08-25 00:00:00+00:00
[2026-08-24T23:56:26.878+0000] {processor.py:183} INFO - Processing /opt/airflow/dags/IA_Treino_Demanda_DAG.py took 0.651 seconds
[2026-08-24T23:56:57.106+0000] {processor.py:161} INFO - Started process (PID=1880) to work on /opt/airflow/dags/IA_Treino_Demanda_DAG.py
[2026-08-24T23:56:57.108+0000] {processor.py:830} INFO - Processing file /opt/airflow/dags/IA_Treino_Demanda_DAG.py for tasks to queue
[2026-08-24T23:56:57.109+0000] {logging_mixin.py:188} INFO - [2026-08-24T23:56:57.109+0000] {dagbag.py:545} INFO - Filling up the DagBag from /opt/airflow/dags/IA_Treino_Demanda_DAG.py
[2026-08-24T23:56:57.621+0000] {processor.py:840} INFO - DAG(s) 'Acougue_Previsao_Demanda' retrieved from /opt/airflow/dags/IA_Treino_Demanda_DAG.py
[2026-08-24T23:56:57.646+0000] {logging_mixin.py:188} INFO - [2026-08-24T23:56:57.645+0000] {dag.py:3096} INFO - Sync 1 DAGs
[2026-08-24T23:56:57.671+0000] {logging_mixin.py:188} INFO - [2026-08-24T23:56:57.671+0000] {dag.py:3954} INFO - Setting next_dagrun for Acougue_Previsao_Demanda to 2026-08-24 00:00:00+00:00, run_after=2026-08-25 00:00:00+00:00
[2026-08-24T23:56:57.691+0000] {processor.py:183} INFO - Processing /opt/airflow/dags/IA_Treino_Demanda_DAG.py took 0.593 seconds
[2026-08-24T23:57:27.954+0000] {processor.py:161} INFO - Started process (PID=1893) to work on /opt/airflow/dags/IA_Treino_Demanda_DAG.py
[2026-08-24T23:57:27.956+0000] {processor.py:830} INFO - Processing file /opt/airflow/dags/IA_Treino_Demanda_DAG.py for tasks to queue
[2026-08-24T23:57:27.958+0000] {logging_mixin.py:188} INFO - [2026-08-24T23:57:27.958+0000] {dagbag.py:545} INFO - Filling up the DagBag from /opt/airflow/dags/IA_Treino_Demanda_DAG.py
[2026-08-24T23:57:28.623+0000] {processor.py:840} INFO - DAG(s) 'Acougue_Previsao_Demanda' retrieved from /opt/airflow/dags/IA_Treino_Demanda_DAG.py
[2026-08-24T23:57:28.650+0000] {logging_mixin.py:188} INFO - [2026-08-24T23:57:28.650+0000] {dag.py:3096} INFO - Sync 1 DAGs
[2026-08-24T23:57:28.672+0000] {logging_mixin.py:188} INFO - [2026-08-24T23:57:28.671+0000] {dag.py:3954} INFO - Setting next_dagrun for Acougue_Previsao_Demanda to 2026-08-24 00:00:00+00:00, run_after=2026-08-25 00:00:00+00:00
[2026-08-24T23:57:28.688+0000] {processor.py:183} INFO - Processing /opt/airflow/dags/IA_Treino_Demanda_DAG.py took 0.753 seconds
[2026-08-24T23:57:58.818+0000] {processor.py:161} INFO - Started process (PID=1933) to work on /opt/airflow/dags/IA_Treino_Demanda_DAG.py
[2026-08-24T23:57:58.821+0000] {processor.py:830} INFO - Processing file /opt/airflow/dags/IA_Treino_Demanda_DAG.py for tasks to queue
[2026-08-24T23:57:58.825+0000] {logging_mixin.py:188} INFO - [2026-08-24T23:57:58.825+0000] {dagbag.py:545} INFO - Filling up the DagBag from /opt/airflow/dags/IA_Treino_Demanda_DAG.py
[2026-08-24T23:57:59.876+0000] {processor.py:840} INFO - DAG(s) 'Acougue_Previsao_Demanda' retrieved from /opt/airflow/dags/IA_Treino_Demanda_DAG.py
[2026-08-24T23:57:59.995+0000] {logging_mixin.py:188} INFO - [2026-08-24T23:57:59.994+0000] {dag.py:3096} INFO - Sync 1 DAGs
[2026-08-24T23:58:00.077+0000] {logging_mixin.py:188} INFO - [2026-08-24T23:58:00.076+0000] {dag.py:3954} INFO - Setting next_dagrun for Acougue_Previsao_Demanda to 2026-08-24 00:00:00+00:00, run_after=2026-08-25 00:00:00+00:00
[2026-08-24T23:58:00.176+0000] {processor.py:183} INFO - Processing /opt/airflow/dags/IA_Treino_Demanda_DAG.py took 1.378 seconds
[2026-08-24T23:58:30.640+0000] {processor.py:161} INFO - Started process (PID=1950) to work on /opt/airflow/dags/IA_Treino_Demanda_DAG.py
[2026-08-24T23:58:30.641+0000] {processor.py:830} INFO - Processing file /opt/airflow/dags/IA_Treino_Demanda_DAG.py for tasks to queue
[2026-08-24T23:58:30.643+0000] {logging_mixin.py:188} INFO - [2026-08-24T23:58:30.643+0000] {dagbag.py:545} INFO - Filling up the DagBag from /opt/airflow/dags/IA_Treino_Demanda_DAG.py
[2026-08-24T23:58:31.360+0000] {processor.py:840} INFO - DAG(s) 'Acougue_Previsao_Demanda' retrieved from /opt/airflow/dags/IA_Treino_Demanda_DAG.py
[2026-08-24T23:58:31.419+0000] {logging_mixin.py:188} INFO - [2026-08-24T23:58:31.418+0000] {dag.py:3096} INFO - Sync 1 DAGs
[2026-08-24T23:58:31.449+0000] {logging_mixin.py:188} INFO - [2026-08-24T23:58:31.449+0000] {dag.py:3954} INFO - Setting next_dagrun for Acougue_Previsao_Demanda to 2026-08-24 00:00:00+00:00, run_after=2026-08-25 00:00:00+00:00
[2026-08-24T23:58:31.479+0000] {processor.py:183} INFO - Processing /opt/airflow/dags/IA_Treino_Demanda_DAG.py took 0.849 seconds
[2026-08-24T23:59:02.439+0000] {processor.py:161} INFO - Started process (PID=1966) to work on /opt/airflow/dags/IA_Treino_Demanda_DAG.py
[2026-08-24T23:59:02.445+0000] {processor.py:830} INFO - Processing file /opt/airflow/dags/IA_Treino_Demanda_DAG.py for tasks to queue
[2026-08-24T23:59:02.449+0000] {logging_mixin.py:188} INFO - [2026-08-24T23:59:02.449+0000] {dagbag.py:545} INFO - Filling up the DagBag from /opt/airflow/dags/IA_Treino_Demanda_DAG.py
[2026-08-24T23:59:03.692+0000] {processor.py:840} INFO - DAG(s) 'Acougue_Previsao_Demanda' retrieved from /opt/airflow/dags/IA_Treino_Demanda_DAG.py
[2026-08-24T23:59:03.757+0000] {logging_mixin.py:188} INFO - [2026-08-24T23:59:03.755+0000] {dag.py:3096} INFO - Sync 1 DAGs
[2026-08-24T23:59:03.814+0000] {logging_mixin.py:188} INFO - [2026-08-24T23:59:03.814+0000] {dag.py:3954} INFO - Setting next_dagrun for Acougue_Previsao_Demanda to 2026-08-24 00:00:00+00:00, run_after=2026-08-25 00:00:00+00:00
[2026-08-24T23:59:03.867+0000] {processor.py:183} INFO - Processing /opt/airflow/dags/IA_Treino_Demanda_DAG.py took 1.451 seconds
[2026-08-24T23:59:34.704+0000] {processor.py:161} INFO - Started process (PID=1982) to work on /opt/airflow/dags/IA_Treino_Demanda_DAG.py
[2026-08-24T23:59:34.706+0000] {processor.py:830} INFO - Processing file /opt/airflow/dags/IA_Treino_Demanda_DAG.py for tasks to queue
[2026-08-24T23:59:34.708+0000] {logging_mixin.py:188} INFO - [2026-08-24T23:59:34.708+0000] {dagbag.py:545} INFO - Filling up the DagBag from /opt/airflow/dags/IA_Treino_Demanda_DAG.py
[2026-08-24T23:59:35.480+0000] {processor.py:840} INFO - DAG(s) 'Acougue_Previsao_Demanda' retrieved from /opt/airflow/dags/IA_Treino_Demanda_DAG.py
[2026-08-24T23:59:35.523+0000] {logging_mixin.py:188} INFO - [2026-08-24T23:59:35.522+0000] {dag.py:3096} INFO - Sync 1 DAGs
[2026-08-24T23:59:35.551+0000] {logging_mixin.py:188} INFO - [2026-08-24T23:59:35.550+0000] {dag.py:3954} INFO - Setting next_dagrun for Acougue_Previsao_Demanda to 2026-08-24 00:00:00+00:00, run_after=2026-08-25 00:00:00+00:00
[2026-08-24T23:59:35.589+0000] {processor.py:183} INFO - Processing /opt/airflow/dags/IA_Treino_Demanda_DAG.py took 0.899 seconds
